Дата продажи,Код номенклатуры,sales,returns,net_sales,avg_price
2026-01-05,218456964,2,0.0,2.0,401.0
2026-01-05,219033581,9,0.0,9.0,1928.0744444444442
2026-01-05,219037028,4,1.0,3.0,1968.055
2026-01-05,220783118,15,0.0,15.0,1955.3053333333335
2026-01-05,220783121,7,0.0,7.0,2090.0
2026-01-05,220783128,4,0.0,4.0,1880.0
2026-01-05,220783129,3,0.0,3.0,1924.0
2026-01-05,220796910,7,0.0,7.0,1076.4285714285713
2026-01-05,220796916,17,1.0,16.0,1184.0
2026-01-05,220796924,6,0.0,6.0,1116.0
2026-01-05,220796929,8,0.0,8.0,1052.0
2026-01-05,221216505,2,0.0,2.0,1861.0
2026-01-05,221216935,4,0.0,4.0,1858.0
2026-01-05,221217363,6,0.0,6.0,1138.9816666666668
2026-01-05,223302777,2,1.0,1.0,1076.0
2026-01-05,223615358,1,1.0,0.0,1865.0
2026-01-05,225505021,1,0.0,1.0,540.0
2026-01-05,248166626,21,1.0,20.0,1608.9819047619048
2026-01-05,248173261,10,0.0,10.0,1448.104
2026-01-05,248591628,2,0.0,2.0,1497.0
2026-01-05,248591629,2,0.0,2.0,1848.0
2026-01-05,248639013,23,2.0,21.0,1501.0039130434782
2026-01-05,251889892,5,0.0,5.0,1496.0
2026-01-05,253236688,10,0.0,10.0,1939.2
2026-01-05,253237666,19,0.0,19.0,2000.608947368421
2026-01-05,258834337,88,1.0,87.0,1153.5992045454545
2026-01-05,258834339,1,0.0,1.0,1118.0
2026-01-05,258836990,66,0.0,66.0,1155.856119402985
2026-01-05,258836991,7,0.0,7.0,1702.0
2026-01-05,258850894,73,0.0,73.0,682.6126027397261
2026-01-05,262595711,20,0.0,20.0,1164.999
2026-01-05,262595712,1,0.0,1.0,1726.0
2026-01-05,262596137,21,0.0,21.0,1208.7142857142858
2026-01-05,262596138,5,0.0,5.0,1665.0
2026-01-05,273080437,1,0.0,1.0,1130.0
2026-01-05,278278778,13,0.0,13.0,1818.9285714285713
2026-01-05,278837827,3,0.0,3.0,980.0
2026-01-05,279005801,2,0.0,2.0,1925.0
2026-01-05,279007387,3,0.0,3.0,1925.0
2026-01-05,296818633,19,2.0,17.0,1158.9910526315791
2026-01-05,300294506,2,0.0,2.0,1463.0
2026-01-05,300294507,4,0.0,4.0,1200.0
2026-01-05,316614621,2,0.0,2.0,520.0
2026-01-05,331575074,2,1.0,1.0,1040.0
2026-01-05,337308569,7,0.0,7.0,1339.0342857142857
2026-01-05,366760796,1,0.0,1.0,431.0
2026-01-05,366813879,1,0.0,1.0,751.62
2026-01-05,366813884,10,0.0,10.0,396.09499999999997
2026-01-05,366813888,1,0.0,1.0,517.0
2026-01-05,366813891,2,0.0,2.0,429.0
2026-01-05,366813893,1,0.0,1.0,447.9
2026-01-05,366813897,1,0.0,1.0,372.0
2026-01-05,366822992,2,0.0,2.0,389.5
2026-01-05,366822994,1,0.0,1.0,416.0
2026-01-05,366822996,3,0.0,3.0,501.29333333333335
2026-01-05,370413854,3,0.0,3.0,926.0
2026-01-05,377242345,5,0.0,5.0,529.0
2026-01-05,384494968,2,0.0,2.0,750.0
2026-01-05,412079857,1,0.0,1.0,592.0
2026-01-05,444461581,14,0.0,14.0,1828.9442857142858
2026-01-05,462878720,1,0.0,1.0,741.0
2026-01-05,467007550,2,0.0,2.0,1539.95
2026-01-05,468506772,4,0.0,4.0,1602.0
2026-01-05,468506773,2,0.0,2.0,1785.0
2026-01-05,471342171,3,0.0,3.0,2928.023333333333
2026-01-05,474397318,16,1.0,15.0,1784.975
2026-01-05,474629420,17,0.0,17.0,1607.5
2026-01-05,475748707,1,0.0,1.0,1601.0
2026-01-05,475759397,14,3.0,11.0,1803.0
2026-01-05,480012919,1,0.0,1.0,972.02
2026-01-05,504801009,22,6.0,16.0,952.2718181818182
2026-01-05,516856408,14,2.0,12.0,2327.0
2026-01-05,516856409,3,0.0,3.0,1846.1033333333332
2026-01-05,528912182,42,0.0,42.0,1314.0
2026-01-05,528912186,35,0.0,35.0,1168.6544736842106
2026-01-05,528912198,27,0.0,27.0,556.6385185185185
2026-01-05,541096165,1,1.0,0.0,2242.0
2026-01-05,541096166,10,1.0,9.0,2280.0
2026-01-05,541096167,6,0.0,6.0,1740.0
2026-01-05,549254419,18,0.0,18.0,1632.0005555555554
2026-01-05,585840779,2,0.0,2.0,1175.975
2026-01-05,585840780,7,0.0,7.0,976.8857142857142
2026-01-05,585840782,3,0.0,3.0,1000.0
2026-01-05,585840783,15,0.0,15.0,949.9979999999999
2026-01-05,649988707,10,0.0,10.0,2069.991
2026-01-05,681642682,1,0.0,1.0,2100.0
2026-01-05,724729234,1,0.0,1.0,2160.0
2026-01-06,219033581,8,0.0,8.0,1924.25
2026-01-06,219037028,2,1.0,1.0,1988.5
2026-01-06,220673471,1,0.0,1.0,2337.0
2026-01-06,220783118,18,0.0,18.0,1927.0283333333334
2026-01-06,220783121,2,0.0,2.0,2090.0
2026-01-06,220783128,7,0.0,7.0,1914.2857142857142
2026-01-06,220796910,3,1.0,2.0,1085.0
2026-01-06,220796916,24,1.0,23.0,1159.3310416666668
2026-01-06,220796924,10,0.0,10.0,1116.0
2026-01-06,220796929,9,0.0,9.0,1052.0422222222223
2026-01-06,221216505,2,0.0,2.0,1861.065
2026-01-06,221216935,2,1.0,1.0,1858.0
2026-01-06,221217363,7,0.0,7.0,1139.0
2026-01-06,223302777,8,0.0,8.0,1076.13625
2026-01-06,223611903,2,0.0,2.0,1680.0
2026-01-06,223615358,4,0.0,4.0,1865.0
2026-01-06,247803776,1,0.0,1.0,986.0
2026-01-06,248166626,18,0.0,18.0,1613.2038888888887
2026-01-06,248173261,17,3.0,14.0,1376.0
2026-01-06,248591628,4,0.0,4.0,1496.8775
2026-01-06,248591629,2,0.0,2.0,1848.0
2026-01-06,248639013,17,1.0,16.0,1586.894117647059
2026-01-06,248639014,2,0.0,2.0,742.5
2026-01-06,251889892,5,0.0,5.0,1478.0
2026-01-06,253236688,7,0.0,7.0,1974.8585714285714
2026-01-06,253237666,15,0.0,15.0,2013.4666666666667
2026-01-06,258834337,102,0.0,102.0,1129.579411764706
2026-01-06,258836990,90,0.0,90.0,1141.6586813186814
2026-01-06,258850894,67,0.0,67.0,680.0844776119402
2026-01-06,258850896,1,0.0,1.0,1210.0
2026-01-06,262595711,18,0.0,18.0,1134.2766666666666
2026-01-06,262595712,3,0.0,3.0,1726.0
2026-01-06,262596137,27,0.0,27.0,1215.817037037037
2026-01-06,262596138,8,0.0,8.0,1665.0
2026-01-06,266671578,1,0.0,1.0,1147.0
2026-01-06,273080437,1,0.0,1.0,1130.0
2026-01-06,278278778,10,0.0,10.0,1991.0
2026-01-06,279005801,3,0.0,3.0,1925.0
2026-01-06,279007387,1,0.0,1.0,1925.0
2026-01-06,296818633,22,1.0,21.0,1159.010909090909
2026-01-06,300294506,9,2.0,7.0,1463.0
2026-01-06,300294507,3,0.0,3.0,1200.0
2026-01-06,316614615,1,0.0,1.0,560.35
2026-01-06,331575074,1,0.0,1.0,1040.0
2026-01-06,337308569,1,0.0,1.0,1339.0
2026-01-06,366760796,1,0.0,1.0,431.0
2026-01-06,366813879,1,0.0,1.0,751.64
2026-01-06,366813884,5,1.0,4.0,396.0
2026-01-06,366813893,1,0.0,1.0,448.0
2026-01-06,366822992,5,0.0,5.0,405.9
2026-01-06,366822996,3,0.0,3.0,484.3
2026-01-06,370413854,4,0.0,4.0,926.0
2026-01-06,377242343,1,0.0,1.0,424.99
2026-01-06,377242345,4,0.0,4.0,529.0
2026-01-06,384494968,4,0.0,4.0,750.0
2026-01-06,412079857,1,0.0,1.0,591.37
2026-01-06,444461581,22,1.0,21.0,1668.8636363636363
2026-01-06,467007550,5,0.0,5.0,1540.096
2026-01-06,468506772,4,0.0,4.0,1201.5
2026-01-06,468506773,3,0.0,3.0,1784.8666666666668
2026-01-06,471342171,5,2.0,3.0,2928.0
2026-01-06,474397318,17,2.0,15.0,1469.9735294117647
2026-01-06,474629420,11,0.0,11.0,1554.6272727272728
2026-01-06,475748707,2,0.0,2.0,1600.435
2026-01-06,475759397,12,1.0,11.0,1652.6983333333335
2026-01-06,480012919,1,1.0,0.0,972.0
2026-01-06,488493915,2,0.0,2.0,2097.875
2026-01-06,504801009,15,2.0,13.0,953.3566666666667
2026-01-06,516856408,18,1.0,17.0,2197.722222222222
2026-01-06,516856409,7,0.0,7.0,263.7142857142857
2026-01-06,528912182,59,0.0,59.0,1289.2721666666666
2026-01-06,528912186,47,0.0,47.0,1236.7551063829787
2026-01-06,528912198,40,0.0,40.0,567.2
2026-01-06,541096165,7,0.0,7.0,1601.4285714285713
2026-01-06,541096166,8,0.0,8.0,2280.0
2026-01-06,541096167,4,0.0,4.0,1739.99
2026-01-06,549254419,33,0.0,33.0,1632.020303030303
2026-01-06,585840779,1,0.0,1.0,1176.0
2026-01-06,585840780,8,2.0,6.0,976.95625
2026-01-06,585840782,3,0.0,3.0,1000.0
2026-01-06,585840783,9,0.0,9.0,950.0
2026-01-06,649988707,6,0.0,6.0,2066.6666666666665
2026-01-06,681642682,3,0.0,3.0,2000.0
2026-01-06,724729234,3,0.0,3.0,2160.0
2026-01-07,218456964,1,0.0,1.0,401.0
2026-01-07,219033581,6,0.0,6.0,1922.0
2026-01-07,219037028,1,0.0,1.0,2009.0
2026-01-07,220783118,12,0.0,12.0,1987.0825000000002
2026-01-07,220783121,1,0.0,1.0,2090.0
2026-01-07,220783128,7,0.0,7.0,1891.4342857142858
2026-01-07,220796910,4,0.0,4.0,1085.0
2026-01-07,220796916,15,0.0,15.0,1183.9853333333333
2026-01-07,220796924,6,0.0,6.0,1116.0
2026-01-07,220796929,10,0.0,10.0,1052.038
2026-01-07,221216505,3,0.0,3.0,1861.0
2026-01-07,221216935,3,0.0,3.0,1858.0
2026-01-07,221217363,7,0.0,7.0,1138.9957142857143
2026-01-07,223302777,5,0.0,5.0,1076.0
2026-01-07,223611903,2,0.0,2.0,1680.0
2026-01-07,223615358,1,0.0,1.0,1865.0
2026-01-07,247803776,1,0.0,1.0,986.0
2026-01-07,248166626,9,0.0,9.0,1463.3
2026-01-07,248173261,10,0.0,10.0,1455.627
2026-01-07,248591628,2,0.0,2.0,1497.0
2026-01-07,248591629,2,0.0,2.0,1848.0
2026-01-07,248639013,25,0.0,25.0,1620.48
2026-01-07,251889892,2,0.0,2.0,1523.0
2026-01-07,251889894,4,1.0,3.0,1538.6
2026-01-07,253236688,11,0.0,11.0,1823.99
2026-01-07,253237666,13,0.0,13.0,2010.856923076923
2026-01-07,258834337,71,0.0,71.0,1037.1719178082192
2026-01-07,258834339,6,0.0,6.0,1222.1666666666667
2026-01-07,258836990,63,0.0,63.0,1097.36953125
2026-01-07,258836991,4,0.0,4.0,1703.965
2026-01-07,258850894,43,0.0,43.0,659.4772727272727
2026-01-07,258850896,1,0.0,1.0,1210.0
2026-01-07,262595711,14,0.0,14.0,1044.732
2026-01-07,262596137,21,0.0,21.0,1189.0061904761906
2026-01-07,262596138,3,0.0,3.0,1665.0
2026-01-07,273080437,1,0.0,1.0,1130.0
2026-01-07,278278778,16,0.0,16.0,2014.375
2026-01-07,278837827,1,2.0,-1.0,980.0
2026-01-07,296818633,18,0.0,18.0,1159.0
2026-01-07,300294506,1,1.0,0.0,1538.0
2026-01-07,300294507,2,1.0,1.0,1238.5
2026-01-07,316614614,1,0.0,1.0,507.0
2026-01-07,337308569,7,1.0,6.0,1397.8742857142856
2026-01-07,366813884,5,0.0,5.0,396.084
2026-01-07,366822992,3,0.0,3.0,403.1666666666667
2026-01-07,366822994,2,0.0,2.0,416.0
2026-01-07,370413854,3,0.0,3.0,925.8933333333333
2026-01-07,377242345,7,0.0,7.0,462.875
2026-01-07,384494968,1,0.0,1.0,750.0
2026-01-07,384494969,2,0.0,2.0,798.0
2026-01-07,412077130,1,0.0,1.0,534.0
2026-01-07,444461581,9,2.0,7.0,1880.741111111111
2026-01-07,451093485,1,0.0,1.0,738.0
2026-01-07,467007550,3,1.0,2.0,1540.0
2026-01-07,468506772,1,0.0,1.0,1602.0
2026-01-07,468506773,1,0.0,1.0,1785.0
2026-01-07,471342171,2,1.0,1.0,2928.0
2026-01-07,474397318,20,0.0,20.0,1784.997
2026-01-07,474629420,9,1.0,8.0,1725.0
2026-01-07,475748707,1,0.0,1.0,1601.0
2026-01-07,475759397,9,0.0,9.0,1802.9311111111112
2026-01-07,488493915,2,0.0,2.0,2098.2
2026-01-07,504801009,13,1.0,12.0,949.9953846153846
2026-01-07,516856408,13,0.0,13.0,2327.0
2026-01-07,516856409,8,0.0,8.0,1846.03875
2026-01-07,528912182,44,0.0,44.0,1300.7272727272727
2026-01-07,528912186,30,0.0,30.0,1171.1636666666668
2026-01-07,528912198,26,0.0,26.0,541.1415384615385
2026-01-07,541096165,3,0.0,3.0,2242.0
2026-01-07,541096166,4,1.0,3.0,2280.0
2026-01-07,541096167,3,0.0,3.0,1740.0
2026-01-07,549254419,28,0.0,28.0,1632.0542857142857
2026-01-07,585840779,1,0.0,1.0,1176.0
2026-01-07,585840780,6,0.0,6.0,976.835
2026-01-07,585840782,5,0.0,5.0,1000.0
2026-01-07,585840783,7,0.0,7.0,949.9957142857144
2026-01-07,649988707,9,0.0,9.0,2077.777777777778
2026-01-07,681642682,2,0.0,2.0,2000.0
2026-01-07,724729234,2,0.0,2.0,2160.0
2026-01-08,218456964,2,0.0,2.0,401.0
2026-01-08,219033581,8,0.0,8.0,1937.75
2026-01-08,220783118,13,0.0,13.0,1867.152857142857
2026-01-08,220783121,3,0.0,3.0,1567.5
2026-01-08,220783128,6,0.0,6.0,1960.0
2026-01-08,220796910,4,0.0,4.0,1084.9975
2026-01-08,220796916,18,0.0,18.0,1183.9955555555555
2026-01-08,220796924,10,0.0,10.0,1115.9959999999999
2026-01-08,220796929,5,0.0,5.0,1052.0
2026-01-08,221216505,1,0.0,1.0,1861.0
2026-01-08,221216935,4,0.0,4.0,1858.0
2026-01-08,221217363,6,0.0,6.0,1139.0
2026-01-08,223302777,12,0.0,12.0,1075.985
2026-01-08,223611903,1,0.0,1.0,1680.0
2026-01-08,247803776,1,0.0,1.0,986.0
2026-01-08,248166626,9,0.0,9.0,1659.6666666666667
2026-01-08,248173261,12,0.0,12.0,1473.3908333333331
2026-01-08,248591628,4,0.0,4.0,1624.5
2026-01-08,248591629,3,0.0,3.0,1959.9766666666667
2026-01-08,248639013,26,1.0,25.0,1721.0584615384614
2026-01-08,248639014,1,0.0,1.0,1485.0
2026-01-08,251889892,6,0.0,6.0,1508.0316666666668
2026-01-08,251889894,3,0.0,3.0,1955.0
2026-01-08,253236688,4,0.0,4.0,1944.0
2026-01-08,253237666,13,0.0,13.0,2015.7084615384615
2026-01-08,258834337,73,0.0,73.0,1070.1794594594594
2026-01-08,258834339,2,0.0,2.0,1118.0
2026-01-08,258836990,50,0.0,50.0,1102.6112
2026-01-08,258836991,1,0.0,1.0,1702.0
2026-01-08,258850894,38,0.0,38.0,676.9064102564103
2026-01-08,262595711,16,0.0,16.0,1121.875
2026-01-08,262596137,11,0.0,11.0,1189.000909090909
2026-01-08,262596138,5,0.0,5.0,1665.0
2026-01-08,273080436,1,0.0,1.0,1069.0
2026-01-08,278278778,10,0.0,10.0,1979.9959999999999
2026-01-08,278837544,1,0.0,1.0,1187.0
2026-01-08,279007387,1,0.0,1.0,1925.0
2026-01-08,296818633,11,2.0,9.0,1159.020909090909
2026-01-08,300294506,3,0.0,3.0,1512.8500000000001
2026-01-08,300294507,3,0.0,3.0,1200.0
2026-01-08,315032004,1,0.0,1.0,860.0
2026-01-08,316614621,1,0.0,1.0,520.0
2026-01-08,331575073,1,0.0,1.0,524.0
2026-01-08,337308569,5,0.0,5.0,1503.8
2026-01-08,366813884,13,0.0,13.0,396.0
2026-01-08,366813891,1,0.0,1.0,429.0
2026-01-08,366822992,3,0.0,3.0,403.1666666666667
2026-01-08,366822994,2,0.0,2.0,416.185
2026-01-08,377242343,1,0.0,1.0,424.92
2026-01-08,377242345,4,0.0,4.0,529.0
2026-01-08,384494968,3,0.0,3.0,750.0
2026-01-08,384494969,1,0.0,1.0,798.0
2026-01-08,412079855,1,0.0,1.0,585.81
2026-01-08,444461581,20,1.0,19.0,1872.5349999999999
2026-01-08,467007550,2,0.0,2.0,1539.95
2026-01-08,468506772,2,0.0,2.0,1602.0
2026-01-08,468506773,1,0.0,1.0,1785.0
2026-01-08,471342171,3,0.0,3.0,2928.0
2026-01-08,474397318,20,0.0,20.0,1785.0
2026-01-08,474629420,10,0.0,10.0,1718.9950000000001
2026-01-08,475748707,1,0.0,1.0,1601.0
2026-01-08,475759397,14,0.0,14.0,1802.9542857142858
2026-01-08,504801009,6,3.0,3.0,950.0
2026-01-08,516856408,10,2.0,8.0,2327.0
2026-01-08,516856409,2,0.0,2.0,1846.0
2026-01-08,528912182,31,0.0,31.0,1245.7093548387097
2026-01-08,528912186,22,2.0,20.0,1124.6563636363635
2026-01-08,528912198,15,0.0,15.0,536.0146666666667
2026-01-08,541096165,2,0.0,2.0,2242.0
2026-01-08,541096166,12,0.0,12.0,2279.994166666667
2026-01-08,541096167,6,1.0,5.0,1740.0
2026-01-08,549254419,21,1.0,20.0,1632.0
2026-01-08,585840779,1,0.0,1.0,1176.0
2026-01-08,585840780,3,0.0,3.0,977.0
2026-01-08,585840782,3,0.0,3.0,1000.0
2026-01-08,585840783,4,0.0,4.0,950.0
2026-01-08,649988707,6,0.0,6.0,2100.0
2026-01-08,724729234,1,0.0,1.0,2160.0
2026-01-09,218456964,3,0.0,3.0,401.00333333333333
2026-01-09,219033581,3,0.0,3.0,1958.0
2026-01-09,219037028,3,0.0,3.0,1995.3333333333333
2026-01-09,220457414,1,0.0,1.0,280.0
2026-01-09,220783118,8,0.0,8.0,2040.01
2026-01-09,220783121,2,0.0,2.0,2090.0
2026-01-09,220783128,5,0.0,5.0,1960.0080000000003
2026-01-09,220783129,1,0.0,1.0,1924.0
2026-01-09,220796910,2,0.0,2.0,1085.0
2026-01-09,220796916,16,0.0,16.0,1183.993125
2026-01-09,220796924,16,0.0,16.0,1116.0
2026-01-09,220796929,7,0.0,7.0,1052.0
2026-01-09,221216505,1,0.0,1.0,1861.0
2026-01-09,221216935,7,0.0,7.0,1858.0628571428572
2026-01-09,221217363,9,0.0,9.0,1139.0
2026-01-09,223302777,5,1.0,4.0,1076.0
2026-01-09,223609980,1,0.0,1.0,1110.0
2026-01-09,223611903,1,0.0,1.0,1680.0
2026-01-09,223615358,1,0.0,1.0,1865.0
2026-01-09,225497817,1,0.0,1.0,417.0
2026-01-09,247803776,4,0.0,4.0,986.0
2026-01-09,248166626,15,0.0,15.0,1644.4193333333335
2026-01-09,248173261,14,0.0,14.0,1491.4285714285713
2026-01-09,248591628,5,0.0,5.0,1548.0
2026-01-09,248639013,23,0.0,23.0,1718.7421739130434
2026-01-09,251889892,3,1.0,2.0,1508.0
2026-01-09,251889894,3,0.0,3.0,1912.6666666666667
2026-01-09,253236688,3,0.0,3.0,2016.0
2026-01-09,253237666,11,0.0,11.0,2024.3245454545454
2026-01-09,258834337,58,0.0,58.0,1065.8891379310344
2026-01-09,258834339,4,0.0,4.0,1272.3975
2026-01-09,258836990,56,0.0,56.0,1076.3755357142857
2026-01-09,258836991,2,0.0,2.0,1702.0
2026-01-09,258850894,29,0.0,29.0,643.7919999999999
2026-01-09,262595711,16,0.0,16.0,1118.9375
2026-01-09,262595712,1,0.0,1.0,1726.0
2026-01-09,262596137,13,0.0,13.0,1189.0
2026-01-09,262596138,4,0.0,4.0,1665.0
2026-01-09,278278778,9,0.0,9.0,1986.111111111111
2026-01-09,278837827,1,0.0,1.0,980.0
2026-01-09,279005801,1,0.0,1.0,1925.0
2026-01-09,296818633,14,0.0,14.0,1158.9878571428571
2026-01-09,300294506,3,0.0,3.0,1538.0
2026-01-09,300294507,4,1.0,3.0,1219.085
2026-01-09,331575075,1,0.0,1.0,1047.0
2026-01-09,337308569,4,0.0,4.0,1545.0
2026-01-09,366760796,2,0.0,2.0,431.0
2026-01-09,366813879,1,0.0,1.0,752.0
2026-01-09,366813884,13,1.0,12.0,396.0
2026-01-09,366813891,2,0.0,2.0,429.0
2026-01-09,366813893,1,0.0,1.0,448.0
2026-01-09,366813897,1,0.0,1.0,372.0
2026-01-09,366822992,3,0.0,3.0,403.1666666666667
2026-01-09,366822994,2,0.0,2.0,416.0
2026-01-09,366822996,3,0.0,3.0,492.65000000000003
2026-01-09,370413854,3,0.0,3.0,925.9033333333333
2026-01-09,377242345,4,0.0,4.0,529.0
2026-01-09,377242549,2,0.0,2.0,901.755
2026-01-09,398499015,1,0.0,1.0,600.0
2026-01-09,444461581,12,2.0,10.0,1895.25
2026-01-09,467007550,3,0.0,3.0,1540.0
2026-01-09,468506772,1,0.0,1.0,1602.15
2026-01-09,468506773,3,0.0,3.0,1785.0
2026-01-09,471342171,6,0.0,6.0,2928.03
2026-01-09,474397318,18,1.0,17.0,1784.9777777777776
2026-01-09,474629420,9,0.0,9.0,1744.9944444444445
2026-01-09,475759397,17,2.0,15.0,1803.0
2026-01-09,488493915,2,0.0,2.0,2098.0
2026-01-09,504801009,13,0.0,13.0,957.6923076923077
2026-01-09,516856408,16,1.0,15.0,2326.971875
2026-01-09,528912182,41,0.0,41.0,1224.7831707317073
2026-01-09,528912186,27,0.0,27.0,1096.2014814814813
2026-01-09,528912198,20,0.0,20.0,539.35
2026-01-09,541096165,2,0.0,2.0,2242.26
2026-01-09,541096166,4,1.0,3.0,2279.9674999999997
2026-01-09,541096167,3,0.0,3.0,1740.0
2026-01-09,549254419,9,1.0,8.0,1632.0
2026-01-09,585840780,3,0.0,3.0,977.0
2026-01-09,585840782,2,1.0,1.0,1000.0
2026-01-09,585840783,5,0.0,5.0,950.0020000000001
2026-01-09,649988707,7,0.0,7.0,2043.0742857142857
2026-01-09,681642682,3,0.0,3.0,2100.0
2026-01-09,724729234,3,0.0,3.0,2160.0
2026-01-10,218456964,4,1.0,3.0,401.12
2026-01-10,219033581,6,0.0,6.0,1949.0
2026-01-10,220783118,3,1.0,2.0,1997.6666666666667
2026-01-10,220783121,5,0.0,5.0,2090.0
2026-01-10,220783128,7,0.0,7.0,1937.1371428571426
2026-01-10,220796910,7,0.0,7.0,949.375
2026-01-10,220796916,9,2.0,7.0,1065.611
2026-01-10,220796924,13,1.0,12.0,1116.0
2026-01-10,220796929,6,0.0,6.0,1052.0
2026-01-10,221216505,1,0.0,1.0,1861.0
2026-01-10,221216935,1,0.0,1.0,1858.0
2026-01-10,221217363,8,0.0,8.0,1139.0
2026-01-10,223302777,3,0.0,3.0,1076.0
2026-01-10,223611903,2,0.0,2.0,1680.0
2026-01-10,247803776,3,0.0,3.0,986.2333333333332
2026-01-10,248166626,17,0.0,17.0,1671.5882352941176
2026-01-10,248173261,11,0.0,11.0,1496.388181818182
2026-01-10,248591628,5,0.0,5.0,1701.0
2026-01-10,248591629,1,0.0,1.0,2016.0
2026-01-10,248639013,25,1.0,24.0,1729.692
2026-01-10,248639014,1,0.0,1.0,1485.0
2026-01-10,251889894,6,0.0,6.0,1954.9866666666667
2026-01-10,253236688,4,0.0,4.0,1992.0
2026-01-10,253237666,14,0.0,14.0,2021.142857142857
2026-01-10,258834337,52,1.0,51.0,1036.784716981132
2026-01-10,258834339,1,0.0,1.0,1118.0
2026-01-10,258836990,49,2.0,47.0,1108.6844897959184
2026-01-10,258836991,1,0.0,1.0,1702.0
2026-01-10,258850894,40,0.0,40.0,672.956
2026-01-10,262595711,15,0.0,15.0,1046.25
2026-01-10,262596137,15,2.0,13.0,1189.0
2026-01-10,262596138,2,0.0,2.0,1665.0
2026-01-10,266671578,3,0.0,3.0,1147.0
2026-01-10,278278778,5,0.0,5.0,2013.282
2026-01-10,278837827,3,0.0,3.0,979.8299999999999
2026-01-10,296818633,8,1.0,7.0,1159.0
2026-01-10,300294506,4,0.0,4.0,1481.75
2026-01-10,300294507,6,0.0,6.0,1277.0
2026-01-10,316614621,1,0.0,1.0,520.0
2026-01-10,331575070,1,0.0,1.0,882.0
2026-01-10,331575074,1,0.0,1.0,1040.0
2026-01-10,337308569,5,1.0,4.0,1462.6
2026-01-10,366813879,2,1.0,1.0,752.0
2026-01-10,366813884,10,0.0,10.0,396.015
2026-01-10,366813891,3,0.0,3.0,429.0
2026-01-10,366813893,1,0.0,1.0,448.0
2026-01-10,366813897,1,0.0,1.0,372.0
2026-01-10,366822992,1,0.0,1.0,410.0
2026-01-10,366822994,1,0.0,1.0,416.0
2026-01-10,366822996,3,0.0,3.0,501.0
2026-01-10,370413854,2,0.0,2.0,926.0
2026-01-10,377242343,1,0.0,1.0,425.0
2026-01-10,377242345,7,0.0,7.0,529.0
2026-01-10,377242549,1,0.0,1.0,902.0
2026-01-10,384494969,2,0.0,2.0,798.0
2026-01-10,444461581,19,1.0,18.0,1887.4484210526314
2026-01-10,467007550,1,0.0,1.0,1540.0
2026-01-10,468506772,3,0.0,3.0,1602.0
2026-01-10,471342171,3,0.0,3.0,2928.0
2026-01-10,474397318,28,0.0,28.0,1723.4206896551723
2026-01-10,474629420,13,0.0,13.0,1727.3076923076924
2026-01-10,475748707,4,0.0,4.0,1601.0
2026-01-10,475759397,17,0.0,17.0,1802.890588235294
2026-01-10,480012919,2,0.0,2.0,972.0
2026-01-10,504801009,10,1.0,9.0,950.0
2026-01-10,516856408,24,0.0,24.0,2327.0
2026-01-10,516856409,1,0.0,1.0,1846.0
2026-01-10,528912182,27,0.0,27.0,1146.3696296296296
2026-01-10,528912186,29,0.0,29.0,1087.4103448275862
2026-01-10,528912198,22,2.0,20.0,564.3654545454546
2026-01-10,541096165,4,0.0,4.0,2242.0
2026-01-10,541096166,5,1.0,4.0,1899.9883333333335
2026-01-10,541096167,2,0.0,2.0,1740.0
2026-01-10,549254419,21,0.0,21.0,1632.002857142857
2026-01-10,585840780,3,1.0,2.0,976.7666666666668
2026-01-10,585840782,3,0.0,3.0,1000.0300000000001
2026-01-10,585840783,1,2.0,-1.0,950.0
2026-01-10,649988707,8,0.0,8.0,2087.5
2026-01-10,681642682,3,0.0,3.0,2100.0
2026-01-10,724729234,3,0.0,3.0,2160.0
2026-01-11,218456964,2,0.0,2.0,401.0
2026-01-11,218467926,1,0.0,1.0,516.0
2026-01-11,219033581,5,0.0,5.0,1958.0
2026-01-11,219037028,3,0.0,3.0,2009.0
2026-01-11,220783118,9,0.0,9.0,2025.888888888889
2026-01-11,220783121,3,0.0,3.0,2090.0
2026-01-11,220783128,3,0.0,3.0,1960.0
2026-01-11,220783129,1,0.0,1.0,1924.0
2026-01-11,220796910,5,0.0,5.0,1085.0
2026-01-11,220796916,18,0.0,18.0,1183.9877777777776
2026-01-11,220796924,17,0.0,17.0,1108.6964705882353
2026-01-11,220796929,8,0.0,8.0,1052.0
2026-01-11,221216505,1,0.0,1.0,1861.0
2026-01-11,221216935,5,0.0,5.0,1858.0
2026-01-11,221217363,9,0.0,9.0,1138.9877777777776
2026-01-11,223302777,7,0.0,7.0,1076.0
2026-01-11,223611903,2,0.0,2.0,1680.0
2026-01-11,247803776,4,0.0,4.0,986.0875
2026-01-11,248166626,33,0.0,33.0,1675.7763636363636
2026-01-11,248173261,21,1.0,20.0,1513.4238095238095
2026-01-11,248591628,7,1.0,6.0,1715.57
2026-01-11,248591629,3,0.0,3.0,2016.0
2026-01-11,248639013,22,0.0,22.0,1787.6122727272727
2026-01-11,251889892,6,0.0,6.0,1299.0
2026-01-11,251889894,7,0.0,7.0,1954.9885714285715
2026-01-11,253236688,7,0.0,7.0,1764.0
2026-01-11,253237666,9,0.0,9.0,2030.0
2026-01-11,258834337,58,3.0,55.0,1025.332372881356
2026-01-11,258834339,3,0.0,3.0,1326.3333333333333
2026-01-11,258836990,44,1.0,43.0,1053.4433333333332
2026-01-11,258836991,6,0.0,6.0,1702.0
2026-01-11,258850894,29,2.0,27.0,666.0110344827586
2026-01-11,262595711,11,1.0,10.0,1116.0
2026-01-11,262595712,2,0.0,2.0,1726.0
2026-01-11,262596137,8,0.0,8.0,1189.0
2026-01-11,262596138,3,1.0,2.0,1665.0
2026-01-11,278278778,11,0.0,11.0,2035.0
2026-01-11,278837827,1,1.0,0.0,980.0
2026-01-11,279005801,1,0.0,1.0,1925.0
2026-01-11,296818633,11,3.0,8.0,1159.0
2026-01-11,300294506,6,1.0,5.0,1500.5
2026-01-11,300294507,4,1.0,3.0,1257.75
2026-01-11,331575070,3,0.0,3.0,882.0
2026-01-11,331575074,4,0.0,4.0,1040.0
2026-01-11,331575075,1,0.0,1.0,1047.0
2026-01-11,337308569,6,0.0,6.0,1510.6866666666665
2026-01-11,366813884,6,0.0,6.0,396.0
2026-01-11,366813891,1,0.0,1.0,429.0
2026-01-11,366813893,2,0.0,2.0,448.0
2026-01-11,366813897,1,0.0,1.0,372.0
2026-01-11,366822992,2,0.0,2.0,399.75
2026-01-11,366822996,4,0.0,4.0,494.7375
2026-01-11,370413854,2,0.0,2.0,926.0
2026-01-11,377242343,1,0.0,1.0,425.0
2026-01-11,377242345,9,0.0,9.0,529.0322222222222
2026-01-11,377242549,1,0.0,1.0,901.46
2026-01-11,384494968,1,0.0,1.0,750.0
2026-01-11,444461581,20,0.0,20.0,1898.8020000000001
2026-01-11,462878720,1,0.0,1.0,740.79
2026-01-11,467007550,2,1.0,1.0,1540.0
2026-01-11,468506772,1,0.0,1.0,1602.0
2026-01-11,468506773,3,0.0,3.0,1785.0
2026-01-11,471342171,4,0.0,4.0,2928.0
2026-01-11,474397318,18,2.0,16.0,1784.9777777777776
2026-01-11,474629420,22,1.0,21.0,1678.6913043478262
2026-01-11,475748707,1,1.0,0.0,1601.0
2026-01-11,475759397,22,2.0,20.0,1724.608695652174
2026-01-11,488493915,1,0.0,1.0,2098.0
2026-01-11,504801009,17,2.0,15.0,950.0
2026-01-11,516856408,26,0.0,26.0,2326.9653846153847
2026-01-11,516856409,2,0.0,2.0,1846.0
2026-01-11,528912182,27,2.0,25.0,1113.9303703703704
2026-01-11,528912186,30,2.0,28.0,1023.3786666666667
2026-01-11,528912198,19,0.0,19.0,536.001052631579
2026-01-11,541096165,1,0.0,1.0,2242.0
2026-01-11,541096166,8,0.0,8.0,2279.9825
2026-01-11,541096167,3,0.0,3.0,1740.0
2026-01-11,549254419,15,0.0,15.0,1632.0
2026-01-11,585840779,2,0.0,2.0,1176.0
2026-01-11,585840780,2,0.0,2.0,977.0
2026-01-11,585840782,3,1.0,2.0,1000.0
2026-01-11,585840783,2,1.0,1.0,950.0
2026-01-11,649988707,4,0.0,4.0,2100.0
2026-01-11,681642682,2,0.0,2.0,2100.0
2026-01-11,724729234,1,0.0,1.0,2160.0
2026-01-12,218456964,2,0.0,2.0,401.0
2026-01-12,219033581,8,0.0,8.0,1734.4444444444443
2026-01-12,219037028,3,0.0,3.0,1995.3333333333333
2026-01-12,220783118,2,0.0,2.0,1976.5
2026-01-12,220783121,4,0.0,4.0,2090.0
2026-01-12,220783128,6,0.0,6.0,1960.0
2026-01-12,220796910,4,0.0,4.0,1085.0
2026-01-12,220796916,11,0.0,11.0,1184.0
2026-01-12,220796924,8,0.0,8.0,1108.25
2026-01-12,220796929,6,0.0,6.0,1052.0633333333333
2026-01-12,221216505,3,0.0,3.0,1861.0
2026-01-12,221216935,4,0.0,4.0,1858.0
2026-01-12,221217363,3,0.0,3.0,1139.0
2026-01-12,223302777,7,0.0,7.0,1076.1557142857143
2026-01-12,223611903,2,0.0,2.0,1680.0
2026-01-12,223615358,3,0.0,3.0,1865.0
2026-01-12,225505021,1,0.0,1.0,540.0
2026-01-12,247803776,2,0.0,2.0,986.175
2026-01-12,248166626,21,1.0,20.0,1670.5080952380952
2026-01-12,248173261,13,1.0,12.0,1506.5223076923078
2026-01-12,248591628,4,0.0,4.0,1752.0
2026-01-12,248639013,21,0.0,21.0,1783.3866666666668
2026-01-12,251889892,2,0.0,2.0,1523.0
2026-01-12,251889894,2,0.0,2.0,1955.0
2026-01-12,253237666,5,0.0,5.0,2030.0
2026-01-12,258834337,49,1.0,48.0,1066.8310204081633
2026-01-12,258834339,3,0.0,3.0,1118.0
2026-01-12,258836990,40,1.0,39.0,1059.7935
2026-01-12,258836991,1,0.0,1.0,1702.0
2026-01-12,258850894,31,1.0,30.0,665.9948387096774
2026-01-12,262595711,17,0.0,17.0,1146.1164705882352
2026-01-12,262596137,5,0.0,5.0,1189.0
2026-01-12,266671578,1,0.0,1.0,1147.0
2026-01-12,273080437,1,0.0,1.0,1130.0
2026-01-12,278278778,11,0.0,11.0,2034.9963636363636
2026-01-12,278837544,1,0.0,1.0,1187.0
2026-01-12,278837827,1,0.0,1.0,980.0
2026-01-12,279007387,1,0.0,1.0,1925.0
2026-01-12,296818633,7,2.0,5.0,1158.9757142857143
2026-01-12,300294506,11,0.0,11.0,1524.3154545454547
2026-01-12,300294507,8,1.0,7.0,1257.70875
2026-01-12,331575070,1,1.0,0.0,882.0
2026-01-12,331575074,2,0.0,2.0,1039.75
2026-01-12,337308569,8,0.0,8.0,1519.25
2026-01-12,366760796,1,0.0,1.0,431.0
2026-01-12,366813884,9,2.0,7.0,396.01666666666665
2026-01-12,366813891,1,0.0,1.0,429.0
2026-01-12,366813893,3,0.0,3.0,448.0
2026-01-12,366813897,2,0.0,2.0,372.0
2026-01-12,366822992,4,1.0,3.0,410.0
2026-01-12,366822994,1,0.0,1.0,416.0
2026-01-12,366822996,4,0.0,4.0,494.7375
2026-01-12,370413854,1,0.0,1.0,926.0
2026-01-12,377242345,6,0.0,6.0,529.0483333333333
2026-01-12,384494968,3,0.0,3.0,750.0
2026-01-12,384494969,2,0.0,2.0,798.0
2026-01-12,412079857,3,0.0,3.0,591.8466666666667
2026-01-12,444461581,13,0.0,13.0,1887.9376923076923
2026-01-12,467007550,2,0.0,2.0,1539.95
2026-01-12,468506772,2,0.0,2.0,1602.0
2026-01-12,471342171,4,0.0,4.0,2928.0
2026-01-12,474397318,20,1.0,19.0,1785.014
2026-01-12,474629420,9,3.0,6.0,1755.0
2026-01-12,475748707,2,0.0,2.0,1601.0
2026-01-12,475759397,16,0.0,16.0,1803.0
2026-01-12,488493915,4,0.0,4.0,2097.875
2026-01-12,504801009,11,4.0,7.0,870.8308333333333
2026-01-12,516856408,20,1.0,19.0,2326.9775
2026-01-12,516856409,1,0.0,1.0,1846.0
2026-01-12,528912182,35,1.0,34.0,1136.7134285714285
2026-01-12,528912186,40,1.0,39.0,997.784
2026-01-12,528912198,13,0.0,13.0,536.0015384615385
2026-01-12,541096165,1,0.0,1.0,2242.0
2026-01-12,541096166,1,1.0,0.0,2280.0
2026-01-12,541096167,4,1.0,3.0,1740.0
2026-01-12,549254419,15,0.0,15.0,1632.1013333333333
2026-01-12,585840782,1,1.0,0.0,1000.0
2026-01-12,585840783,3,0.0,3.0,949.9900000000001
2026-01-12,649988707,10,0.0,10.0,2100.141
2026-01-12,681642682,1,0.0,1.0,2000.0
2026-01-12,724729234,4,0.0,4.0,2160.0
2026-01-13,219033581,5,0.0,5.0,1958.0
2026-01-13,219037028,3,0.0,3.0,1995.3333333333333
2026-01-13,220783118,7,0.0,7.0,2040.0
2026-01-13,220783121,1,1.0,0.0,2090.0
2026-01-13,220783128,11,0.0,11.0,1960.0
2026-01-13,220796910,3,1.0,2.0,1085.0
2026-01-13,220796916,29,0.0,29.0,1183.9924137931034
2026-01-13,220796924,18,0.0,18.0,1115.9977777777776
2026-01-13,220796929,7,0.0,7.0,1052.0
2026-01-13,221216505,1,0.0,1.0,1861.13
2026-01-13,221216935,2,0.0,2.0,1777.895
2026-01-13,221217363,4,0.0,4.0,1139.0
2026-01-13,223302777,9,0.0,9.0,1076.0
2026-01-13,223611903,1,0.0,1.0,1680.0
2026-01-13,223615358,3,0.0,3.0,1865.0600000000002
2026-01-13,247803776,5,0.0,5.0,821.725
2026-01-13,248166626,16,1.0,15.0,1680.3125
2026-01-13,248173261,12,2.0,10.0,1524.0649999999998
2026-01-13,248591628,6,0.0,6.0,1770.3333333333333
2026-01-13,248591629,3,0.0,3.0,1512.0
2026-01-13,248639013,25,2.0,23.0,1569.8552
2026-01-13,251889892,5,0.0,5.0,1514.0
2026-01-13,251889894,3,3.0,0.0,1955.0
2026-01-13,253236688,4,1.0,3.0,2016.0225
2026-01-13,253237666,14,0.0,14.0,2021.1121428571428
2026-01-13,258834337,53,3.0,50.0,1024.1237735849056
2026-01-13,258834339,2,0.0,2.0,1118.0
2026-01-13,258836990,49,1.0,48.0,1078.5802040816327
2026-01-13,258836991,3,0.0,3.0,1441.3333333333333
2026-01-13,258850894,22,0.0,22.0,668.5454545454545
2026-01-13,262595711,14,1.0,13.0,1119.357142857143
2026-01-13,262596137,9,0.0,9.0,1103.0
2026-01-13,262596138,2,0.0,2.0,1665.505
2026-01-13,278278778,9,0.0,9.0,1831.5
2026-01-13,278837827,2,0.0,2.0,980.0
2026-01-13,279005801,1,0.0,1.0,1925.0
2026-01-13,296818633,8,0.0,8.0,1159.0
2026-01-13,300294506,4,0.0,4.0,1537.8675
2026-01-13,300294507,8,1.0,7.0,1267.375
2026-01-13,331575073,1,1.0,0.0,1048.0
2026-01-13,331575074,1,0.0,1.0,1039.44
2026-01-13,331575075,2,0.0,2.0,1046.725
2026-01-13,337308569,8,0.0,8.0,1493.5
2026-01-13,366760796,2,0.0,2.0,431.0
2026-01-13,366760798,1,0.0,1.0,421.0
2026-01-13,366813879,2,0.0,2.0,752.0
2026-01-13,366813884,7,1.0,6.0,396.0
2026-01-13,366813891,1,0.0,1.0,429.0
2026-01-13,366822992,3,0.0,3.0,403.1666666666667
2026-01-13,366822996,5,0.0,5.0,500.91400000000004
2026-01-13,370413854,2,0.0,2.0,926.0
2026-01-13,377242345,13,0.0,13.0,529.0669230769231
2026-01-13,377242549,1,1.0,0.0,902.0
2026-01-13,384494968,3,1.0,2.0,750.0
2026-01-13,384494969,1,0.0,1.0,798.0
2026-01-13,412079857,1,0.0,1.0,592.0
2026-01-13,444461581,19,0.0,19.0,1492.167894736842
2026-01-13,467007550,3,0.0,3.0,1540.0
2026-01-13,468506772,1,0.0,1.0,1602.0
2026-01-13,468506773,1,0.0,1.0,1785.0
2026-01-13,471342171,6,0.0,6.0,2928.0
2026-01-13,474397318,26,2.0,24.0,1510.3692307692306
2026-01-13,474629420,14,2.0,12.0,1748.560714285714
2026-01-13,475748707,3,0.0,3.0,1601.0
2026-01-13,475759397,14,0.0,14.0,1803.0
2026-01-13,504801009,17,1.0,16.0,955.8811764705882
2026-01-13,516856408,23,0.0,23.0,2327.0
2026-01-13,516856409,4,1.0,3.0,0.0
2026-01-13,528912182,23,1.0,22.0,1058.51875
2026-01-13,528912186,33,0.0,33.0,1031.0024242424242
2026-01-13,528912198,10,0.0,10.0,542.7
2026-01-13,541096165,4,1.0,3.0,2242.0
2026-01-13,541096166,4,1.0,3.0,2279.9674999999997
2026-01-13,541096167,4,1.0,3.0,1740.0
2026-01-13,549254419,14,1.0,13.0,1632.0085714285713
2026-01-13,585840780,4,0.0,4.0,977.0
2026-01-13,585840782,3,0.0,3.0,1000.0
2026-01-13,585840783,1,0.0,1.0,950.01
2026-01-13,649988707,8,0.0,8.0,2087.5
2026-01-13,724729234,3,0.0,3.0,2160.0
2026-01-14,218467926,1,0.0,1.0,516.0
2026-01-14,219033581,10,0.0,10.0,1958.0
2026-01-14,219037028,1,0.0,1.0,2009.0
2026-01-14,220783118,4,0.0,4.0,1976.5
2026-01-14,220783121,4,0.0,4.0,2089.985
2026-01-14,220783128,7,0.0,7.0,1960.0057142857145
2026-01-14,220783129,2,0.0,2.0,1924.0
2026-01-14,220796910,2,0.0,2.0,1085.0
2026-01-14,220796916,5,0.0,5.0,1184.0
2026-01-14,220796924,16,1.0,15.0,1115.99875
2026-01-14,220796929,9,1.0,8.0,1052.0422222222223
2026-01-14,221216505,2,0.0,2.0,1861.0
2026-01-14,221216935,3,0.0,3.0,1858.0
2026-01-14,221217363,5,0.0,5.0,1138.978
2026-01-14,223302777,9,0.0,9.0,1075.98
2026-01-14,223611903,1,0.0,1.0,1680.0
2026-01-14,223615358,2,0.0,2.0,1865.0
2026-01-14,247803776,6,1.0,5.0,986.0
2026-01-14,248166626,23,4.0,19.0,1701.7391304347825
2026-01-14,248173261,9,1.0,8.0,1541.111111111111
2026-01-14,248591628,3,1.0,2.0,1825.3333333333333
2026-01-14,248639013,18,0.0,18.0,1722.9122222222222
2026-01-14,251889892,6,0.0,6.0,1515.5
2026-01-14,251889894,3,0.0,3.0,1927.0
2026-01-14,253236688,3,0.0,3.0,2016.0
2026-01-14,253237666,7,1.0,6.0,2030.0
2026-01-14,258834337,49,2.0,47.0,1041.3238775510204
2026-01-14,258834339,2,0.0,2.0,1118.0
2026-01-14,258836990,30,1.0,29.0,1032.0767741935483
2026-01-14,258836991,5,0.0,5.0,1389.44
2026-01-14,258850894,24,0.0,24.0,666.0166666666667
2026-01-14,262595711,13,0.0,13.0,1119.6138461538462
2026-01-14,262596137,15,0.0,15.0,1016.9706666666666
2026-01-14,262596138,6,0.0,6.0,1297.5
2026-01-14,266671578,2,0.0,2.0,1146.9850000000001
2026-01-14,278278778,6,0.0,6.0,2016.6666666666667
2026-01-14,278837827,3,0.0,3.0,980.0
2026-01-14,279005801,1,0.0,1.0,1925.0
2026-01-14,296818633,8,0.0,8.0,1159.0
2026-01-14,300294506,6,1.0,5.0,1569.1666666666667
2026-01-14,300294507,9,2.0,7.0,1315.6666666666667
2026-01-14,315032004,2,0.0,2.0,860.0
2026-01-14,331575074,2,0.0,2.0,1040.0
2026-01-14,337308569,12,0.0,12.0,1549.335
2026-01-14,366760796,1,0.0,1.0,431.0
2026-01-14,366813884,7,0.0,7.0,396.0
2026-01-14,366813891,2,0.0,2.0,429.0
2026-01-14,366822992,7,0.0,7.0,410.0
2026-01-14,366822994,1,0.0,1.0,416.0
2026-01-14,366822996,4,0.0,4.0,494.63
2026-01-14,377242345,9,0.0,9.0,529.0
2026-01-14,384494968,1,0.0,1.0,750.0
2026-01-14,384494969,1,1.0,0.0,798.0
2026-01-14,412079857,1,0.0,1.0,592.0
2026-01-14,444461581,20,1.0,19.0,1904.078
2026-01-14,462870185,1,0.0,1.0,851.0
2026-01-14,467007550,1,0.0,1.0,1540.0
2026-01-14,468506772,3,0.0,3.0,1602.0
2026-01-14,468506773,2,0.0,2.0,1785.0
2026-01-14,471342171,7,0.0,7.0,2928.0
2026-01-14,474397318,30,0.0,30.0,1784.9863333333333
2026-01-14,474629420,10,0.0,10.0,1745.989
2026-01-14,475748707,2,0.0,2.0,1601.0
2026-01-14,475759397,20,1.0,19.0,1802.9689999999998
2026-01-14,504801009,17,0.0,17.0,950.0
2026-01-14,516856408,21,3.0,18.0,2326.9785714285717
2026-01-14,516856409,4,0.0,4.0,1846.0
2026-01-14,528912182,26,5.0,21.0,992.2562962962962
2026-01-14,528912186,45,3.0,42.0,997.8666666666667
2026-01-14,528912198,11,0.0,11.0,548.1918181818181
2026-01-14,541096166,3,0.0,3.0,2280.0
2026-01-14,541096167,2,0.0,2.0,1739.9299999999998
2026-01-14,549254419,17,0.0,17.0,1632.0929411764707
2026-01-14,585840779,2,0.0,2.0,1176.0
2026-01-14,585840780,3,0.0,3.0,977.0
2026-01-14,585840782,3,1.0,2.0,1000.0
2026-01-14,585840783,4,1.0,3.0,949.9925000000001
2026-01-14,649988707,8,0.0,8.0,2100.0
2026-01-14,681642682,3,0.0,3.0,2100.0
2026-01-15,218456964,2,0.0,2.0,401.0
2026-01-15,219033581,8,0.0,8.0,1944.5
2026-01-15,219037028,3,0.0,3.0,1995.3333333333333
2026-01-15,220450949,1,0.0,1.0,348.0
2026-01-15,220783118,9,0.0,9.0,2011.7777777777778
2026-01-15,220783121,4,0.0,4.0,2089.985
2026-01-15,220783128,2,0.0,2.0,1960.0
2026-01-15,220796910,3,0.0,3.0,1085.0
2026-01-15,220796916,26,2.0,24.0,1198.7649999999999
2026-01-15,220796924,8,1.0,7.0,1115.9975
2026-01-15,220796929,3,0.0,3.0,1052.0
2026-01-15,221216505,1,0.0,1.0,1861.0
2026-01-15,221216935,1,0.0,1.0,1858.0
2026-01-15,221217363,2,0.0,2.0,1139.0
2026-01-15,223302777,5,1.0,4.0,1076.0
2026-01-15,223611282,1,0.0,1.0,433.0
2026-01-15,223611903,1,0.0,1.0,1680.0
2026-01-15,223615358,4,0.0,4.0,1865.0
2026-01-15,247803776,4,0.0,4.0,788.8
2026-01-15,248166626,20,0.0,20.0,1712.0
2026-01-15,248173261,21,1.0,20.0,1549.672380952381
2026-01-15,248591628,4,1.0,3.0,1770.75
2026-01-15,248591629,2,0.0,2.0,2058.0
2026-01-15,248639012,1,0.0,1.0,1431.0
2026-01-15,248639013,29,1.0,28.0,1702.0553333333335
2026-01-15,248639014,1,0.0,1.0,1485.0
2026-01-15,251889892,5,0.0,5.0,1577.0
2026-01-15,251889894,4,1.0,3.0,1987.25
2026-01-15,253236688,6,0.0,6.0,1984.0
2026-01-15,253237666,12,0.0,12.0,2050.4641666666666
2026-01-15,258834337,41,1.0,40.0,985.3319512195122
2026-01-15,258834339,1,0.0,1.0,1118.0
2026-01-15,258836990,37,2.0,35.0,1093.5675675675675
2026-01-15,258836991,5,0.0,5.0,920.01
2026-01-15,258850894,24,0.0,24.0,639.376
2026-01-15,258850896,1,0.0,1.0,770.0
2026-01-15,262595711,8,0.0,8.0,1116.0
2026-01-15,262596137,15,0.0,15.0,1123.9313333333334
2026-01-15,262596138,16,0.0,16.0,947.819375
2026-01-15,278278778,9,0.0,9.0,2022.7777777777778
2026-01-15,278837827,2,1.0,1.0,980.0
2026-01-15,279005801,1,0.0,1.0,1925.0
2026-01-15,279007387,2,0.0,2.0,1925.0
2026-01-15,296818633,7,0.0,7.0,1159.0
2026-01-15,300294506,6,0.0,6.0,1693.8333333333333
2026-01-15,300294507,5,0.0,5.0,1346.6299999999999
2026-01-15,315032004,2,0.0,2.0,860.0
2026-01-15,337308569,3,2.0,1.0,1562.3333333333333
2026-01-15,366760796,1,0.0,1.0,431.0
2026-01-15,366813884,5,0.0,5.0,396.0
2026-01-15,366813885,1,0.0,1.0,425.0
2026-01-15,366813891,2,0.0,2.0,429.0
2026-01-15,366822992,5,0.0,5.0,409.878
2026-01-15,366822994,2,0.0,2.0,416.195
2026-01-15,366822996,1,0.0,1.0,250.5
2026-01-15,370413854,1,0.0,1.0,926.0
2026-01-15,377242345,12,0.0,12.0,529.0
2026-01-15,384494968,3,1.0,2.0,833.3333333333334
2026-01-15,384494969,1,0.0,1.0,798.0
2026-01-15,412079857,1,0.0,1.0,592.0
2026-01-15,444461581,19,2.0,17.0,1904.0273684210524
2026-01-15,455392688,1,0.0,1.0,475.0
2026-01-15,467007550,2,0.0,2.0,1539.95
2026-01-15,468506772,3,0.0,3.0,1602.05
2026-01-15,468506773,2,1.0,1.0,1785.0
2026-01-15,471342171,4,0.0,4.0,2928.0
2026-01-15,474397318,27,0.0,27.0,1784.9851851851852
2026-01-15,474629420,15,0.0,15.0,1755.0566666666666
2026-01-15,475748707,2,0.0,2.0,1600.7649999999999
2026-01-15,475759397,22,2.0,20.0,1802.9477272727272
2026-01-15,488493915,2,0.0,2.0,2098.0
2026-01-15,504801009,12,1.0,11.0,954.1641666666666
2026-01-15,516856408,23,2.0,21.0,2326.97
2026-01-15,528912182,34,1.0,33.0,1009.1008823529412
2026-01-15,528912186,20,0.0,20.0,963.3415000000001
2026-01-15,528912198,16,1.0,15.0,566.75125
2026-01-15,541096165,3,0.0,3.0,2242.0
2026-01-15,541096166,5,0.0,5.0,2280.0
2026-01-15,541096167,6,0.0,6.0,1740.0116666666665
2026-01-15,549254419,14,0.0,14.0,1632.0042857142857
2026-01-15,585840780,2,0.0,2.0,976.825
2026-01-15,585840782,3,0.0,3.0,933.3333333333334
2026-01-15,585840783,1,0.0,1.0,950.0
2026-01-15,649988707,4,0.0,4.0,2075.0
2026-01-15,681642682,3,0.0,3.0,2099.97
2026-01-15,724729234,4,0.0,4.0,2160.0025
2026-01-16,218456964,3,0.0,3.0,401.0
2026-01-16,218467926,1,0.0,1.0,515.87
2026-01-16,219033581,5,0.0,5.0,1947.2
2026-01-16,219037028,3,0.0,3.0,1995.3333333333333
2026-01-16,220783118,5,1.0,4.0,2040.0
2026-01-16,220783121,2,0.0,2.0,2090.0
2026-01-16,220783128,6,0.0,6.0,1960.0
2026-01-16,220783129,2,0.0,2.0,1924.0
2026-01-16,220796910,3,0.0,3.0,1085.0
2026-01-16,220796916,22,1.0,21.0,1236.3518181818183
2026-01-16,220796924,23,1.0,22.0,1116.0
2026-01-16,220796929,5,0.0,5.0,1052.06
2026-01-16,221216505,1,0.0,1.0,1861.0
2026-01-16,221216935,3,0.0,3.0,1858.0
2026-01-16,221217363,7,0.0,7.0,1139.0
2026-01-16,223302777,4,0.0,4.0,1076.0
2026-01-16,223615358,3,0.0,3.0,1865.0
2026-01-16,247803776,7,0.0,7.0,986.0971428571429
2026-01-16,248166626,20,1.0,19.0,1715.9334999999999
2026-01-16,248173261,13,2.0,11.0,1580.076923076923
2026-01-16,248591628,4,0.0,4.0,1770.75
2026-01-16,248591629,1,1.0,0.0,2100.0
2026-01-16,248639013,20,1.0,19.0,1756.3474999999999
2026-01-16,251889892,1,1.0,0.0,1658.0
2026-01-16,251889894,1,0.0,1.0,1998.0
2026-01-16,253236688,5,0.0,5.0,1977.632
2026-01-16,253237666,12,0.0,12.0,2081.25
2026-01-16,258834337,44,0.0,44.0,988.9940909090909
2026-01-16,258836990,31,1.0,30.0,1049.785625
2026-01-16,258836991,4,0.0,4.0,920.0
2026-01-16,258850894,16,0.0,16.0,665.995625
2026-01-16,262595711,10,0.0,10.0,1116.0
2026-01-16,262595712,2,2.0,0.0,1726.0
2026-01-16,262596137,12,0.0,12.0,1017.1025
2026-01-16,262596138,10,0.0,10.0,976.5
2026-01-16,266671578,1,0.0,1.0,1147.0
2026-01-16,278278778,6,0.0,6.0,1998.3333333333333
2026-01-16,278837827,2,0.0,2.0,980.0
2026-01-16,296818633,6,0.0,6.0,1159.01
2026-01-16,300294506,3,0.0,3.0,1725.0
2026-01-16,300294507,8,0.0,8.0,1397.875
2026-01-16,331575074,1,1.0,0.0,1039.82
2026-01-16,337308569,3,1.0,2.0,1579.6666666666667
2026-01-16,366813884,5,0.0,5.0,396.0
2026-01-16,366813891,2,0.0,2.0,429.0
2026-01-16,366813893,2,0.0,2.0,448.0
2026-01-16,366813897,1,0.0,1.0,372.0
2026-01-16,366822992,7,0.0,7.0,410.0
2026-01-16,366822996,2,0.0,2.0,501.0
2026-01-16,370413854,2,0.0,2.0,926.0
2026-01-16,377242343,1,0.0,1.0,425.0
2026-01-16,377242345,10,0.0,10.0,529.087
2026-01-16,384494968,2,1.0,1.0,750.0
2026-01-16,384494969,2,0.0,2.0,798.0
2026-01-16,412077130,1,0.0,1.0,534.0
2026-01-16,412079857,1,0.0,1.0,592.0
2026-01-16,444461581,18,4.0,14.0,1886.5683333333336
2026-01-16,467007550,1,0.0,1.0,1540.0
2026-01-16,468506772,3,0.0,3.0,1602.05
2026-01-16,471342171,5,0.0,5.0,2928.432
2026-01-16,474397318,26,3.0,23.0,1784.9476923076923
2026-01-16,474629420,15,2.0,13.0,1748.9966666666667
2026-01-16,475748707,2,0.0,2.0,1601.0
2026-01-16,475759397,17,1.0,16.0,1702.7694444444444
2026-01-16,480012919,1,0.0,1.0,972.0
2026-01-16,488493915,1,0.0,1.0,2098.0
2026-01-16,504801009,16,0.0,16.0,950.00125
2026-01-16,516856408,34,0.0,34.0,2326.9602941176468
2026-01-16,516856409,2,0.0,2.0,1846.0
2026-01-16,528912182,17,0.0,17.0,1021.9964705882352
2026-01-16,528912186,20,0.0,20.0,877.8995238095238
2026-01-16,528912198,11,0.0,11.0,623.7290909090909
2026-01-16,541096165,2,0.0,2.0,2242.0
2026-01-16,541096166,2,0.0,2.0,2280.0
2026-01-16,541096167,1,0.0,1.0,1739.86
2026-01-16,549254419,16,0.0,16.0,1632.0
2026-01-16,585840779,2,0.0,2.0,1176.0
2026-01-16,585840780,2,0.0,2.0,977.0
2026-01-16,585840782,1,1.0,0.0,900.0
2026-01-16,585840783,1,0.0,1.0,950.0
2026-01-16,649988707,5,0.0,5.0,2100.0
2026-01-16,681642682,1,0.0,1.0,2100.0
2026-01-16,715890127,1,0.0,1.0,1960.0
2026-01-16,724729234,4,0.0,4.0,2090.0
2026-01-17,219033581,6,1.0,5.0,1913.0
2026-01-17,219037028,3,0.0,3.0,2009.0
2026-01-17,220783118,9,0.0,9.0,2040.117777777778
2026-01-17,220783121,7,0.0,7.0,2090.0
2026-01-17,220783128,2,0.0,2.0,1960.0
2026-01-17,220783129,2,0.0,2.0,1924.0
2026-01-17,220796910,5,0.0,5.0,1085.0
2026-01-17,220796916,12,0.0,12.0,1234.6766666666665
2026-01-17,220796924,22,0.0,22.0,1116.0
2026-01-17,220796929,7,0.0,7.0,1052.0
2026-01-17,220796932,1,0.0,1.0,1500.0
2026-01-17,221216505,3,0.0,3.0,1861.0
2026-01-17,221216935,1,0.0,1.0,1858.44
2026-01-17,221217363,14,1.0,13.0,1139.0
2026-01-17,223302777,5,0.0,5.0,1213.022
2026-01-17,223615358,2,0.0,2.0,1865.0
2026-01-17,247803776,10,1.0,9.0,896.3927272727273
2026-01-17,248166626,17,0.0,17.0,1638.4444444444443
2026-01-17,248173261,13,2.0,11.0,1606.5961538461538
2026-01-17,248591628,3,0.0,3.0,1862.0
2026-01-17,248591629,1,0.0,1.0,2100.0
2026-01-17,248639013,13,0.0,13.0,1799.2007692307693
2026-01-17,248639014,1,0.0,1.0,1485.0
2026-01-17,251889892,6,0.0,6.0,1590.5
2026-01-17,251889894,1,0.0,1.0,1998.0
2026-01-17,253236688,1,0.0,1.0,1968.0
2026-01-17,253237666,20,0.0,20.0,2122.25
2026-01-17,258834337,43,4.0,39.0,991.3962790697675
2026-01-17,258836990,37,0.0,37.0,1073.4845945945947
2026-01-17,258836991,1,0.0,1.0,920.0
2026-01-17,258850894,30,0.0,30.0,677.098
2026-01-17,262595711,8,0.0,8.0,1116.0
2026-01-17,262595712,1,0.0,1.0,1726.0
2026-01-17,262596137,12,0.0,12.0,952.5
2026-01-17,262596138,14,0.0,14.0,900.0
2026-01-17,273080436,1,0.0,1.0,1069.0
2026-01-17,273080437,1,0.0,1.0,807.0
2026-01-17,278278778,5,0.0,5.0,1695.8266666666666
2026-01-17,278837827,6,0.0,6.0,995.1666666666666
2026-01-17,296818633,6,0.0,6.0,1159.0383333333332
2026-01-17,300294506,2,0.0,2.0,1725.0
2026-01-17,300294507,8,0.0,8.0,1538.0
2026-01-17,315032004,3,0.0,3.0,860.04
2026-01-17,316614621,1,0.0,1.0,520.0
2026-01-17,331575074,2,0.0,2.0,1336.795
2026-01-17,337308569,7,1.0,6.0,1508.4285714285713
2026-01-17,366760796,1,0.0,1.0,431.0
2026-01-17,366813879,1,0.0,1.0,752.0
2026-01-17,366813884,2,0.0,2.0,396.0
2026-01-17,366813885,1,0.0,1.0,425.0
2026-01-17,366813891,2,0.0,2.0,428.815
2026-01-17,366813893,1,0.0,1.0,448.0
2026-01-17,366813897,1,0.0,1.0,372.0
2026-01-17,366822992,5,0.0,5.0,405.9
2026-01-17,366822994,2,0.0,2.0,405.6
2026-01-17,366822996,1,0.0,1.0,501.0
2026-01-17,370413854,2,0.0,2.0,925.75
2026-01-17,377241928,1,0.0,1.0,956.0
2026-01-17,377242345,13,1.0,12.0,529.0
2026-01-17,377242549,1,0.0,1.0,902.0
2026-01-17,384494968,5,0.0,5.0,950.04
2026-01-17,412079857,1,0.0,1.0,592.0
2026-01-17,444461581,17,1.0,16.0,1897.8235294117646
2026-01-17,462878720,1,0.0,1.0,741.0
2026-01-17,467007550,2,0.0,2.0,2007.5
2026-01-17,468506772,3,0.0,3.0,1602.0
2026-01-17,468506773,3,0.0,3.0,1785.0
2026-01-17,471342171,7,0.0,7.0,2928.0
2026-01-17,474397318,34,2.0,32.0,1786.6635294117646
2026-01-17,474629420,9,3.0,6.0,1770.0
2026-01-17,475748707,2,3.0,-1.0,1601.0
2026-01-17,475759397,17,1.0,16.0,1803.0188235294117
2026-01-17,504801009,11,0.0,11.0,950.0
2026-01-17,516856408,18,2.0,16.0,2326.9733333333334
2026-01-17,516856409,3,0.0,3.0,1846.0
2026-01-17,528912182,33,0.0,33.0,1019.7854545454545
2026-01-17,528912186,26,1.0,25.0,959.5769230769231
2026-01-17,528912198,6,0.0,6.0,536.0033333333333
2026-01-17,541096165,1,0.0,1.0,2242.0
2026-01-17,541096166,5,0.0,5.0,2280.0
2026-01-17,541096167,4,0.0,4.0,1739.965
2026-01-17,549254419,19,1.0,18.0,1550.411
2026-01-17,585840779,2,0.0,2.0,1176.0
2026-01-17,585840780,2,0.0,2.0,977.0
2026-01-17,585840782,3,0.0,3.0,933.3333333333334
2026-01-17,585840783,2,0.0,2.0,875.0
2026-01-17,649988707,9,0.0,9.0,2100.0
2026-01-17,681642682,1,0.0,1.0,2100.0
2026-01-17,724729234,2,0.0,2.0,1880.0
2026-01-17,732543829,1,0.0,1.0,1950.0
2026-01-18,219033581,16,0.0,16.0,1914.125
2026-01-18,219037028,1,0.0,1.0,2009.0
2026-01-18,220783118,4,0.0,4.0,2040.0
2026-01-18,220783121,3,0.0,3.0,2090.0
2026-01-18,220783128,7,0.0,7.0,1959.9942857142855
2026-01-18,220783129,1,0.0,1.0,1924.0
2026-01-18,220796910,6,1.0,5.0,1085.0
2026-01-18,220796916,24,0.0,24.0,1271.9991666666667
2026-01-18,220796924,31,0.0,31.0,1081.1159375
2026-01-18,220796929,17,0.0,17.0,1052.0176470588235
2026-01-18,220796932,1,0.0,1.0,1500.0
2026-01-18,221216505,1,0.0,1.0,1861.0
2026-01-18,221216935,5,0.0,5.0,1858.0
2026-01-18,221217363,12,0.0,12.0,1139.0066666666667
2026-01-18,223302777,12,0.0,12.0,1228.0016666666668
2026-01-18,223611903,2,0.0,2.0,1680.0
2026-01-18,223615358,8,0.0,8.0,1865.0
2026-01-18,247803776,7,0.0,7.0,1127.1285714285714
2026-01-18,248166626,30,2.0,28.0,1741.5666666666666
2026-01-18,248173261,16,0.0,16.0,1610.26625
2026-01-18,248591628,4,2.0,2.0,1834.605
2026-01-18,248591629,3,0.0,3.0,2100.0
2026-01-18,248639013,32,0.0,32.0,1846.40625
2026-01-18,251889892,4,0.0,4.0,1658.0
2026-01-18,251889894,4,0.0,4.0,1998.0
2026-01-18,253236688,12,1.0,11.0,1980.0
2026-01-18,253237666,20,0.0,20.0,2140.7
2026-01-18,258834337,64,2.0,62.0,977.94109375
2026-01-18,258834339,1,0.0,1.0,1118.0
2026-01-18,258836990,40,0.0,40.0,1027.8595121951219
2026-01-18,258836991,3,0.0,3.0,1180.6666666666667
2026-01-18,258850894,20,0.0,20.0,666.02
2026-01-18,262595711,8,0.0,8.0,1116.0
2026-01-18,262595712,5,0.0,5.0,1726.0
2026-01-18,262596137,8,0.0,8.0,963.20375
2026-01-18,262596138,3,0.0,3.0,900.0066666666667
2026-01-18,266671586,1,0.0,1.0,1089.0
2026-01-18,273080437,1,0.0,1.0,1130.0
2026-01-18,278278778,5,0.0,5.0,2035.0
2026-01-18,278837827,2,0.0,2.0,980.0
2026-01-18,279007387,1,0.0,1.0,1925.0
2026-01-18,296818633,15,0.0,15.0,1159.0
2026-01-18,300294506,10,0.0,10.0,1725.0
2026-01-18,300294507,7,2.0,5.0,1514.6142857142856
2026-01-18,316614617,1,0.0,1.0,597.0
2026-01-18,331575070,1,0.0,1.0,882.0
2026-01-18,331575073,1,0.0,1.0,1147.0
2026-01-18,337308569,9,1.0,8.0,1585.4466666666667
2026-01-18,366760798,1,0.0,1.0,421.0
2026-01-18,366813884,4,0.0,4.0,559.25
2026-01-18,366813891,1,0.0,1.0,429.0
2026-01-18,366813893,1,0.0,1.0,448.0
2026-01-18,366813897,2,0.0,2.0,372.0
2026-01-18,366822992,4,0.0,4.0,502.0125
2026-01-18,366822994,1,0.0,1.0,417.17
2026-01-18,366822996,2,0.0,2.0,668.0
2026-01-18,370413854,1,1.0,0.0,926.0
2026-01-18,377241928,1,0.0,1.0,956.0
2026-01-18,377242345,1,0.0,1.0,529.0
2026-01-18,377242549,2,0.0,2.0,902.0
2026-01-18,384494968,4,0.0,4.0,937.5
2026-01-18,384494969,1,0.0,1.0,798.0
2026-01-18,444461581,29,2.0,27.0,1932.8275862068965
2026-01-18,462870185,1,0.0,1.0,851.0
2026-01-18,462870186,1,0.0,1.0,885.0
2026-01-18,467007550,1,0.0,1.0,2200.0
2026-01-18,468506772,4,0.0,4.0,1602.0
2026-01-18,468506773,3,0.0,3.0,1785.0
2026-01-18,471342171,3,0.0,3.0,3172.396666666667
2026-01-18,474397318,45,1.0,44.0,1845.1682222222223
2026-01-18,474629420,34,1.0,33.0,1802.6576470588236
2026-01-18,475748707,1,0.0,1.0,1601.0
2026-01-18,475759397,35,2.0,33.0,1843.6942857142858
2026-01-18,504801009,23,3.0,20.0,950.0386956521739
2026-01-18,516856408,23,3.0,20.0,2361.395652173913
2026-01-18,516856409,2,0.0,2.0,1846.2150000000001
2026-01-18,528912182,30,2.0,28.0,1002.5319999999999
2026-01-18,528912186,32,0.0,32.0,922.655
2026-01-18,528912198,15,0.0,15.0,535.9966666666667
2026-01-18,541096165,2,0.0,2.0,2241.995
2026-01-18,541096166,8,0.0,8.0,2280.0
2026-01-18,549254419,19,0.0,19.0,1632.0
2026-01-18,585840779,2,0.0,2.0,1176.0
2026-01-18,585840780,2,0.0,2.0,977.0
2026-01-18,585840782,6,0.0,6.0,900.0
2026-01-18,585840783,5,0.0,5.0,820.0
2026-01-18,649988707,14,0.0,14.0,2099.9935714285716
2026-01-18,681642682,5,0.0,5.0,2100.0
2026-01-18,715890128,3,0.0,3.0,1960.0
2026-01-18,724729234,1,0.0,1.0,2160.0
2026-01-18,732543829,3,0.0,3.0,1950.0
2026-01-19,218456964,1,0.0,1.0,400.99
2026-01-19,219033581,13,0.0,13.0,1771.857142857143
2026-01-19,219037028,2,0.0,2.0,2009.0
2026-01-19,220783118,10,0.0,10.0,2040.0
2026-01-19,220783121,2,0.0,2.0,2090.0
2026-01-19,220783128,7,0.0,7.0,1959.9942857142855
2026-01-19,220783129,5,0.0,5.0,1924.0
2026-01-19,220796910,12,0.0,12.0,1085.0
2026-01-19,220796916,22,0.0,22.0,1266.909090909091
2026-01-19,220796924,46,1.0,45.0,1116.0182608695652
2026-01-19,220796929,12,0.0,12.0,1052.0
2026-01-19,220796932,2,0.0,2.0,1500.0
2026-01-19,221216505,3,0.0,3.0,1861.0
2026-01-19,221216935,5,0.0,5.0,1858.0
2026-01-19,221217363,21,0.0,21.0,1139.0
2026-01-19,223302777,7,0.0,7.0,1271.4285714285713
2026-01-19,223611903,2,0.0,2.0,1120.0
2026-01-19,223615358,6,0.0,6.0,1598.5714285714287
2026-01-19,225497817,1,0.0,1.0,417.0
2026-01-19,225505021,1,0.0,1.0,540.0
2026-01-19,247803776,5,0.0,5.0,1051.8899999999999
2026-01-19,248166626,46,1.0,45.0,1753.6773913043478
2026-01-19,248173261,21,1.0,20.0,1628.082380952381
2026-01-19,248591628,6,0.0,6.0,1843.6666666666667
2026-01-19,248591629,4,1.0,3.0,2100.0
2026-01-19,248639013,27,3.0,24.0,1860.8933333333334
2026-01-19,251889892,3,0.0,3.0,1658.0
2026-01-19,253236688,10,0.0,10.0,1963.2060000000001
2026-01-19,253237666,19,0.0,19.0,2153.0
2026-01-19,258834337,39,0.0,39.0,958.5546153846153
2026-01-19,258834339,2,0.0,2.0,1118.0
2026-01-19,258836990,29,1.0,28.0,1052.0
2026-01-19,258836991,4,0.0,4.0,1311.0
2026-01-19,258850894,18,0.0,18.0,665.9955555555556
2026-01-19,258850896,2,0.0,2.0,770.0
2026-01-19,262595711,10,0.0,10.0,1116.0
2026-01-19,262595712,1,0.0,1.0,1726.0
2026-01-19,262596137,9,0.0,9.0,988.5922222222222
2026-01-19,262596138,3,0.0,3.0,900.0
2026-01-19,266671578,1,0.0,1.0,1147.0
2026-01-19,273080437,2,0.0,2.0,807.0
2026-01-19,278278778,6,0.0,6.0,2035.0
2026-01-19,278837827,4,0.0,4.0,980.0
2026-01-19,279007387,1,0.0,1.0,1925.0
2026-01-19,296818633,25,0.0,25.0,1159.0016
2026-01-19,300294506,8,1.0,7.0,1725.0
2026-01-19,300294507,5,0.0,5.0,1540.0
2026-01-19,315032004,1,0.0,1.0,860.0
2026-01-19,331575070,2,0.0,2.0,882.0
2026-01-19,331575073,2,0.0,2.0,1097.5
2026-01-19,331575074,1,0.0,1.0,1040.0
2026-01-19,337308569,11,1.0,10.0,1573.5454545454545
2026-01-19,366760796,1,0.0,1.0,431.0
2026-01-19,366813879,1,0.0,1.0,752.0
2026-01-19,366813884,5,0.0,5.0,396.0
2026-01-19,366822996,1,0.0,1.0,500.99
2026-01-19,370413854,1,0.0,1.0,926.0
2026-01-19,377242345,7,1.0,6.0,701.8571428571429
2026-01-19,384494968,7,1.0,6.0,964.2885714285715
2026-01-19,384494969,1,0.0,1.0,798.0
2026-01-19,412079855,1,0.0,1.0,585.0
2026-01-19,412079857,5,0.0,5.0,592.0
2026-01-19,444461581,26,1.0,25.0,1936.1653846153847
2026-01-19,462870186,1,0.0,1.0,885.0
2026-01-19,467007550,1,0.0,1.0,2200.0
2026-01-19,468506772,8,0.0,8.0,1602.0
2026-01-19,468506773,2,0.0,2.0,1785.0
2026-01-19,471342171,6,1.0,5.0,3294.0049999999997
2026-01-19,474397318,40,2.0,38.0,1893.5285
2026-01-19,474629420,20,1.0,19.0,1784.261
2026-01-19,475748707,2,0.0,2.0,1813.7649999999999
2026-01-19,475759397,30,0.0,30.0,1851.0666666666666
2026-01-19,480012919,1,0.0,1.0,972.0
2026-01-19,504801009,43,0.0,43.0,928.4104545454545
2026-01-19,516856408,24,2.0,22.0,2392.9829166666664
2026-01-19,516856409,2,0.0,2.0,1846.0
2026-01-19,528912182,25,0.0,25.0,960.6776
2026-01-19,528912186,33,0.0,33.0,882.6467647058824
2026-01-19,528912198,16,2.0,14.0,536.0
2026-01-19,541096165,2,0.0,2.0,2242.0
2026-01-19,541096166,2,0.0,2.0,2280.0
2026-01-19,541096167,5,1.0,4.0,1836.0
2026-01-19,549254419,21,1.0,20.0,1632.0157142857145
2026-01-19,585840780,10,0.0,10.0,904.884
2026-01-19,585840782,7,0.0,7.0,914.2857142857143
2026-01-19,585840783,10,0.0,10.0,810.0
2026-01-19,649988707,15,0.0,15.0,2100.0
2026-01-19,681642682,9,0.0,9.0,1890.0
2026-01-19,715890128,2,0.0,2.0,1960.0
2026-01-19,724729234,2,0.0,2.0,2020.0
2026-01-19,732543829,1,0.0,1.0,1950.0
2026-01-20,219033581,12,0.0,12.0,1908.4725
2026-01-20,219037028,3,0.0,3.0,2009.0
2026-01-20,220783118,4,0.0,4.0,2040.0
2026-01-20,220783121,1,0.0,1.0,2090.0
2026-01-20,220783128,14,0.0,14.0,1960.0
2026-01-20,220783129,8,0.0,8.0,1924.0025
2026-01-20,220796910,26,1.0,25.0,1044.8414814814814
2026-01-20,220796916,29,0.0,29.0,1263.4448275862069
2026-01-20,220796924,40,0.0,40.0,1119.094
2026-01-20,220796929,9,1.0,8.0,1052.0
2026-01-20,220796932,2,0.0,2.0,1346.5
2026-01-20,221216505,2,0.0,2.0,1861.0
2026-01-20,221216935,7,0.0,7.0,1835.0414285714287
2026-01-20,221217363,19,0.0,19.0,1082.05
2026-01-20,223302777,8,0.0,8.0,1247.13625
2026-01-20,223611282,1,0.0,1.0,433.0
2026-01-20,223611903,2,0.0,2.0,1680.0
2026-01-20,223615358,6,0.0,6.0,1865.0
2026-01-20,225505021,1,0.0,1.0,540.0
2026-01-20,247803776,2,0.0,2.0,1315.0
2026-01-20,248166626,48,2.0,46.0,1723.6648979591837
2026-01-20,248173261,27,2.0,25.0,1541.4714814814815
2026-01-20,248591628,5,1.0,4.0,1891.2
2026-01-20,248591629,2,0.0,2.0,2100.0
2026-01-20,248639013,39,0.0,39.0,1825.381282051282
2026-01-20,251889892,1,0.0,1.0,1657.68
2026-01-20,251889894,3,0.0,3.0,2026.3333333333333
2026-01-20,253236688,12,0.0,12.0,1968.0
2026-01-20,253237666,21,0.0,21.0,2152.979523809524
2026-01-20,258834337,29,0.0,29.0,933.3693103448276
2026-01-20,258834339,4,0.0,4.0,1118.0
2026-01-20,258836990,20,0.0,20.0,1055.1125
2026-01-20,258836991,3,0.0,3.0,920.0
2026-01-20,258850894,19,0.0,19.0,665.9963157894737
2026-01-20,262595711,4,0.0,4.0,1115.96
2026-01-20,262596137,8,0.0,8.0,931.0
2026-01-20,262596138,2,0.0,2.0,900.0
2026-01-20,273080437,1,0.0,1.0,807.0
2026-01-20,278278778,7,0.0,7.0,2035.0
2026-01-20,278837544,1,0.0,1.0,1187.0
2026-01-20,278837827,2,0.0,2.0,980.0
2026-01-20,279005801,1,0.0,1.0,1815.0
2026-01-20,279007387,1,0.0,1.0,1925.0
2026-01-20,296818633,19,0.0,19.0,1159.0
2026-01-20,300294506,6,1.0,5.0,1693.8333333333333
2026-01-20,300294507,4,1.0,3.0,1625.0
2026-01-20,331575073,4,0.0,4.0,1097.5
2026-01-20,331575074,1,0.0,1.0,1337.0
2026-01-20,331575075,1,0.0,1.0,1365.0
2026-01-20,337308569,10,0.0,10.0,1622.7
2026-01-20,337309667,1,0.0,1.0,1177.0
2026-01-20,366813884,1,0.0,1.0,1049.0
2026-01-20,366813891,1,0.0,1.0,429.0
2026-01-20,366822992,6,0.0,6.0,529.2666666666667
2026-01-20,366822996,6,0.0,6.0,723.6666666666666
2026-01-20,370413854,1,0.0,1.0,926.0
2026-01-20,377242345,6,0.0,6.0,831.5
2026-01-20,377242549,2,0.0,2.0,902.0
2026-01-20,384494968,3,1.0,2.0,916.6966666666667
2026-01-20,398499015,2,0.0,2.0,600.0
2026-01-20,412079855,1,0.0,1.0,585.0
2026-01-20,412079857,2,0.0,2.0,591.755
2026-01-20,444461581,32,2.0,30.0,1946.76625
2026-01-20,462870185,1,0.0,1.0,851.0
2026-01-20,467007550,2,0.0,2.0,2200.0
2026-01-20,468506772,6,0.0,6.0,1602.0
2026-01-20,468506773,2,0.0,2.0,1785.0
2026-01-20,471342171,4,0.0,4.0,3660.0
2026-01-20,474397318,48,2.0,46.0,1842.3573469387754
2026-01-20,474629420,20,2.0,18.0,1663.0304545454544
2026-01-20,475759397,30,2.0,28.0,1847.5986666666665
2026-01-20,488493915,1,1.0,0.0,2098.0
2026-01-20,504801009,46,1.0,45.0,950.0026086956523
2026-01-20,516856408,16,1.0,15.0,2549.680625
2026-01-20,516856409,4,0.0,4.0,0.0
2026-01-20,528912182,27,0.0,27.0,1045.7003703703704
2026-01-20,528912186,34,0.0,34.0,923.4117647058823
2026-01-20,528912198,16,1.0,15.0,535.99375
2026-01-20,541096165,2,0.0,2.0,2242.0
2026-01-20,541096166,4,0.0,4.0,1710.0
2026-01-20,541096167,3,0.0,3.0,1980.0
2026-01-20,549254419,48,0.0,48.0,1631.9995833333332
2026-01-20,585840779,2,0.0,2.0,1176.0
2026-01-20,585840780,7,0.0,7.0,888.7142857142857
2026-01-20,585840782,2,0.0,2.0,900.0
2026-01-20,585840783,10,0.0,10.0,800.004
2026-01-20,649988707,14,0.0,14.0,2092.862857142857
2026-01-20,681642682,5,0.0,5.0,2100.0
2026-01-20,715890128,1,0.0,1.0,1960.0
2026-01-20,715890129,1,0.0,1.0,2120.0
2026-01-20,724729234,1,0.0,1.0,1880.0
2026-01-20,732543829,7,0.0,7.0,1950.0
2026-01-21,218456964,1,0.0,1.0,401.0
2026-01-21,219033581,11,1.0,10.0,1904.01
2026-01-21,219037028,1,0.0,1.0,2009.0
2026-01-21,220783118,5,0.0,5.0,2040.0
2026-01-21,220783121,3,0.0,3.0,2089.96
2026-01-21,220783128,7,0.0,7.0,1959.9971428571428
2026-01-21,220783129,3,0.0,3.0,1923.86
2026-01-21,220796910,16,0.0,16.0,1085.0
2026-01-21,220796916,31,0.0,31.0,1276.9280645161289
2026-01-21,220796924,35,0.0,35.0,1095.3211111111111
2026-01-21,220796929,4,0.0,4.0,1052.075
2026-01-21,220796932,2,0.0,2.0,1193.0
2026-01-21,221216505,4,0.0,4.0,1861.0
2026-01-21,221216935,4,0.0,4.0,1858.0
2026-01-21,221217363,22,0.0,22.0,1139.0
2026-01-21,223302777,10,0.0,10.0,1304.0059999999999
2026-01-21,223615358,7,0.0,7.0,1865.0
2026-01-21,225497817,1,0.0,1.0,417.0
2026-01-21,247803776,7,1.0,6.0,1268.0085714285713
2026-01-21,248166626,40,2.0,38.0,1788.775
2026-01-21,248173261,27,0.0,27.0,1637.4596296296297
2026-01-21,248591628,2,0.0,2.0,1934.74
2026-01-21,248591629,2,0.0,2.0,2163.0
2026-01-21,248639013,31,2.0,29.0,1908.665806451613
2026-01-21,251889892,1,1.0,0.0,1658.0
2026-01-21,251889894,1,0.0,1.0,1998.0
2026-01-21,253236688,8,0.0,8.0,1968.00375
2026-01-21,253237666,17,0.0,17.0,2033.388888888889
2026-01-21,258834337,37,1.0,36.0,965.4872972972972
2026-01-21,258836990,30,0.0,30.0,1056.1566666666668
2026-01-21,258850894,14,1.0,13.0,666.0228571428571
2026-01-21,262595711,11,0.0,11.0,1116.0
2026-01-21,262595712,1,0.0,1.0,1726.0
2026-01-21,262596137,15,0.0,15.0,905.001875
2026-01-21,262596138,5,0.0,5.0,900.1619999999999
2026-01-21,278278778,8,0.0,8.0,1809.0455555555554
2026-01-21,278837827,1,0.0,1.0,980.0
2026-01-21,296818633,11,0.0,11.0,1159.0
2026-01-21,300294506,3,1.0,2.0,1800.3333333333333
2026-01-21,300294507,5,1.0,4.0,1625.174
2026-01-21,315032004,2,0.0,2.0,860.0
2026-01-21,331575073,1,0.0,1.0,1147.0
2026-01-21,337308569,13,0.0,13.0,1593.0
2026-01-21,366813884,1,0.0,1.0,396.0
2026-01-21,366813891,1,0.0,1.0,429.0
2026-01-21,366813897,1,0.0,1.0,372.0
2026-01-21,366822992,2,0.0,2.0,604.25
2026-01-21,366822996,4,1.0,3.0,828.5
2026-01-21,370413854,3,0.0,3.0,926.0
2026-01-21,377241928,1,0.0,1.0,956.0
2026-01-21,377242345,4,0.0,4.0,680.25
2026-01-21,377242549,1,0.0,1.0,902.0
2026-01-21,384494969,1,0.0,1.0,798.0
2026-01-21,398499015,1,0.0,1.0,600.0
2026-01-21,412079855,1,0.0,1.0,585.0
2026-01-21,444461581,29,1.0,28.0,1959.0193103448275
2026-01-21,462870185,1,0.0,1.0,851.0
2026-01-21,468506772,8,0.0,8.0,1667.20625
2026-01-21,468506773,1,0.0,1.0,1785.0
2026-01-21,471342171,5,1.0,4.0,3367.2
2026-01-21,474397318,30,1.0,29.0,1845.8512903225806
2026-01-21,474629420,17,0.0,17.0,1860.8823529411766
2026-01-21,475748707,1,0.0,1.0,2027.0
2026-01-21,475759397,29,1.0,28.0,1877.5544827586207
2026-01-21,504801009,34,0.0,34.0,950.0017647058824
2026-01-21,516856408,19,0.0,19.0,2535.367894736842
2026-01-21,516856409,2,0.0,2.0,1846.0
2026-01-21,528912182,20,0.0,20.0,967.25
2026-01-21,528912186,39,0.0,39.0,940.075641025641
2026-01-21,528912198,15,0.0,15.0,502.5575
2026-01-21,541096165,1,0.0,1.0,2242.0
2026-01-21,541096166,5,0.0,5.0,2279.978
2026-01-21,541096167,7,0.0,7.0,1877.142857142857
2026-01-21,549254419,38,0.0,38.0,1590.2166666666667
2026-01-21,585840780,8,0.0,8.0,886.875
2026-01-21,585840782,6,0.0,6.0,916.6666666666666
2026-01-21,585840783,12,0.0,12.0,800.0033333333334
2026-01-21,649988707,18,0.0,18.0,2100.0
2026-01-21,681642682,9,0.0,9.0,2100.0
2026-01-21,715890128,1,0.0,1.0,1960.0
2026-01-21,724729234,3,0.0,3.0,1880.0
2026-01-21,732543829,7,1.0,6.0,1950.0
2026-01-22,219033581,15,0.0,15.0,1911.2
2026-01-22,219037028,2,0.0,2.0,2009.0
2026-01-22,220673471,1,0.0,1.0,2337.0
2026-01-22,220783118,10,0.0,10.0,2040.0
2026-01-22,220783121,3,0.0,3.0,2090.0
2026-01-22,220783128,7,0.0,7.0,1960.0
2026-01-22,220783129,3,0.0,3.0,1924.0
2026-01-22,220796910,13,0.0,13.0,1085.0
2026-01-22,220796916,32,0.0,32.0,1277.995
2026-01-22,220796924,31,0.0,31.0,1144.0
2026-01-22,220796929,8,0.0,8.0,1052.0
2026-01-22,220796932,3,0.0,3.0,1295.3333333333333
2026-01-22,221216505,1,0.0,1.0,1861.0
2026-01-22,221216935,4,0.0,4.0,1858.0675
2026-01-22,221217363,26,0.0,26.0,1093.1274074074074
2026-01-22,223302777,10,1.0,9.0,1258.4940000000001
2026-01-22,223611282,1,0.0,1.0,433.0
2026-01-22,223615358,9,0.0,9.0,1864.993333333333
2026-01-22,225497817,1,0.0,1.0,417.0
2026-01-22,247803776,3,0.0,3.0,1205.3333333333333
2026-01-22,248166626,33,0.0,33.0,1783.939393939394
2026-01-22,248173261,21,1.0,20.0,1705.9080952380953
2026-01-22,248591628,7,0.0,7.0,1924.5714285714287
2026-01-22,248639013,17,1.0,16.0,1836.0
2026-01-22,251889892,3,0.0,3.0,1672.3333333333333
2026-01-22,251889894,2,0.0,2.0,2040.5
2026-01-22,253236688,7,1.0,6.0,1968.0
2026-01-22,253237666,13,0.0,13.0,2143.5384615384614
2026-01-22,258834337,30,0.0,30.0,957.6566666666666
2026-01-22,258836990,22,0.0,22.0,1008.984347826087
2026-01-22,258836991,1,0.0,1.0,920.0
2026-01-22,258850894,13,1.0,12.0,618.4285714285714
2026-01-22,262595711,6,0.0,6.0,1116.0
2026-01-22,262595712,1,0.0,1.0,1726.0
2026-01-22,262596137,7,0.0,7.0,931.1
2026-01-22,262596138,3,0.0,3.0,900.0
2026-01-22,266671578,2,0.0,2.0,1147.0
2026-01-22,278278778,4,0.0,4.0,2035.0
2026-01-22,278837827,2,1.0,1.0,980.0
2026-01-22,296818633,15,0.0,15.0,1158.9906666666668
2026-01-22,300294506,4,1.0,3.0,1725.0
2026-01-22,300294507,6,0.0,6.0,1625.5
2026-01-22,315032004,1,0.0,1.0,860.0
2026-01-22,337308569,6,2.0,4.0,1665.5983333333334
2026-01-22,366760796,1,0.0,1.0,431.0
2026-01-22,366813879,1,0.0,1.0,952.0
2026-01-22,366813884,2,1.0,1.0,722.5
2026-01-22,366813893,1,0.0,1.0,448.0
2026-01-22,366813897,1,0.0,1.0,372.0
2026-01-22,366822992,1,0.0,1.0,409.62
2026-01-22,366822996,1,0.0,1.0,835.0
2026-01-22,377242345,3,1.0,2.0,932.3333333333334
2026-01-22,377242549,1,0.0,1.0,902.0
2026-01-22,384494968,8,0.0,8.0,1031.25
2026-01-22,412079855,1,0.0,1.0,585.0
2026-01-22,412079857,5,0.0,5.0,592.0699999999999
2026-01-22,444461581,21,0.0,21.0,1976.3809523809523
2026-01-22,462870185,2,0.0,2.0,851.0
2026-01-22,467007550,3,0.0,3.0,1980.0
2026-01-22,468506772,4,0.0,4.0,1623.6625
2026-01-22,468506773,2,0.0,2.0,1830.5
2026-01-22,471342171,7,1.0,6.0,3451.0128571428572
2026-01-22,474397318,46,0.0,46.0,1950.3247826086956
2026-01-22,474629420,13,0.0,13.0,1890.0
2026-01-22,475759397,31,5.0,26.0,1882.725806451613
2026-01-22,488493915,1,0.0,1.0,2098.0
2026-01-22,504801009,32,1.0,31.0,949.9971875
2026-01-22,516856408,15,1.0,14.0,2478.528125
2026-01-22,516856409,3,1.0,2.0,1846.0
2026-01-22,528912182,20,1.0,19.0,907.2852380952381
2026-01-22,528912186,20,0.0,20.0,935.6
2026-01-22,528912198,18,0.0,18.0,507.7884210526316
2026-01-22,541096165,3,0.0,3.0,2242.0
2026-01-22,541096166,4,0.0,4.0,2280.0
2026-01-22,541096167,6,0.0,6.0,1940.0
2026-01-22,549254419,34,0.0,34.0,1632.0005882352941
2026-01-22,585840780,5,0.0,5.0,874.0
2026-01-22,585840782,4,0.0,4.0,900.0
2026-01-22,585840783,12,0.0,12.0,800.0
2026-01-22,649988707,17,0.0,17.0,2100.004705882353
2026-01-22,681642682,4,0.0,4.0,2100.0
2026-01-22,715890128,1,0.0,1.0,1960.0
2026-01-22,724729234,1,0.0,1.0,1880.0
2026-01-22,732543829,8,0.0,8.0,1950.0
2026-01-23,219033581,7,0.0,7.0,1904.0
2026-01-23,219037028,2,0.0,2.0,2009.0
2026-01-23,220783118,7,0.0,7.0,2040.0
2026-01-23,220783121,4,0.0,4.0,2090.0
2026-01-23,220783128,4,0.0,4.0,1920.0
2026-01-23,220783129,5,0.0,5.0,1924.0
2026-01-23,220796910,14,0.0,14.0,1085.0
2026-01-23,220796916,20,0.0,20.0,1275.2
2026-01-23,220796924,14,0.0,14.0,1186.8535714285715
2026-01-23,220796929,4,0.0,4.0,1052.0
2026-01-23,220796932,1,0.0,1.0,1193.0
2026-01-23,221216505,1,0.0,1.0,1861.0
2026-01-23,221216935,5,0.0,5.0,1858.0
2026-01-23,221217363,14,0.0,14.0,1124.857142857143
2026-01-23,223302777,15,0.0,15.0,1288.8
2026-01-23,223611903,1,0.0,1.0,1680.0
2026-01-23,223615358,9,0.0,9.0,1865.03
2026-01-23,225497817,2,0.0,2.0,417.0
2026-01-23,247803776,4,0.0,4.0,1150.5875
2026-01-23,248166626,43,3.0,40.0,1801.9451162790697
2026-01-23,248173261,16,0.0,16.0,1724.504375
2026-01-23,248591628,3,0.0,3.0,1959.3333333333333
2026-01-23,248591629,3,0.0,3.0,2184.0
2026-01-23,248639013,37,1.0,36.0,1905.7083783783785
2026-01-23,251889892,2,0.0,2.0,1702.5
2026-01-23,251889894,4,0.0,4.0,2040.5
2026-01-23,253236688,8,0.0,8.0,1749.3333333333333
2026-01-23,253237666,15,0.0,15.0,2140.6666666666665
2026-01-23,258834337,28,0.0,28.0,955.9932142857143
2026-01-23,258836990,21,0.0,21.0,1052.0
2026-01-23,258836991,2,0.0,2.0,920.0
2026-01-23,258850894,11,0.0,11.0,665.9954545454545
2026-01-23,262595711,7,0.0,7.0,1116.0
2026-01-23,262595712,2,0.0,2.0,1726.24
2026-01-23,262596137,5,0.0,5.0,931.0
2026-01-23,262596138,7,0.0,7.0,900.0128571428571
2026-01-23,266671578,1,0.0,1.0,1147.0
2026-01-23,278278778,8,0.0,8.0,2035.0
2026-01-23,278837544,1,0.0,1.0,1187.0
2026-01-23,278837827,2,0.0,2.0,980.0
2026-01-23,296818633,10,0.0,10.0,1159.0
2026-01-23,300294506,4,0.0,4.0,1809.75
2026-01-23,300294507,1,0.0,1.0,1625.0
2026-01-23,315032004,2,0.0,2.0,1189.0
2026-01-23,331575073,2,0.0,2.0,1147.0
2026-01-23,331575074,1,0.0,1.0,1337.0
2026-01-23,337308569,4,1.0,3.0,1674.25
2026-01-23,366760796,1,0.0,1.0,429.96
2026-01-23,366813884,2,0.0,2.0,396.0
2026-01-23,366822992,2,0.0,2.0,604.25
2026-01-23,366822996,1,0.0,1.0,793.25
2026-01-23,370413854,1,0.0,1.0,926.0
2026-01-23,377242345,3,0.0,3.0,932.43
2026-01-23,377242549,1,0.0,1.0,902.0
2026-01-23,384494968,2,0.0,2.0,1000.0
2026-01-23,398499015,1,0.0,1.0,600.0
2026-01-23,444461581,46,2.0,44.0,1968.4247826086955
2026-01-23,467007550,1,0.0,1.0,2200.0
2026-01-23,468506772,1,0.0,1.0,1602.0
2026-01-23,468506773,1,0.0,1.0,1785.0
2026-01-23,471342171,3,0.0,3.0,3660.0
2026-01-23,474397318,39,1.0,38.0,1917.425
2026-01-23,474629420,16,0.0,16.0,1890.0
2026-01-23,475759397,32,1.0,31.0,1889.886875
2026-01-23,504801009,29,1.0,28.0,915.013
2026-01-23,516856408,19,0.0,19.0,2448.225
2026-01-23,516856409,4,0.0,4.0,1846.0
2026-01-23,528912182,19,0.0,19.0,949.0031578947369
2026-01-23,528912186,30,0.0,30.0,917.1616666666666
2026-01-23,528912198,11,0.0,11.0,536.0609090909091
2026-01-23,541096165,2,1.0,1.0,2242.0
2026-01-23,541096166,1,0.0,1.0,2280.0
2026-01-23,541096167,1,0.0,1.0,1980.0
2026-01-23,549254419,39,0.0,39.0,1632.0005128205128
2026-01-23,585840780,3,0.0,3.0,874.0
2026-01-23,585840782,5,0.0,5.0,900.0540000000001
2026-01-23,585840783,5,0.0,5.0,800.0
2026-01-23,649988707,16,0.0,16.0,2100.0
2026-01-23,681642682,7,0.0,7.0,2100.09
2026-01-23,715890128,3,0.0,3.0,1960.0
2026-01-23,715890129,1,0.0,1.0,2120.0
2026-01-23,724729234,4,0.0,4.0,1880.0
2026-01-23,732543829,10,0.0,10.0,1950.0049999999999
2026-01-23,759970497,2,0.0,2.0,1750.0
2026-01-24,218456964,1,0.0,1.0,401.0
2026-01-24,219033581,5,0.0,5.0,1904.006
2026-01-24,219037028,3,0.0,3.0,2009.0
2026-01-24,220783118,9,0.0,9.0,2040.0
2026-01-24,220783121,1,0.0,1.0,2090.0
2026-01-24,220783128,8,0.0,8.0,1939.71375
2026-01-24,220783129,2,0.0,2.0,1900.0
2026-01-24,220796910,14,0.0,14.0,1084.9950000000001
2026-01-24,220796916,30,0.0,30.0,1267.0829999999999
2026-01-24,220796924,19,1.0,18.0,1181.2631578947369
2026-01-24,220796929,1,0.0,1.0,1052.0
2026-01-24,220796932,5,0.0,5.0,1193.008
2026-01-24,221216505,1,0.0,1.0,1861.0
2026-01-24,221216935,3,0.0,3.0,1858.1033333333332
2026-01-24,221217363,26,1.0,25.0,1124.9784615384615
2026-01-24,223302777,10,0.0,10.0,1304.0
2026-01-24,223611282,1,0.0,1.0,433.0
2026-01-24,223611903,3,0.0,3.0,1680.0
2026-01-24,223615358,3,1.0,2.0,1865.0
2026-01-24,225497817,1,0.0,1.0,417.0
2026-01-24,225505021,1,0.0,1.0,540.0
2026-01-24,247803776,2,0.0,2.0,1315.0
2026-01-24,248166626,31,2.0,29.0,1793.9367741935484
2026-01-24,248173261,16,3.0,13.0,1707.8125
2026-01-24,248591628,3,1.0,2.0,1959.2833333333335
2026-01-24,248591629,3,0.0,3.0,2225.03
2026-01-24,248639013,29,1.0,28.0,1841.448275862069
2026-01-24,251889892,3,0.0,3.0,1717.3333333333333
2026-01-24,251889894,2,1.0,1.0,1997.775
2026-01-24,253236688,6,0.0,6.0,1968.0
2026-01-24,253237666,14,0.0,14.0,2029.9599999999998
2026-01-24,258834337,26,2.0,24.0,959.8430769230769
2026-01-24,258834339,2,0.0,2.0,1118.0
2026-01-24,258836990,9,0.0,9.0,1052.0266666666666
2026-01-24,258836991,2,0.0,2.0,920.0
2026-01-24,258850894,15,0.0,15.0,666.0
2026-01-24,258850896,1,0.0,1.0,770.0
2026-01-24,262595711,2,0.0,2.0,1116.0
2026-01-24,262595712,1,0.0,1.0,1726.0
2026-01-24,262596137,4,0.0,4.0,995.5
2026-01-24,262596138,1,0.0,1.0,899.88
2026-01-24,278278778,4,1.0,3.0,2035.0
2026-01-24,278837544,1,0.0,1.0,1187.0
2026-01-24,278837827,1,0.0,1.0,980.0
2026-01-24,279005801,2,0.0,2.0,1815.0
2026-01-24,296818633,12,0.0,12.0,1150.25
2026-01-24,300294506,8,0.0,8.0,1781.5
2026-01-24,300294507,4,0.0,4.0,1683.5
2026-01-24,315032004,1,0.0,1.0,860.0
2026-01-24,331575073,2,0.0,2.0,1097.5
2026-01-24,337308569,13,2.0,11.0,1656.3846153846155
2026-01-24,366813884,1,0.0,1.0,396.0
2026-01-24,366813891,1,0.0,1.0,429.0
2026-01-24,366813893,1,0.0,1.0,448.0
2026-01-24,377242345,3,0.0,3.0,932.3333333333334
2026-01-24,377242549,2,0.0,2.0,902.0
2026-01-24,384494968,1,0.0,1.0,1000.0
2026-01-24,398499015,1,0.0,1.0,600.0
2026-01-24,412079855,1,0.0,1.0,585.0
2026-01-24,412079857,3,0.0,3.0,592.0
2026-01-24,444461581,34,3.0,31.0,1975.335
2026-01-24,468506772,6,0.0,6.0,1631.085
2026-01-24,468506773,2,0.0,2.0,1876.0
2026-01-24,471342171,7,1.0,6.0,3555.4285714285716
2026-01-24,474397318,32,1.0,31.0,1938.0625
2026-01-24,474629420,18,1.0,17.0,1872.5
2026-01-24,475759397,36,4.0,32.0,1894.371666666667
2026-01-24,488493915,1,1.0,0.0,3702.0
2026-01-24,504801009,39,0.0,39.0,904.94975
2026-01-24,516856408,17,1.0,16.0,2653.1176470588234
2026-01-24,516856409,2,0.0,2.0,1846.0
2026-01-24,528912182,23,0.0,23.0,961.6982608695653
2026-01-24,528912186,11,0.0,11.0,907.289090909091
2026-01-24,528912198,5,1.0,4.0,536.0
2026-01-24,541096165,2,0.0,2.0,2242.0
2026-01-24,541096166,2,0.0,2.0,2280.0
2026-01-24,541096167,1,0.0,1.0,1980.0
2026-01-24,549254419,29,0.0,29.0,1577.612
2026-01-24,585840780,2,0.0,2.0,874.0
2026-01-24,585840782,1,0.0,1.0,900.0
2026-01-24,585840783,9,1.0,8.0,816.6666666666666
2026-01-24,649988707,13,0.0,13.0,2053.846153846154
2026-01-24,681642682,1,0.0,1.0,2100.0
2026-01-24,715890127,1,0.0,1.0,1960.0
2026-01-24,715890128,2,0.0,2.0,1960.0
2026-01-24,724729234,3,0.0,3.0,1880.0
2026-01-24,732543829,4,0.0,4.0,1937.5
2026-01-24,756653629,2,0.0,2.0,2300.0
2026-01-24,759970497,1,0.0,1.0,1750.0
2026-01-25,219033581,11,0.0,11.0,1849.4545454545455
2026-01-25,220783118,13,0.0,13.0,2020.3846153846155
2026-01-25,220783121,4,0.0,4.0,2090.0
2026-01-25,220783128,11,0.0,11.0,1887.2654545454543
2026-01-25,220783129,5,0.0,5.0,1854.524
2026-01-25,220796910,13,0.0,13.0,1084.8946153846155
2026-01-25,220796916,23,3.0,20.0,1250.7104347826087
2026-01-25,220796924,17,0.0,17.0,1102.2177777777777
2026-01-25,220796929,3,0.0,3.0,789.0
2026-01-25,220796932,4,0.0,4.0,1192.6275
2026-01-25,221216505,2,0.0,2.0,1821.5
2026-01-25,221217363,16,0.0,16.0,1122.465
2026-01-25,223302777,5,0.0,5.0,1299.522
2026-01-25,223615358,5,0.0,5.0,1865.0
2026-01-25,225497817,1,0.0,1.0,417.0
2026-01-25,247803776,2,1.0,1.0,1943.0
2026-01-25,248166626,41,1.0,40.0,1793.958536585366
2026-01-25,248173261,14,1.0,13.0,1682.4385714285713
2026-01-25,248639013,27,0.0,27.0,1780.4766666666667
2026-01-25,251889892,3,0.0,3.0,1747.0
2026-01-25,251889894,2,0.0,2.0,2083.0
2026-01-25,253236688,10,0.0,10.0,1977.6
2026-01-25,253237666,20,0.0,20.0,2026.8880000000001
2026-01-25,258834337,28,0.0,28.0,957.7975
2026-01-25,258834339,1,0.0,1.0,1118.0
2026-01-25,258836990,16,1.0,15.0,1052.02
2026-01-25,258836991,3,0.0,3.0,920.0
2026-01-25,258850894,14,1.0,13.0,621.5913333333334
2026-01-25,262595711,4,0.0,4.0,1115.9725
2026-01-25,262596137,6,0.0,6.0,973.8583333333332
2026-01-25,262596138,2,0.0,2.0,900.135
2026-01-25,266671578,1,0.0,1.0,1147.0
2026-01-25,278278778,4,0.0,4.0,2007.5
2026-01-25,296818633,17,1.0,16.0,1107.5688235294117
2026-01-25,300294506,1,0.0,1.0,1838.0
2026-01-25,300294507,5,1.0,4.0,1695.2
2026-01-25,315032004,1,0.0,1.0,1517.91
2026-01-25,337308569,8,0.0,8.0,1661.0462499999999
2026-01-25,337309667,2,0.0,2.0,1177.0
2026-01-25,366813884,1,0.0,1.0,1049.0
2026-01-25,366822992,3,0.0,3.0,669.0166666666667
2026-01-25,377242345,1,0.0,1.0,1134.85
2026-01-25,384494968,2,0.0,2.0,666.6666666666666
2026-01-25,444461581,21,3.0,18.0,1955.095238095238
2026-01-25,467007550,2,0.0,2.0,2200.0
2026-01-25,468506772,6,0.0,6.0,1645.5783333333331
2026-01-25,468506773,4,1.0,3.0,1830.5
2026-01-25,471342171,5,1.0,4.0,3655.656
2026-01-25,474397318,35,2.0,33.0,1936.2454285714284
2026-01-25,474629420,17,2.0,15.0,1847.6470588235295
2026-01-25,475748707,1,0.0,1.0,1601.0
2026-01-25,475759397,30,3.0,27.0,1883.876
2026-01-25,488493915,1,0.0,1.0,3702.0
2026-01-25,504801009,28,2.0,26.0,911.9203571428571
2026-01-25,516856408,12,1.0,11.0,2624.0
2026-01-25,528912182,9,0.0,9.0,854.781
2026-01-25,528912186,19,0.0,19.0,918.9621052631578
2026-01-25,528912198,12,0.0,12.0,536.0
2026-01-25,541096165,1,0.0,1.0,2242.0
2026-01-25,541096166,4,0.0,4.0,2280.0
2026-01-25,541096167,4,0.0,4.0,1950.0
2026-01-25,549254419,24,0.0,24.0,1625.2904166666667
2026-01-25,585840779,1,0.0,1.0,1176.0
2026-01-25,585840780,6,0.0,6.0,873.7566666666667
2026-01-25,585840782,3,0.0,3.0,900.0
2026-01-25,585840783,6,0.0,6.0,800.0
2026-01-25,649988707,15,0.0,15.0,2040.0
2026-01-25,681642682,9,0.0,9.0,2011.111111111111
2026-01-25,715890127,1,0.0,1.0,1880.0
2026-01-25,715890128,2,0.0,2.0,1940.0
2026-01-25,715890129,2,0.0,2.0,2000.0
2026-01-25,732543829,5,0.0,5.0,1827.6779999999999
2026-01-25,756653629,4,0.0,4.0,2350.0
2026-01-25,759970497,4,0.0,4.0,1712.5
2026-01-26,219033581,13,1.0,12.0,1769.9161538461537
2026-01-26,219037028,2,0.0,2.0,1886.0
2026-01-26,220783118,8,0.0,8.0,1974.80375
2026-01-26,220783121,2,0.0,2.0,2090.0
2026-01-26,220783128,8,0.0,8.0,1820.0
2026-01-26,220783129,2,0.0,2.0,1876.0
2026-01-26,220796910,6,0.0,6.0,1084.7716666666668
2026-01-26,220796916,29,0.0,29.0,597.6236666666666
2026-01-26,220796924,24,0.0,24.0,1182.805
2026-01-26,220796929,1,0.0,1.0,1052.0
2026-01-26,220796932,3,0.0,3.0,1193.0
2026-01-26,221216505,3,0.0,3.0,1834.75
2026-01-26,221216935,5,0.0,5.0,1858.0880000000002
2026-01-26,221217363,10,0.0,10.0,1108.5729999999999
2026-01-26,223302777,6,1.0,5.0,1304.0
2026-01-26,223615358,6,1.0,5.0,1598.5714285714287
2026-01-26,225497817,1,0.0,1.0,417.0
2026-01-26,247803776,4,0.0,4.0,1472.0
2026-01-26,248166626,32,3.0,29.0,1794.023125
2026-01-26,248173261,23,4.0,19.0,1751.3478260869565
2026-01-26,248591629,3,1.0,2.0,2226.0
2026-01-26,248639013,34,0.0,34.0,1723.5225714285714
2026-01-26,248639014,1,0.0,1.0,1485.0
2026-01-26,251889892,1,0.0,1.0,1747.0
2026-01-26,251889894,5,0.0,5.0,2066.0
2026-01-26,253236688,10,1.0,9.0,1939.2
2026-01-26,253237666,18,0.0,18.0,1940.492777777778
2026-01-26,258834337,20,0.0,20.0,960.6595
2026-01-26,258836990,13,0.0,13.0,1052.0
2026-01-26,258836991,3,0.0,3.0,920.0333333333333
2026-01-26,258850894,9,1.0,8.0,666.0
2026-01-26,258850896,1,0.0,1.0,770.0
2026-01-26,262595711,2,0.0,2.0,1116.0
2026-01-26,262596137,4,0.0,4.0,931.0
2026-01-26,262596138,3,0.0,3.0,675.0
2026-01-26,278278778,7,0.0,7.0,1972.142857142857
2026-01-26,296818633,12,0.0,12.0,1080.2691666666667
2026-01-26,300294506,5,0.0,5.0,1815.4
2026-01-26,300294507,1,1.0,0.0,1742.0
2026-01-26,316614616,1,0.0,1.0,510.0
2026-01-26,331575073,1,0.0,1.0,1147.0
2026-01-26,331575075,1,0.0,1.0,1365.0
2026-01-26,337308569,9,1.0,8.0,1698.7266666666667
2026-01-26,337309667,1,0.0,1.0,1176.62
2026-01-26,366813884,1,0.0,1.0,1049.0
2026-01-26,366822994,1,0.0,1.0,416.0
2026-01-26,377242345,3,0.0,3.0,1134.0
2026-01-26,412079857,1,0.0,1.0,592.0
2026-01-26,444461581,23,0.0,23.0,1962.0691304347824
2026-01-26,468506772,5,0.0,5.0,1671.816
2026-01-26,468506773,1,0.0,1.0,1876.0
2026-01-26,471342171,3,1.0,2.0,3660.0
2026-01-26,474397318,28,0.0,28.0,1934.6021428571428
2026-01-26,474629420,31,1.0,30.0,1866.776129032258
2026-01-26,475748707,3,0.0,3.0,2027.0
2026-01-26,475759397,28,3.0,25.0,1832.9613793103447
2026-01-26,480012919,1,0.0,1.0,972.0
2026-01-26,504801009,30,0.0,30.0,915.0
2026-01-26,516856408,14,0.0,14.0,2666.4285714285716
2026-01-26,516856409,1,0.0,1.0,1846.0
2026-01-26,528912182,12,0.0,12.0,954.6125000000001
2026-01-26,528912186,18,0.0,18.0,908.7199999999999
2026-01-26,528912198,5,0.0,5.0,536.0
2026-01-26,541096165,3,0.0,3.0,2242.0
2026-01-26,541096166,3,0.0,3.0,2280.0
2026-01-26,541096167,5,1.0,4.0,1908.0
2026-01-26,549254419,15,0.0,15.0,1610.4206666666666
2026-01-26,585840779,1,0.0,1.0,1176.0
2026-01-26,585840780,2,0.0,2.0,873.7
2026-01-26,585840782,2,0.0,2.0,900.0
2026-01-26,585840783,7,2.0,5.0,800.0
2026-01-26,649988707,13,0.0,13.0,1970.56
2026-01-26,681642682,5,0.0,5.0,1980.0
2026-01-26,715890127,1,0.0,1.0,1760.0
2026-01-26,715890128,4,0.0,4.0,1930.0
2026-01-26,715890129,3,0.0,3.0,1880.0
2026-01-26,724729234,5,0.0,5.0,1816.0
2026-01-26,732543829,8,0.0,8.0,1875.0
2026-01-26,756653629,1,1.0,0.0,2400.0
2026-01-26,759970497,1,0.0,1.0,1700.0
2026-01-26,760323301,2,0.0,2.0,2200.0
2026-01-27,219033581,16,0.0,16.0,1730.25
2026-01-27,219037028,6,0.0,6.0,1927.0
2026-01-27,220783118,8,0.0,8.0,1944.375
2026-01-27,220783121,2,0.0,2.0,2090.0
2026-01-27,220783128,9,0.0,9.0,1835.301111111111
2026-01-27,220783129,3,0.0,3.0,1924.0
2026-01-27,220796910,11,0.0,11.0,1084.3636363636363
2026-01-27,220796916,24,0.0,24.0,1207.3483333333334
2026-01-27,220796924,17,0.0,17.0,1173.9041176470587
2026-01-27,220796929,4,0.0,4.0,1052.0
2026-01-27,220796932,6,0.0,6.0,1193.0
2026-01-27,221216505,1,0.0,1.0,1782.0
2026-01-27,221216935,2,0.0,2.0,1858.0
2026-01-27,221217363,28,0.0,28.0,1110.162857142857
2026-01-27,223302777,2,1.0,1.0,1304.0
2026-01-27,223611903,1,0.0,1.0,1680.0
2026-01-27,223615358,7,0.0,7.0,1865.0
2026-01-27,225497817,4,0.0,4.0,417.0
2026-01-27,247803776,2,0.0,2.0,1464.5
2026-01-27,248166626,34,1.0,33.0,1801.2191176470587
2026-01-27,248173261,12,1.0,11.0,1777.381666666667
2026-01-27,248591628,4,0.0,4.0,1971.5
2026-01-27,248591629,2,0.0,2.0,2163.0
2026-01-27,248639013,67,3.0,64.0,1772.7549253731343
2026-01-27,251889892,2,0.0,2.0,1635.0
2026-01-27,251889894,1,0.0,1.0,1998.0
2026-01-27,253236688,3,0.0,3.0,1920.0
2026-01-27,253237666,25,1.0,24.0,1987.1588000000002
2026-01-27,258834337,13,0.0,13.0,956.0
2026-01-27,258834339,4,0.0,4.0,279.5
2026-01-27,258836990,13,0.0,13.0,970.9915384615384
2026-01-27,258836991,2,0.0,2.0,920.0
2026-01-27,258850894,16,0.0,16.0,666.0
2026-01-27,262595711,7,0.0,7.0,956.5714285714286
2026-01-27,262596137,9,0.0,9.0,827.5555555555555
2026-01-27,262596138,1,0.0,1.0,900.0
2026-01-27,266671578,1,0.0,1.0,1147.0
2026-01-27,278278778,10,0.0,10.0,885.0
2026-01-27,279005801,1,0.0,1.0,1815.0
2026-01-27,296818633,14,0.0,14.0,1032.3686666666667
2026-01-27,300294506,4,0.0,4.0,1838.0
2026-01-27,300294507,3,1.0,2.0,1742.0
2026-01-27,331575070,1,0.0,1.0,0.0
2026-01-27,331575073,2,0.0,2.0,1147.0
2026-01-27,331575074,3,0.0,3.0,1337.0
2026-01-27,337308569,6,0.0,6.0,1682.8333333333333
2026-01-27,366813884,1,0.0,1.0,1049.0
2026-01-27,366822992,1,0.0,1.0,410.0
2026-01-27,366822996,2,0.0,2.0,960.5
2026-01-27,377242345,4,0.0,4.0,980.895
2026-01-27,377242549,1,0.0,1.0,1503.0
2026-01-27,384494968,1,0.0,1.0,1000.0
2026-01-27,412079855,1,0.0,1.0,585.0
2026-01-27,412079857,1,0.0,1.0,592.0
2026-01-27,444461581,26,1.0,25.0,1792.6576923076923
2026-01-27,451093485,1,0.0,1.0,738.0
2026-01-27,468506772,1,1.0,0.0,0.0
2026-01-27,471342171,3,0.0,3.0,3660.0
2026-01-27,474397318,43,3.0,40.0,1948.5439534883722
2026-01-27,474629420,20,0.0,20.0,1845.0
2026-01-27,475759397,25,1.0,24.0,1901.9276
2026-01-27,504801009,37,1.0,36.0,914.8791891891891
2026-01-27,516856408,10,0.0,10.0,2681.189
2026-01-27,516856409,2,0.0,2.0,923.0
2026-01-27,528912182,12,0.0,12.0,790.8333333333334
2026-01-27,528912186,7,0.0,7.0,901.0
2026-01-27,528912198,5,0.0,5.0,535.318
2026-01-27,541096165,1,0.0,1.0,2242.0
2026-01-27,541096166,2,0.0,2.0,2280.0
2026-01-27,541096167,3,1.0,2.0,1900.0
2026-01-27,549254419,24,0.0,24.0,1596.0
2026-01-27,585840780,3,0.0,3.0,872.0533333333333
2026-01-27,585840782,3,0.0,3.0,900.0
2026-01-27,585840783,8,1.0,7.0,800.0
2026-01-27,649988707,14,0.0,14.0,1970.5249999999999
2026-01-27,681642682,4,0.0,4.0,1600.126
2026-01-27,715890128,1,0.0,1.0,1920.0
2026-01-27,715890129,2,0.0,2.0,2000.0
2026-01-27,732543829,10,0.0,10.0,1835.0
2026-01-27,756653629,4,0.0,4.0,2325.0
2026-01-27,759970497,3,0.0,3.0,1683.3333333333333
2026-01-27,760323301,3,0.0,3.0,2233.3333333333335
2026-01-28,218456964,1,0.0,1.0,401.0
2026-01-28,219033581,12,0.0,12.0,1722.3333333333333
2026-01-28,219037028,3,0.0,3.0,1927.0
2026-01-28,220783118,14,0.0,14.0,1967.1485714285716
2026-01-28,220783121,2,0.0,2.0,2090.0
2026-01-28,220783128,5,0.0,5.0,1816.0
2026-01-28,220783129,4,0.0,4.0,1840.0
2026-01-28,220796910,7,1.0,6.0,1085.0
2026-01-28,220796916,24,3.0,21.0,1192.0
2026-01-28,220796924,19,0.0,19.0,1181.268947368421
2026-01-28,220796929,4,0.0,4.0,1052.0
2026-01-28,220796932,4,0.0,4.0,1176.0
2026-01-28,221216505,4,0.0,4.0,1821.5
2026-01-28,221216935,1,0.0,1.0,1858.0
2026-01-28,221217363,19,1.0,18.0,1119.1057894736841
2026-01-28,223297569,1,0.0,1.0,501.0
2026-01-28,223302777,4,0.0,4.0,1304.0
2026-01-28,223615358,5,0.0,5.0,1865.0
2026-01-28,225497817,2,0.0,2.0,417.0
2026-01-28,247803776,1,0.0,1.0,993.12
2026-01-28,248166626,34,1.0,33.0,1794.0408823529413
2026-01-28,248173261,12,1.0,11.0,1778.3333333333333
2026-01-28,248639013,46,0.0,46.0,1742.1149999999998
2026-01-28,251889892,2,0.0,2.0,1747.0
2026-01-28,251889894,3,0.0,3.0,2054.6666666666665
2026-01-28,253236688,11,0.0,11.0,1931.95
2026-01-28,253237666,17,1.0,16.0,1964.8823529411766
2026-01-28,258834337,12,0.0,12.0,960.0741666666667
2026-01-28,258834339,2,0.0,2.0,1118.0
2026-01-28,258836990,10,0.0,10.0,1047.739
2026-01-28,258850894,4,1.0,3.0,666.0
2026-01-28,262595711,2,0.0,2.0,1116.0
2026-01-28,262596137,2,0.0,2.0,931.0
2026-01-28,262596138,2,0.0,2.0,900.0
2026-01-28,278278778,4,0.0,4.0,1980.2425
2026-01-28,278837827,1,0.0,1.0,980.0
2026-01-28,279005801,1,0.0,1.0,1815.0
2026-01-28,279007387,1,0.0,1.0,1925.0
2026-01-28,296818633,12,0.0,12.0,1088.3383333333334
2026-01-28,300294506,4,1.0,3.0,1838.0
2026-01-28,300294507,2,0.0,2.0,1742.0
2026-01-28,316614614,2,0.0,2.0,507.0
2026-01-28,331575074,1,0.0,1.0,1337.0
2026-01-28,337308569,2,1.0,1.0,1700.0
2026-01-28,337309667,1,0.0,1.0,1177.0
2026-01-28,366813884,2,0.0,2.0,1049.0
2026-01-28,384494968,2,0.0,2.0,1250.0
2026-01-28,444461581,25,1.0,24.0,1943.28
2026-01-28,467007550,2,0.0,2.0,2200.0
2026-01-28,468506772,1,0.0,1.0,1689.0
2026-01-28,468506773,4,0.0,4.0,1876.0
2026-01-28,471342171,1,0.0,1.0,3660.0
2026-01-28,474397318,34,3.0,31.0,1937.4782352941174
2026-01-28,474629420,16,2.0,14.0,1867.5
2026-01-28,475759397,27,2.0,25.0,1905.52
2026-01-28,504801009,23,0.0,23.0,917.3965217391304
2026-01-28,516856408,17,1.0,16.0,2653.1176470588234
2026-01-28,516856409,1,0.0,1.0,1846.0
2026-01-28,528912182,10,0.0,10.0,949.0
2026-01-28,528912186,12,0.0,12.0,900.9825000000001
2026-01-28,528912198,4,0.0,4.0,536.0
2026-01-28,541096165,1,1.0,0.0,2242.0
2026-01-28,541096166,1,0.0,1.0,2280.0
2026-01-28,541096167,1,0.0,1.0,1860.0
2026-01-28,549254419,35,0.0,35.0,1590.0382857142856
2026-01-28,585840780,2,0.0,2.0,874.0
2026-01-28,585840782,1,0.0,1.0,900.0
2026-01-28,585840783,9,1.0,8.0,799.8777777777777
2026-01-28,649988707,12,0.0,12.0,1987.5
2026-01-28,681642682,11,0.0,11.0,1936.3636363636363
2026-01-28,715890126,1,0.0,1.0,1640.0
2026-01-28,715890127,2,0.0,2.0,1840.0
2026-01-28,715890128,5,0.0,5.0,1920.0
2026-01-28,724729234,3,0.0,3.0,1720.0
2026-01-28,732543829,11,0.0,11.0,1827.2727272727273
2026-01-28,756653629,3,0.0,3.0,2266.6666666666665
2026-01-28,760323301,3,0.0,3.0,2195.21
2026-01-29,218456964,1,0.0,1.0,902.0
2026-01-29,219033581,10,0.0,10.0,1729.6
2026-01-29,220783118,5,0.0,5.0,1904.0
2026-01-29,220783121,2,0.0,2.0,2090.0
2026-01-29,220783128,9,1.0,8.0,1817.7777777777778
2026-01-29,220783129,3,0.0,3.0,1860.0
2026-01-29,220796910,14,0.0,14.0,1084.9957142857143
2026-01-29,220796916,22,0.0,22.0,1197.0931818181818
2026-01-29,220796924,27,0.0,27.0,1164.2225925925925
2026-01-29,220796932,6,0.0,6.0,1181.6666666666667
2026-01-29,220798414,1,0.0,1.0,326.0
2026-01-29,221216505,4,0.0,4.0,1801.75
2026-01-29,221216935,4,0.0,4.0,1858.0
2026-01-29,221217363,19,0.0,19.0,1104.594210526316
2026-01-29,223302777,4,0.0,4.0,1301.895
2026-01-29,223615358,5,0.0,5.0,1865.0
2026-01-29,247803776,1,1.0,0.0,1943.0
2026-01-29,248166626,36,2.0,34.0,1795.7777777777778
2026-01-29,248173261,13,1.0,12.0,1767.6153846153845
2026-01-29,248591628,2,0.0,2.0,2008.0
2026-01-29,248591629,2,0.0,2.0,2226.0
2026-01-29,248639013,55,1.0,54.0,1730.0040000000001
2026-01-29,251889892,1,0.0,1.0,1658.0
2026-01-29,251889894,1,0.0,1.0,2083.0
2026-01-29,253236688,7,0.0,7.0,1913.142857142857
2026-01-29,253237666,27,0.0,27.0,1968.4596296296297
2026-01-29,258834337,17,0.0,17.0,958.9235294117648
2026-01-29,258836990,12,0.0,12.0,1052.0
2026-01-29,258836991,1,0.0,1.0,920.0
2026-01-29,258850894,7,0.0,7.0,666.0
2026-01-29,258850896,1,0.0,1.0,770.0
2026-01-29,262595711,4,0.0,4.0,1116.0
2026-01-29,262596137,3,0.0,3.0,931.0
2026-01-29,278278778,18,0.0,18.0,1928.6961111111111
2026-01-29,279005801,1,0.0,1.0,1815.0
2026-01-29,279007387,1,0.0,1.0,1925.0
2026-01-29,296818633,10,1.0,9.0,1064.5
2026-01-29,300294506,1,2.0,-1.0,1725.0
2026-01-29,300294507,2,1.0,1.0,1683.5
2026-01-29,331575074,1,0.0,1.0,1337.0
2026-01-29,331575075,1,0.0,1.0,1365.0
2026-01-29,337308569,5,0.0,5.0,1679.4
2026-01-29,337309667,1,0.0,1.0,1177.0
2026-01-29,370413854,1,0.0,1.0,1424.0
2026-01-29,377242345,1,0.0,1.0,1134.0
2026-01-29,377242549,1,0.0,1.0,902.0
2026-01-29,384494968,1,0.0,1.0,1250.0
2026-01-29,412079857,3,0.0,3.0,590.5266666666666
2026-01-29,444461581,28,1.0,27.0,1930.8992857142857
2026-01-29,467007550,4,0.0,4.0,2035.0
2026-01-29,468506772,6,0.0,6.0,1660.0
2026-01-29,468506773,1,0.0,1.0,1876.0
2026-01-29,471342171,1,0.0,1.0,3660.0
2026-01-29,474397318,37,3.0,34.0,1943.4816216216218
2026-01-29,474629420,16,3.0,13.0,1850.62375
2026-01-29,475748707,2,0.0,2.0,2027.0
2026-01-29,475759397,28,2.0,26.0,1897.6117857142856
2026-01-29,504801009,22,0.0,22.0,902.2722727272728
2026-01-29,516856408,13,0.0,13.0,2722.951538461539
2026-01-29,528912182,11,0.0,11.0,949.0
2026-01-29,528912186,4,0.0,4.0,901.0
2026-01-29,528912198,1,0.0,1.0,536.0
2026-01-29,541096165,2,0.0,2.0,2242.0
2026-01-29,541096166,3,0.0,3.0,2280.0
2026-01-29,541096167,1,0.0,1.0,1860.0
2026-01-29,549254419,33,1.0,32.0,1586.1818181818182
2026-01-29,585840779,1,0.0,1.0,1176.0
2026-01-29,585840780,2,0.0,2.0,874.0
2026-01-29,585840782,2,0.0,2.0,900.0
2026-01-29,585840783,3,0.0,3.0,800.0
2026-01-29,649988707,20,1.0,19.0,1980.0
2026-01-29,681642682,5,0.0,5.0,1900.0
2026-01-29,715890126,1,0.0,1.0,1640.0
2026-01-29,715890127,4,0.0,4.0,1830.0
2026-01-29,715890128,4,0.0,4.0,1940.0
2026-01-29,715890129,1,0.0,1.0,1720.0
2026-01-29,724729234,5,0.0,5.0,1768.0
2026-01-29,732543829,11,0.0,11.0,1840.909090909091
2026-01-29,759970497,2,0.0,2.0,1675.0
2026-01-30,219033581,20,0.0,20.0,1765.0
2026-01-30,219037028,4,0.0,4.0,1886.0
2026-01-30,220783118,15,0.0,15.0,1926.5726666666667
2026-01-30,220783121,1,0.0,1.0,2090.0
2026-01-30,220783128,9,0.0,9.0,1835.5555555555557
2026-01-30,220783129,1,0.0,1.0,1828.0
2026-01-30,220796910,13,0.0,13.0,1085.0
2026-01-30,220796916,29,1.0,28.0,1156.816
2026-01-30,220796924,23,0.0,23.0,1128.9166666666667
2026-01-30,220796929,1,0.0,1.0,1052.0
2026-01-30,220796932,5,0.0,5.0,948.8333333333334
2026-01-30,221216505,5,0.0,5.0,1797.8
2026-01-30,221216935,3,0.0,3.0,1858.0
2026-01-30,221217363,22,0.0,22.0,1110.5
2026-01-30,223302777,13,0.0,13.0,1210.8842857142859
2026-01-30,223611903,2,0.0,2.0,1680.0
2026-01-30,223615358,6,0.0,6.0,1865.0
2026-01-30,225497817,3,0.0,3.0,416.59999999999997
2026-01-30,225505021,1,0.0,1.0,540.0
2026-01-30,247803776,1,1.0,0.0,1943.0
2026-01-30,248166626,32,0.0,32.0,1789.175
2026-01-30,248173261,16,1.0,15.0,1762.5025
2026-01-30,248591628,3,0.0,3.0,2008.0
2026-01-30,248591629,1,0.0,1.0,2226.0
2026-01-30,248639013,48,1.0,47.0,1728.7172916666666
2026-01-30,251889892,1,0.0,1.0,1747.0
2026-01-30,251889894,2,0.0,2.0,2083.0
2026-01-30,253236688,10,0.0,10.0,1904.345
2026-01-30,253237666,18,0.0,18.0,1954.8172222222222
2026-01-30,258834337,14,0.0,14.0,954.8478571428572
2026-01-30,258836990,6,0.0,6.0,1052.0
2026-01-30,258836991,3,0.0,3.0,690.025
2026-01-30,258850894,8,0.0,8.0,666.0
2026-01-30,262595711,2,0.0,2.0,1116.0
2026-01-30,262596137,2,0.0,2.0,931.0
2026-01-30,262596138,1,0.0,1.0,900.0
2026-01-30,273080437,1,0.0,1.0,807.0
2026-01-30,278278778,15,0.0,15.0,1937.5506666666665
2026-01-30,278837827,3,0.0,3.0,980.0
2026-01-30,279005801,1,0.0,1.0,1815.0
2026-01-30,296818633,15,0.0,15.0,1060.5173333333335
2026-01-30,300294506,1,0.0,1.0,1725.0
2026-01-30,300294507,2,0.0,2.0,1736.095
2026-01-30,331575073,1,0.0,1.0,1147.0
2026-01-30,331575074,3,0.0,3.0,1337.0
2026-01-30,337308569,2,0.0,2.0,1648.5
2026-01-30,366760796,2,0.0,2.0,728.0
2026-01-30,370413854,1,0.0,1.0,1424.0
2026-01-30,384494968,3,0.0,3.0,1250.0
2026-01-30,412079857,1,0.0,1.0,591.41
2026-01-30,444461581,41,0.0,41.0,1931.4534146341462
2026-01-30,467007550,1,0.0,1.0,2200.0
2026-01-30,468506772,3,0.0,3.0,1689.0
2026-01-30,468506773,2,0.0,2.0,1876.0
2026-01-30,471342171,4,0.0,4.0,3660.0
2026-01-30,474397318,52,2.0,50.0,1925.8865384615385
2026-01-30,474629420,30,4.0,26.0,1851.0003333333334
2026-01-30,475748707,1,0.0,1.0,2027.0
2026-01-30,475759397,19,2.0,17.0,1906.0
2026-01-30,504801009,28,0.0,28.0,907.1428571428571
2026-01-30,516856408,17,0.0,17.0,2653.1176470588234
2026-01-30,528912182,11,0.0,11.0,949.0
2026-01-30,528912186,8,0.0,8.0,901.0
2026-01-30,528912198,5,0.0,5.0,536.0
2026-01-30,541096165,3,0.0,3.0,2242.0
2026-01-30,541096166,2,1.0,1.0,2280.0
2026-01-30,541096167,10,1.0,9.0,1860.0
2026-01-30,549254419,26,1.0,25.0,1582.1538461538462
2026-01-30,585840780,1,0.0,1.0,874.0
2026-01-30,585840782,1,0.0,1.0,900.0
2026-01-30,585840783,3,0.0,3.0,800.0
2026-01-30,649988707,17,0.0,17.0,1967.674705882353
2026-01-30,681642682,6,0.0,6.0,1966.6633333333332
2026-01-30,715890127,3,0.0,3.0,1733.3333333333333
2026-01-30,715890128,8,0.0,8.0,1910.0
2026-01-30,715890129,1,0.0,1.0,2120.0
2026-01-30,724729234,4,0.0,4.0,1720.0
2026-01-30,732543829,16,0.0,16.0,1809.383125
2026-01-30,756653629,3,0.0,3.0,2266.6666666666665
2026-01-30,759970497,2,0.0,2.0,1650.0
2026-01-30,760323301,3,0.0,3.0,2200.0
2026-01-31,219033581,17,0.0,17.0,1686.0
2026-01-31,220783118,16,0.0,16.0,1863.901875
2026-01-31,220783121,1,0.0,1.0,2090.0
2026-01-31,220783128,18,0.0,18.0,1807.1794444444445
2026-01-31,220783129,7,0.0,7.0,1855.4285714285713
2026-01-31,220796910,5,1.0,4.0,1085.0
2026-01-31,220796916,24,0.0,24.0,1100.2930769230768
2026-01-31,220796924,24,0.0,24.0,1172.8333333333333
2026-01-31,220796929,3,0.0,3.0,1275.3333333333333
2026-01-31,220796932,6,0.0,6.0,1125.0
2026-01-31,221216505,2,0.0,2.0,1762.0
2026-01-31,221216935,2,0.0,2.0,1858.0
2026-01-31,221217363,8,1.0,7.0,1093.25
2026-01-31,223302777,8,0.0,8.0,1304.0
2026-01-31,223611282,1,0.0,1.0,1140.0
2026-01-31,223615358,5,0.0,5.0,1865.048
2026-01-31,225497817,1,0.0,1.0,417.0
2026-01-31,247803776,1,0.0,1.0,986.0
2026-01-31,248166626,32,0.0,32.0,1803.63125
2026-01-31,248173261,18,1.0,17.0,1688.0242105263158
2026-01-31,248591628,1,1.0,0.0,2008.0
2026-01-31,248639013,55,1.0,54.0,1698.3735714285715
2026-01-31,251889892,2,1.0,1.0,1702.5
2026-01-31,251889894,1,0.0,1.0,2083.0
2026-01-31,253236688,7,0.0,7.0,1885.7142857142858
2026-01-31,253237666,20,0.0,20.0,1925.622
2026-01-31,258834337,8,0.0,8.0,955.19875
2026-01-31,258834339,1,0.0,1.0,1118.0
2026-01-31,258836990,10,0.0,10.0,1052.0
2026-01-31,258850894,8,0.0,8.0,666.00375
2026-01-31,262595711,5,0.0,5.0,1116.0
2026-01-31,262596137,4,0.0,4.0,930.8675000000001
2026-01-31,262596138,1,0.0,1.0,900.0
2026-01-31,278278778,20,0.0,20.0,1930.4985000000001
2026-01-31,278837544,1,0.0,1.0,1186.72
2026-01-31,278837827,1,0.0,1.0,979.08
2026-01-31,279005801,1,0.0,1.0,1815.0
2026-01-31,296818633,10,0.0,10.0,1074.951
2026-01-31,300294506,1,1.0,0.0,1838.0
2026-01-31,300294507,2,0.0,2.0,1741.7
2026-01-31,331575073,1,0.0,1.0,1147.0
2026-01-31,331575075,1,0.0,1.0,1365.0
2026-01-31,337308569,9,0.0,9.0,1688.5555555555557
2026-01-31,366822996,2,0.0,2.0,1086.0
2026-01-31,377242343,1,0.0,1.0,1063.0
2026-01-31,377242345,1,0.0,1.0,1134.0
2026-01-31,377242549,4,0.0,4.0,1352.75
2026-01-31,384494968,1,0.0,1.0,1250.0
2026-01-31,398499015,1,0.0,1.0,600.0
2026-01-31,412079857,1,0.0,1.0,592.0
2026-01-31,444461581,29,4.0,25.0,1942.0
2026-01-31,468506772,4,0.0,4.0,1689.0
2026-01-31,468506773,1,0.0,1.0,1876.0
2026-01-31,471342171,3,0.0,3.0,3660.0
2026-01-31,474397318,39,1.0,38.0,1930.9456410256412
2026-01-31,474629420,11,6.0,5.0,1857.2727272727273
2026-01-31,475748707,1,0.0,1.0,2027.0
2026-01-31,475759397,26,2.0,24.0,1835.3844444444444
2026-01-31,504801009,34,1.0,33.0,900.9988235294118
2026-01-31,516856408,11,0.0,11.0,2686.9645454545457
2026-01-31,516856409,4,0.0,4.0,1846.0
2026-01-31,528912182,2,0.0,2.0,949.0
2026-01-31,528912186,4,0.0,4.0,899.5325
2026-01-31,528912198,1,0.0,1.0,536.0
2026-01-31,541096165,2,1.0,1.0,2242.0
2026-01-31,541096167,4,1.0,3.0,1860.0
2026-01-31,549254419,26,0.0,26.0,1580.0307692307692
2026-01-31,585840779,1,0.0,1.0,1176.0
2026-01-31,585840780,1,0.0,1.0,874.0
2026-01-31,585840782,3,0.0,3.0,900.0
2026-01-31,585840783,3,0.0,3.0,793.71
2026-01-31,649988707,21,0.0,21.0,1964.314761904762
2026-01-31,681642682,11,0.0,11.0,1809.090909090909
2026-01-31,715890126,3,0.0,3.0,1666.6499999999999
2026-01-31,715890128,4,0.0,4.0,1920.0
2026-01-31,715890129,1,0.0,1.0,1720.0
2026-01-31,724729234,2,0.0,2.0,2020.0
2026-01-31,732543829,14,0.0,14.0,1807.142857142857
2026-01-31,756653629,2,1.0,1.0,2250.0
2026-01-31,760323301,5,0.0,5.0,2200.014
2026-02-01,219033581,12,0.0,12.0,1686.0
2026-02-01,219037028,3,0.0,3.0,1886.0
2026-02-01,220783118,10,0.0,10.0,1861.5
2026-02-01,220783128,8,0.0,8.0,1825.00125
2026-02-01,220783129,5,0.0,5.0,1847.2
2026-02-01,220796910,7,0.0,7.0,1085.1042857142857
2026-02-01,220796916,28,1.0,27.0,1183.725357142857
2026-02-01,220796924,18,0.0,18.0,1171.111111111111
2026-02-01,220796929,1,0.0,1.0,1052.0
2026-02-01,220796932,8,0.0,8.0,1133.5
2026-02-01,221216505,6,0.0,6.0,1788.3333333333333
2026-02-01,221216935,2,0.0,2.0,1858.155
2026-02-01,221217363,33,0.0,33.0,1092.5445454545454
2026-02-01,223302777,8,0.0,8.0,1304.0
2026-02-01,223615358,2,0.0,2.0,1865.0
2026-02-01,248166626,32,0.0,32.0,1802.4071875
2026-02-01,248173261,8,1.0,7.0,1751.5725
2026-02-01,248591629,2,0.0,2.0,2226.0
2026-02-01,248639013,65,1.0,64.0,1697.1945454545455
2026-02-01,251889892,2,0.0,2.0,1702.5
2026-02-01,253236688,8,0.0,8.0,1824.00375
2026-02-01,253237666,30,0.0,30.0,1915.1490000000001
2026-02-01,258834337,17,0.0,17.0,954.1370588235294
2026-02-01,258836990,9,0.0,9.0,1052.0
2026-02-01,258850894,5,0.0,5.0,666.0
2026-02-01,262595711,1,0.0,1.0,1116.0
2026-02-01,262596137,3,0.0,3.0,931.0
2026-02-01,273080437,1,0.0,1.0,807.0
2026-02-01,278278778,7,0.0,7.0,1925.0
2026-02-01,296818633,11,1.0,10.0,1063.5454545454545
2026-02-01,300294506,3,0.0,3.0,1838.0
2026-02-01,300294507,4,0.0,4.0,1742.0
2026-02-01,331575070,2,0.0,2.0,1372.0
2026-02-01,331575075,2,0.0,2.0,1365.0
2026-02-01,337308569,10,1.0,9.0,1700.0
2026-02-01,337309667,2,0.0,2.0,1177.0549999999998
2026-02-01,366822992,1,0.0,1.0,1147.0
2026-02-01,377242549,2,0.0,2.0,1503.0
2026-02-01,384494968,3,0.0,3.0,1250.0
2026-02-01,412079857,3,0.0,3.0,590.4066666666666
2026-02-01,444461581,28,0.0,28.0,1927.9267857142856
2026-02-01,467007550,1,0.0,1.0,2200.0
2026-02-01,468506772,4,0.0,4.0,1689.0
2026-02-01,471342171,6,0.0,6.0,3660.0
2026-02-01,474397318,35,3.0,32.0,1934.274285714286
2026-02-01,474629420,17,1.0,16.0,1847.6541176470587
2026-02-01,475759397,36,1.0,35.0,1905.9883333333335
2026-02-01,480012919,1,0.0,1.0,972.0
2026-02-01,504801009,23,1.0,22.0,903.6660869565218
2026-02-01,516856408,10,2.0,8.0,2723.0
2026-02-01,516856409,1,0.0,1.0,1846.0
2026-02-01,528912182,4,0.0,4.0,949.0
2026-02-01,528912186,4,0.0,4.0,901.0
2026-02-01,528912198,4,0.0,4.0,536.0
2026-02-01,541096165,3,0.0,3.0,2242.0
2026-02-01,541096166,1,1.0,0.0,2280.0
2026-02-01,541096167,7,2.0,5.0,1834.2857142857142
2026-02-01,549254419,23,0.0,23.0,1582.695652173913
2026-02-01,585840780,4,0.0,4.0,874.0
2026-02-01,585840782,1,0.0,1.0,900.0
2026-02-01,585840783,3,0.0,3.0,800.0
2026-02-01,649988707,16,0.0,16.0,1978.124375
2026-02-01,681642682,9,0.0,9.0,1855.5555555555557
2026-02-01,715890126,1,0.0,1.0,1480.0
2026-02-01,715890127,3,0.0,3.0,1720.0
2026-02-01,715890128,2,0.0,2.0,1920.0
2026-02-01,715890129,1,0.0,1.0,1880.0
2026-02-01,724729234,1,0.0,1.0,1720.0
2026-02-01,732543829,18,0.0,18.0,1791.6433333333334
2026-02-01,756653629,1,0.0,1.0,2200.0
2026-02-01,759970497,3,0.0,3.0,1650.0
2026-02-01,760323301,5,0.0,5.0,2200.0
2026-02-02,219033581,14,0.0,14.0,1686.0
2026-02-02,219037028,2,0.0,2.0,1885.95
2026-02-02,220783118,10,0.0,10.0,1891.3
2026-02-02,220783128,10,0.0,10.0,1788.0
2026-02-02,220783129,2,0.0,2.0,1876.0
2026-02-02,220796910,7,0.0,7.0,1076.4285714285713
2026-02-02,220796916,27,1.0,26.0,1191.111111111111
2026-02-02,220796924,18,0.0,18.0,1181.437777777778
2026-02-02,220796932,9,0.0,9.0,1132.562222222222
2026-02-02,221216505,5,0.0,5.0,1758.0819999999999
2026-02-02,221216935,2,0.0,2.0,1858.0
2026-02-02,221217363,28,0.0,28.0,1046.7575862068966
2026-02-02,223302777,7,1.0,6.0,1304.0
2026-02-02,223615358,6,0.0,6.0,1580.9271428571428
2026-02-02,248166626,37,1.0,36.0,1800.0
2026-02-02,248173261,13,0.0,13.0,1779.3692307692306
2026-02-02,248591628,1,1.0,0.0,2008.0
2026-02-02,248591629,1,0.0,1.0,2226.0
2026-02-02,248639013,74,2.0,72.0,1723.4922972972972
2026-02-02,251889894,1,0.0,1.0,2083.0
2026-02-02,253236688,11,0.0,11.0,1858.9099999999999
2026-02-02,253237666,30,0.0,30.0,1851.9835483870968
2026-02-02,258834337,15,0.0,15.0,896.226875
2026-02-02,258836990,7,0.0,7.0,1052.0485714285714
2026-02-02,258850894,1,0.0,1.0,666.0
2026-02-02,258850896,2,0.0,2.0,770.0
2026-02-02,262595711,3,0.0,3.0,1116.0
2026-02-02,262596137,1,0.0,1.0,931.0
2026-02-02,278278778,9,0.0,9.0,1925.0
2026-02-02,278837827,1,0.0,1.0,980.0
2026-02-02,279007387,1,0.0,1.0,1925.0
2026-02-02,296818633,9,0.0,9.0,1065.6666666666667
2026-02-02,300294506,6,0.0,6.0,1800.3333333333333
2026-02-02,300294507,2,0.0,2.0,1509.5
2026-02-02,331575070,2,0.0,2.0,1127.0
2026-02-02,331575074,2,0.0,2.0,1337.0
2026-02-02,331575075,1,1.0,0.0,1365.0
2026-02-02,337308569,2,0.0,2.0,1700.0
2026-02-02,366813879,1,0.0,1.0,952.0
2026-02-02,370413854,1,0.0,1.0,1424.0
2026-02-02,377242345,1,1.0,0.0,1134.0
2026-02-02,384494968,1,0.0,1.0,1250.0
2026-02-02,412077130,1,0.0,1.0,534.11
2026-02-02,412079855,1,0.0,1.0,292.5
2026-02-02,412079857,3,0.0,3.0,592.0
2026-02-02,444461581,31,1.0,30.0,1814.2069696969697
2026-02-02,468506772,1,0.0,1.0,1677.86
2026-02-02,468506773,1,0.0,1.0,1876.0
2026-02-02,471342171,4,0.0,4.0,3660.0
2026-02-02,474397318,44,0.0,44.0,1936.2263636363639
2026-02-02,474629420,21,0.0,21.0,1840.7104761904761
2026-02-02,475748707,1,0.0,1.0,2027.0
2026-02-02,475759397,30,1.0,29.0,1903.8106666666667
2026-02-02,504801009,31,0.0,31.0,822.0600000000001
2026-02-02,516856408,11,0.0,11.0,2723.0
2026-02-02,516856409,1,0.0,1.0,1846.0
2026-02-02,528912182,3,0.0,3.0,949.0
2026-02-02,528912186,3,0.0,3.0,901.0
2026-02-02,528912198,5,0.0,5.0,536.0
2026-02-02,541096165,1,0.0,1.0,2242.0
2026-02-02,541096166,2,1.0,1.0,2280.0
2026-02-02,541096167,11,1.0,10.0,1816.3672727272728
2026-02-02,549254419,17,0.0,17.0,1577.3417647058825
2026-02-02,585840780,2,0.0,2.0,874.0
2026-02-02,585840783,1,0.0,1.0,400.0
2026-02-02,649988707,18,0.0,18.0,1949.992777777778
2026-02-02,681642682,13,0.0,13.0,1715.3846153846155
2026-02-02,715890126,3,0.0,3.0,1480.0
2026-02-02,715890128,3,0.0,3.0,1906.6666666666667
2026-02-02,715890129,2,0.0,2.0,1720.0
2026-02-02,724729234,2,0.0,2.0,1720.0
2026-02-02,732543829,13,0.0,13.0,1765.3846153846155
2026-02-02,756653629,8,0.0,8.0,2212.5
2026-02-02,759970497,2,0.0,2.0,1650.0
2026-02-02,760323301,3,1.0,2.0,2200.0
2026-02-02,760323302,1,0.0,1.0,2200.0
2026-02-03,219033581,25,1.0,24.0,1686.0384
2026-02-03,219037028,3,0.0,3.0,1886.0
2026-02-03,220783118,14,0.0,14.0,1845.7142857142858
2026-02-03,220783121,2,0.0,2.0,2090.0
2026-02-03,220783128,13,0.0,13.0,1785.4592307692308
2026-02-03,220783129,7,0.0,7.0,1828.02
2026-02-03,220796910,8,1.0,7.0,1070.0
2026-02-03,220796916,38,1.0,37.0,1189.0502631578947
2026-02-03,220796924,14,0.0,14.0,1173.5714285714287
2026-02-03,220796929,2,0.0,2.0,1387.0
2026-02-03,220796932,8,0.0,8.0,1112.25
2026-02-03,221216505,2,0.0,2.0,1801.5
2026-02-03,221217363,34,0.0,34.0,1077.9379411764705
2026-02-03,223302777,5,0.0,5.0,1304.0
2026-02-03,223611903,1,0.0,1.0,1680.0
2026-02-03,223615358,10,0.0,10.0,1824.5
2026-02-03,225497817,1,0.0,1.0,417.0
2026-02-03,247803776,1,0.0,1.0,1943.0
2026-02-03,248166626,65,1.0,64.0,1769.855303030303
2026-02-03,248173261,15,0.0,15.0,1791.0073333333335
2026-02-03,248591628,1,0.0,1.0,2008.0
2026-02-03,248591629,3,0.0,3.0,2226.0
2026-02-03,248639013,98,1.0,97.0,1624.4839393939394
2026-02-03,251889892,3,0.0,3.0,1747.0
2026-02-03,251889894,2,0.0,2.0,2061.5
2026-02-03,253236688,7,0.0,7.0,1776.0
2026-02-03,253237666,25,0.0,25.0,1830.72
2026-02-03,258834337,9,1.0,8.0,956.0433333333333
2026-02-03,258834339,1,0.0,1.0,1118.0
2026-02-03,258836990,5,0.0,5.0,1052.0
2026-02-03,258836991,2,0.0,2.0,460.0
2026-02-03,258850894,5,0.0,5.0,555.0
2026-02-03,262595711,4,0.0,4.0,837.0
2026-02-03,262596137,4,0.0,4.0,698.25
2026-02-03,262596138,2,0.0,2.0,900.0
2026-02-03,273080437,2,0.0,2.0,403.5
2026-02-03,278278778,11,0.0,11.0,1925.0300000000002
2026-02-03,278837827,1,0.0,1.0,980.0
2026-02-03,279005801,1,0.0,1.0,1815.0
2026-02-03,296818633,15,0.0,15.0,1061.0
2026-02-03,300294506,4,0.0,4.0,1809.75
2026-02-03,300294507,3,0.0,3.0,1703.0
2026-02-03,331575073,1,0.0,1.0,1147.0
2026-02-03,337308569,7,0.0,7.0,1685.2857142857142
2026-02-03,337309667,1,0.0,1.0,1149.66
2026-02-03,366813884,1,0.0,1.0,1049.0
2026-02-03,370413854,1,0.0,1.0,1424.0
2026-02-03,377242345,2,0.0,2.0,567.0
2026-02-03,384494968,5,0.0,5.0,1250.0
2026-02-03,412077130,1,0.0,1.0,534.0
2026-02-03,412079855,1,0.0,1.0,585.0
2026-02-03,412079857,2,0.0,2.0,592.0
2026-02-03,444461581,50,2.0,48.0,1854.7372
2026-02-03,455392688,1,0.0,1.0,1000.0
2026-02-03,462878720,1,0.0,1.0,1872.0
2026-02-03,467007550,1,0.0,1.0,2200.0
2026-02-03,468506772,3,0.0,3.0,1660.0
2026-02-03,468506773,3,0.0,3.0,1845.6666666666667
2026-02-03,471342171,2,0.0,2.0,3660.0
2026-02-03,474397318,37,2.0,35.0,1925.4324324324325
2026-02-03,474629420,26,4.0,22.0,1845.0
2026-02-03,475748707,1,0.0,1.0,2027.0
2026-02-03,475759397,36,4.0,32.0,1906.0
2026-02-03,480012919,1,1.0,0.0,972.0
2026-02-03,504801009,19,0.0,19.0,899.1747368421053
2026-02-03,516856408,8,1.0,7.0,2623.95125
2026-02-03,516856409,3,0.0,3.0,0.0
2026-02-03,528912182,4,0.0,4.0,930.75
2026-02-03,528912186,7,1.0,6.0,901.0
2026-02-03,528912198,2,0.0,2.0,536.0
2026-02-03,541096165,5,0.0,5.0,2242.022
2026-02-03,541096166,4,0.0,4.0,1710.0
2026-02-03,541096167,11,0.0,11.0,1810.9099999999999
2026-02-03,549254419,37,0.0,37.0,1588.2159459459458
2026-02-03,585840780,3,0.0,3.0,874.0
2026-02-03,585840783,5,0.0,5.0,800.176
2026-02-03,649988707,26,0.0,26.0,1946.1538461538462
2026-02-03,681642682,13,0.0,13.0,1730.7692307692307
2026-02-03,715890126,3,0.0,3.0,1533.29
2026-02-03,715890128,6,0.0,6.0,1786.6666666666667
2026-02-03,715890129,3,0.0,3.0,1719.9633333333334
2026-02-03,724729234,1,0.0,1.0,1680.0
2026-02-03,732543829,16,0.0,16.0,1756.2625
2026-02-03,756653629,2,1.0,1.0,2250.0
2026-02-03,759970497,4,0.0,4.0,1650.0
2026-02-03,760323301,2,0.0,2.0,2150.0
2026-02-03,760323302,1,0.0,1.0,2107.0
2026-02-04,219033581,14,0.0,14.0,1678.2857142857142
2026-02-04,219037028,2,0.0,2.0,1257.3333333333333
2026-02-04,220783118,20,0.0,20.0,1802.0165000000002
2026-02-04,220783121,2,0.0,2.0,2090.0
2026-02-04,220783128,10,0.0,10.0,1768.0
2026-02-04,220783129,3,0.0,3.0,1860.0
2026-02-04,220796910,12,0.0,12.0,1065.0141666666666
2026-02-04,220796916,24,1.0,23.0,1187.9950000000001
2026-02-04,220796924,17,0.0,17.0,1112.5555555555557
2026-02-04,220796929,1,0.0,1.0,1387.0
2026-02-04,220796932,10,1.0,9.0,1094.489
2026-02-04,221216505,1,0.0,1.0,1782.0
2026-02-04,221216935,1,0.0,1.0,929.0
2026-02-04,221217363,20,1.0,19.0,1073.7
2026-02-04,223302777,5,0.0,5.0,1304.0
2026-02-04,223615358,6,0.0,6.0,1770.5
2026-02-04,248166626,48,3.0,45.0,1800.001875
2026-02-04,248173261,5,1.0,4.0,1791.0
2026-02-04,248591628,1,0.0,1.0,1898.0
2026-02-04,248639013,68,2.0,66.0,1652.9975362318842
2026-02-04,248639014,1,0.0,1.0,1485.0
2026-02-04,251889892,1,0.0,1.0,1747.0
2026-02-04,251889894,1,0.0,1.0,2083.0
2026-02-04,253236688,20,0.0,20.0,1749.6029999999998
2026-02-04,253237666,28,0.0,28.0,1891.3557142857142
2026-02-04,258834337,7,0.0,7.0,956.0
2026-02-04,258836990,6,0.0,6.0,1052.0566666666666
2026-02-04,258836991,1,0.0,1.0,920.0
2026-02-04,258850894,8,0.0,8.0,666.0
2026-02-04,262595711,2,0.0,2.0,1116.0
2026-02-04,262596137,1,0.0,1.0,931.0
2026-02-04,262596138,2,0.0,2.0,900.0
2026-02-04,278278778,11,0.0,11.0,1925.0
2026-02-04,279005801,1,0.0,1.0,1815.0
2026-02-04,296818633,14,0.0,14.0,983.704
2026-02-04,300294506,5,0.0,5.0,1838.0
2026-02-04,300294507,3,1.0,2.0,1738.0633333333335
2026-02-04,331575070,2,0.0,2.0,1372.0
2026-02-04,331575073,1,0.0,1.0,1147.0
2026-02-04,331575074,1,0.0,1.0,1337.0
2026-02-04,337308569,7,0.0,7.0,1700.0
2026-02-04,366813884,1,0.0,1.0,1049.0
2026-02-04,377242345,2,0.0,2.0,1134.0
2026-02-04,384494968,1,1.0,0.0,1250.0
2026-02-04,384494969,1,0.0,1.0,1260.27
2026-02-04,412079855,2,0.0,2.0,585.0
2026-02-04,412079857,1,0.0,1.0,592.0
2026-02-04,444461581,33,4.0,29.0,1927.6363636363637
2026-02-04,467007550,2,0.0,2.0,2172.5
2026-02-04,468506772,3,0.0,3.0,1674.3333333333333
2026-02-04,468506773,1,0.0,1.0,1876.0
2026-02-04,471342171,6,0.0,6.0,3660.0
2026-02-04,474397318,32,0.0,32.0,1906.280625
2026-02-04,474629420,18,0.0,18.0,1825.0
2026-02-04,475759397,30,4.0,26.0,1906.0
2026-02-04,488493915,1,0.0,1.0,3702.0
2026-02-04,504801009,24,6.0,18.0,864.0016
2026-02-04,516856408,9,0.0,9.0,2723.0
2026-02-04,528912182,4,0.0,4.0,930.75
2026-02-04,528912186,8,0.0,8.0,883.75
2026-02-04,528912198,4,0.0,4.0,536.0
2026-02-04,541096165,5,0.0,5.0,2230.2
2026-02-04,541096166,1,0.0,1.0,2280.0
2026-02-04,541096167,8,0.0,8.0,1800.0
2026-02-04,549254419,15,0.0,15.0,1586.5733333333333
2026-02-04,585840779,1,0.0,1.0,1176.0
2026-02-04,585840780,2,0.0,2.0,874.0
2026-02-04,585840782,2,0.0,2.0,900.0
2026-02-04,585840783,6,0.0,6.0,800.0
2026-02-04,649988707,25,0.0,25.0,1857.6923076923076
2026-02-04,681642682,20,0.0,20.0,1695.0055
2026-02-04,715890126,7,0.0,7.0,1554.2857142857142
2026-02-04,715890128,4,0.0,4.0,1680.0
2026-02-04,715890129,6,0.0,6.0,1720.0
2026-02-04,724729234,3,0.0,3.0,1693.3333333333333
2026-02-04,732543827,1,0.0,1.0,2100.0
2026-02-04,732543829,32,0.0,32.0,1751.5625
2026-02-04,756653629,4,0.0,4.0,2200.0
2026-02-04,759970497,5,0.0,5.0,1630.0
2026-02-04,760323301,3,0.0,3.0,2183.3333333333335
2026-02-04,760323302,3,0.0,3.0,2252.0
2026-02-05,219033581,24,0.0,24.0,1641.0
2026-02-05,219037028,3,0.0,3.0,1886.0
2026-02-05,220783118,24,0.0,24.0,1801.0466666666669
2026-02-05,220783121,1,0.0,1.0,2090.0
2026-02-05,220783128,9,0.0,9.0,1746.6666666666667
2026-02-05,220783129,8,0.0,8.0,1768.0
2026-02-05,220796910,14,0.0,14.0,1061.4407142857142
2026-02-05,220796916,16,1.0,15.0,1184.0
2026-02-05,220796924,14,0.0,14.0,1173.5714285714287
2026-02-05,220796932,8,0.0,8.0,1078.25
2026-02-05,221216505,6,0.0,6.0,1748.6666666666667
2026-02-05,221216935,2,0.0,2.0,1858.0
2026-02-05,221217363,30,1.0,29.0,1073.1233333333334
2026-02-05,223302777,14,2.0,12.0,1292.2142857142858
2026-02-05,223611903,1,0.0,1.0,1680.0
2026-02-05,223615358,9,0.0,9.0,1793.0355555555554
2026-02-05,225505021,2,0.0,2.0,540.0
2026-02-05,247803776,3,0.0,3.0,1843.2766666666666
2026-02-05,248166626,42,2.0,40.0,1758.1416279069767
2026-02-05,248173261,14,1.0,13.0,1671.6
2026-02-05,248591628,3,0.0,3.0,2008.0
2026-02-05,248591629,2,0.0,2.0,2226.0
2026-02-05,248639013,72,3.0,69.0,1676.6065277777777
2026-02-05,251889892,3,0.0,3.0,1717.0
2026-02-05,251889894,1,0.0,1.0,2083.0
2026-02-05,253236688,14,0.0,14.0,1762.2857142857142
2026-02-05,253237666,25,0.0,25.0,1874.7595999999999
2026-02-05,258834337,9,0.0,9.0,956.0
2026-02-05,258836990,6,0.0,6.0,1052.0
2026-02-05,258850894,1,0.0,1.0,666.0
2026-02-05,262595711,2,0.0,2.0,1116.0
2026-02-05,262596138,2,0.0,2.0,900.0
2026-02-05,264164353,1,0.0,1.0,1174.57
2026-02-05,278278778,16,0.0,16.0,1911.236875
2026-02-05,278837544,1,0.0,1.0,1151.71
2026-02-05,278837827,2,0.0,2.0,980.0
2026-02-05,279005801,1,0.0,1.0,1760.0
2026-02-05,296818633,20,0.0,20.0,1053.986
2026-02-05,300294507,2,1.0,1.0,1742.0
2026-02-05,331575073,3,0.0,3.0,1147.0
2026-02-05,331575074,1,0.0,1.0,1337.0
2026-02-05,331575075,2,0.0,2.0,1365.0
2026-02-05,337308569,6,0.0,6.0,1700.0
2026-02-05,377242549,1,0.0,1.0,1503.0
2026-02-05,384494968,1,0.0,1.0,1250.0
2026-02-05,412079857,1,0.0,1.0,546.0
2026-02-05,444461581,31,2.0,29.0,1926.0006451612903
2026-02-05,467007550,1,0.0,1.0,2035.0
2026-02-05,468506773,2,0.0,2.0,1876.0
2026-02-05,471342171,7,1.0,6.0,3660.0
2026-02-05,474397318,53,5.0,48.0,1890.0949056603774
2026-02-05,474629420,23,0.0,23.0,1813.695652173913
2026-02-05,475759397,28,1.0,27.0,1905.899642857143
2026-02-05,480012919,1,0.0,1.0,972.0
2026-02-05,488493915,1,0.0,1.0,3702.03
2026-02-05,504801009,24,0.0,24.0,899.3466666666667
2026-02-05,516856408,6,0.0,6.0,2657.0
2026-02-05,528912182,7,0.0,7.0,928.1428571428571
2026-02-05,528912186,6,0.0,6.0,901.0
2026-02-05,528912198,2,0.0,2.0,536.0
2026-02-05,541096165,2,0.0,2.0,2212.5
2026-02-05,541096166,1,0.0,1.0,2280.0
2026-02-05,541096167,7,0.0,7.0,1808.5714285714287
2026-02-05,549254419,23,1.0,22.0,1583.835652173913
2026-02-05,585840780,1,0.0,1.0,874.0
2026-02-05,585840783,5,0.0,5.0,800.0
2026-02-05,649988707,15,0.0,15.0,1880.0
2026-02-05,681642682,26,0.0,26.0,1616.6666666666667
2026-02-05,715890126,2,0.0,2.0,1480.0
2026-02-05,715890127,2,0.0,2.0,1500.205
2026-02-05,715890128,12,0.0,12.0,1643.3366666666668
2026-02-05,715890129,9,0.0,9.0,1653.3333333333333
2026-02-05,724729234,4,0.0,4.0,1730.0
2026-02-05,732543825,3,0.0,3.0,1800.0
2026-02-05,732543827,2,0.0,2.0,1900.0
2026-02-05,732543829,19,0.0,19.0,1750.0
2026-02-05,756653629,2,0.0,2.0,2200.0
2026-02-05,759970497,2,0.0,2.0,1600.0
2026-02-05,760323301,7,0.0,7.0,2171.445714285714
2026-02-05,760323302,10,0.0,10.0,2219.1
2026-02-06,219033581,24,1.0,23.0,1623.0104166666667
2026-02-06,219037028,5,0.0,5.0,1886.0
2026-02-06,220783118,20,0.0,20.0,1696.1704761904762
2026-02-06,220783121,1,0.0,1.0,2090.0
2026-02-06,220783128,9,0.0,9.0,1588.0
2026-02-06,220783129,14,0.0,14.0,1774.865
2026-02-06,220796910,14,1.0,13.0,1057.142857142857
2026-02-06,220796916,29,0.0,29.0,1184.0137931034483
2026-02-06,220796924,14,0.0,14.0,1178.0
2026-02-06,220796932,19,0.0,19.0,1049.7873684210526
2026-02-06,221216505,8,0.0,8.0,1732.25
2026-02-06,221216935,3,1.0,2.0,1858.0
2026-02-06,221217363,30,1.0,29.0,1077.6666666666667
2026-02-06,223302777,5,0.0,5.0,1277.6680000000001
2026-02-06,223615358,6,0.0,6.0,1716.5
2026-02-06,248166626,39,1.0,38.0,1800.0046153846151
2026-02-06,248173261,17,1.0,16.0,1791.0
2026-02-06,248591628,3,0.0,3.0,1971.3333333333333
2026-02-06,248591629,3,1.0,2.0,2226.0
2026-02-06,248639013,90,0.0,90.0,1631.7303333333334
2026-02-06,251889892,1,0.0,1.0,1747.0
2026-02-06,251889894,2,0.0,2.0,2040.0
2026-02-06,253236688,14,0.0,14.0,1697.142857142857
2026-02-06,253237666,46,0.0,46.0,1873.2645652173912
2026-02-06,258834337,14,0.0,14.0,956.0
2026-02-06,258836990,5,0.0,5.0,1051.778
2026-02-06,258850894,5,0.0,5.0,666.2280000000001
2026-02-06,262595711,3,0.0,3.0,1116.0
2026-02-06,262596137,1,0.0,1.0,878.92
2026-02-06,262596138,1,0.0,1.0,900.0
2026-02-06,278278778,10,0.0,10.0,1897.5
2026-02-06,278837827,3,1.0,2.0,980.2166666666667
2026-02-06,279005801,1,0.0,1.0,1760.0
2026-02-06,279007387,1,0.0,1.0,1870.0
2026-02-06,296818633,10,0.0,10.0,1054.0
2026-02-06,300294506,4,0.0,4.0,2063.0
2026-02-06,316614614,1,0.0,1.0,507.0
2026-02-06,331575073,2,0.0,2.0,1147.0
2026-02-06,331575074,1,0.0,1.0,1188.0
2026-02-06,331575075,1,0.0,1.0,1183.0
2026-02-06,337308569,7,0.0,7.0,1700.0
2026-02-06,337309667,1,0.0,1.0,1177.0
2026-02-06,384494968,2,0.0,2.0,1250.0
2026-02-06,444461581,28,1.0,27.0,1925.9942857142855
2026-02-06,462870186,1,0.0,1.0,2065.0
2026-02-06,467007550,1,0.0,1.0,2145.0
2026-02-06,468506772,1,0.0,1.0,1689.0
2026-02-06,468506773,5,0.0,5.0,1876.0
2026-02-06,471342171,4,1.0,3.0,3660.0
2026-02-06,474397318,56,2.0,54.0,1856.52375
2026-02-06,474629420,29,1.0,28.0,1778.2734482758622
2026-02-06,475759397,19,3.0,16.0,1810.6705000000002
2026-02-06,504801009,35,0.0,35.0,899.9977142857142
2026-02-06,516856408,12,1.0,11.0,2723.0
2026-02-06,528912182,8,0.0,8.0,912.5
2026-02-06,528912186,5,0.0,5.0,887.2
2026-02-06,528912198,3,0.0,3.0,536.0
2026-02-06,541096165,7,0.0,7.0,2208.285714285714
2026-02-06,541096166,1,0.0,1.0,2280.0
2026-02-06,541096167,9,0.0,9.0,1806.6666666666667
2026-02-06,549254419,29,0.0,29.0,1525.34
2026-02-06,585840780,1,0.0,1.0,874.0
2026-02-06,585840782,3,0.0,3.0,900.0133333333333
2026-02-06,585840783,2,0.0,2.0,800.0
2026-02-06,649988707,24,0.0,24.0,1854.1666666666667
2026-02-06,681642682,13,0.0,13.0,1680.7684615384617
2026-02-06,715890126,7,0.0,7.0,1525.7014285714286
2026-02-06,715890127,2,0.0,2.0,1480.0
2026-02-06,715890128,8,0.0,8.0,1453.341111111111
2026-02-06,715890129,18,0.0,18.0,1633.3333333333333
2026-02-06,724729234,7,0.0,7.0,1470.0
2026-02-06,732543825,4,0.0,4.0,1862.5
2026-02-06,732543827,2,0.0,2.0,1800.0
2026-02-06,732543829,27,0.0,27.0,1691.0789285714286
2026-02-06,756653629,3,0.0,3.0,2166.6666666666665
2026-02-06,759970497,5,0.0,5.0,1530.0
2026-02-06,760323301,5,0.0,5.0,2030.0
2026-02-06,760323302,3,3.0,0.0,2251.9866666666667
2026-02-07,219033581,35,0.0,35.0,1527.7854054054053
2026-02-07,219037028,5,0.0,5.0,1886.0
2026-02-07,220783118,25,0.0,25.0,1763.24
2026-02-07,220783121,1,0.0,1.0,2090.0
2026-02-07,220783128,14,0.0,14.0,1711.4285714285713
2026-02-07,220783129,6,0.0,6.0,1732.0
2026-02-07,220796910,20,0.0,20.0,1057.989
2026-02-07,220796916,17,1.0,16.0,1183.9835294117647
2026-02-07,220796924,8,0.0,8.0,1178.0
2026-02-07,220796932,16,0.0,16.0,1046.325625
2026-02-07,221216505,4,0.0,4.0,1722.5
2026-02-07,221216935,7,0.0,7.0,1789.0
2026-02-07,221217363,27,0.0,27.0,1074.2448148148148
2026-02-07,223302777,18,1.0,17.0,1277.8088235294117
2026-02-07,223611903,1,0.0,1.0,1639.18
2026-02-07,223615358,8,0.0,8.0,1713.125
2026-02-07,247803776,1,1.0,0.0,1644.0
2026-02-07,248166626,59,1.0,58.0,1800.0040677966103
2026-02-07,248173261,19,3.0,16.0,1791.014736842105
2026-02-07,248591628,2,0.0,2.0,1807.0
2026-02-07,248591629,3,0.0,3.0,2226.02
2026-02-07,248639013,84,2.0,82.0,1631.754642857143
2026-02-07,251889892,5,0.0,5.0,1711.0
2026-02-07,251889894,2,0.0,2.0,2061.5
2026-02-07,253236688,19,0.0,19.0,1667.3684210526317
2026-02-07,253237666,33,0.0,33.0,1863.7272727272727
2026-02-07,258834337,7,0.0,7.0,955.9485714285714
2026-02-07,258836990,9,0.0,9.0,1052.0
2026-02-07,258850894,7,0.0,7.0,666.0
2026-02-07,262595711,2,0.0,2.0,1116.0
2026-02-07,262596137,3,0.0,3.0,913.5733333333334
2026-02-07,278278778,16,0.0,16.0,1897.5
2026-02-07,278837827,1,0.0,1.0,980.0
2026-02-07,286985385,1,0.0,1.0,2099.95
2026-02-07,296818633,14,0.0,14.0,1046.4035714285715
2026-02-07,300294506,2,0.0,2.0,2063.0
2026-02-07,300294507,1,1.0,0.0,1277.0
2026-02-07,331575070,1,0.0,1.0,1127.0
2026-02-07,331575073,8,0.0,8.0,1147.0
2026-02-07,331575074,3,0.0,3.0,891.0274999999999
2026-02-07,331575075,3,0.0,3.0,1365.0
2026-02-07,337308569,12,0.0,12.0,1700.0
2026-02-07,366813884,1,0.0,1.0,1049.0
2026-02-07,377242549,2,0.0,2.0,1503.0
2026-02-07,384494968,3,0.0,3.0,1250.0
2026-02-07,412079857,1,0.0,1.0,546.0
2026-02-07,444461581,31,0.0,31.0,1915.6451612903227
2026-02-07,467007550,2,0.0,2.0,1980.0
2026-02-07,468506772,1,0.0,1.0,1645.0
2026-02-07,468506773,2,0.0,2.0,1876.0
2026-02-07,471342171,4,0.0,4.0,3660.0
2026-02-07,474397318,58,1.0,57.0,1847.2587931034482
2026-02-07,474629420,25,0.0,25.0,1754.9951999999998
2026-02-07,475748707,1,0.0,1.0,2027.0
2026-02-07,475759397,23,1.0,22.0,1826.5833333333333
2026-02-07,504801009,24,1.0,23.0,900.0016666666667
2026-02-07,516856408,15,0.0,15.0,2706.4666666666667
2026-02-07,516856409,1,0.0,1.0,1846.0
2026-02-07,528912182,2,0.0,2.0,876.0
2026-02-07,528912186,3,0.0,3.0,675.6025
2026-02-07,528912198,1,0.0,1.0,536.0
2026-02-07,541096165,6,2.0,4.0,2232.1666666666665
2026-02-07,541096166,5,0.0,5.0,2280.0
2026-02-07,541096167,10,0.0,10.0,1782.0
2026-02-07,549254419,19,0.0,19.0,1578.0
2026-02-07,585840779,1,0.0,1.0,1127.0
2026-02-07,585840780,1,0.0,1.0,874.0
2026-02-07,585840783,2,0.0,2.0,800.0
2026-02-07,649988707,33,1.0,32.0,1828.789696969697
2026-02-07,681642682,23,0.0,23.0,1671.7391304347825
2026-02-07,715890126,3,0.0,3.0,1466.6666666666667
2026-02-07,715890127,3,0.0,3.0,1533.3333333333333
2026-02-07,715890128,11,0.0,11.0,1640.0036363636364
2026-02-07,715890129,14,0.0,14.0,1625.7142857142858
2026-02-07,724729234,4,0.0,4.0,1680.0
2026-02-07,732543825,4,0.0,4.0,1700.0
2026-02-07,732543827,2,0.0,2.0,1800.0
2026-02-07,732543829,26,0.0,26.0,1750.0149999999999
2026-02-07,756653629,9,0.0,9.0,2122.222222222222
2026-02-07,759970497,4,0.0,4.0,1437.5
2026-02-07,760323301,8,0.0,8.0,2056.25
2026-02-07,760323302,4,0.0,4.0,2327.5175
2026-02-07,760323304,1,0.0,1.0,2399.98
2026-02-07,760323305,1,0.0,1.0,2400.0
2026-02-07,760323306,1,0.0,1.0,2400.0
2026-02-08,219033581,19,1.0,18.0,1595.0526315789473
2026-02-08,219037028,2,0.0,2.0,1886.0
2026-02-08,220783118,16,0.0,16.0,1758.875
2026-02-08,220783128,15,0.0,15.0,1682.6666666666667
2026-02-08,220783129,4,0.0,4.0,1756.0
2026-02-08,220796910,19,0.0,19.0,1058.1463157894736
2026-02-08,220796916,40,2.0,38.0,1184.00025
2026-02-08,220796924,18,0.0,18.0,1160.7816666666668
2026-02-08,220796929,1,0.0,1.0,1387.0
2026-02-08,220796932,9,0.0,9.0,1030.5555555555557
2026-02-08,221216505,3,0.0,3.0,1716.0
2026-02-08,221216935,2,0.0,2.0,1131.3333333333333
2026-02-08,221217363,37,1.0,36.0,1044.6773684210525
2026-02-08,223302777,6,1.0,5.0,1271.0
2026-02-08,223611903,1,0.0,1.0,1680.0
2026-02-08,223615358,5,0.0,5.0,1703.0
2026-02-08,247803776,5,0.0,5.0,1614.2
2026-02-08,248166626,55,4.0,51.0,1800.0052727272725
2026-02-08,248173261,11,2.0,9.0,895.5
2026-02-08,248591628,3,0.0,3.0,1728.0
2026-02-08,248591629,3,1.0,2.0,2226.0
2026-02-08,248639013,66,3.0,63.0,1633.9422727272727
2026-02-08,251889892,2,0.0,2.0,1702.0
2026-02-08,251889894,1,0.0,1.0,2083.0
2026-02-08,253236688,18,0.0,18.0,1684.361111111111
2026-02-08,253237666,29,0.0,29.0,1851.4137931034484
2026-02-08,258834337,11,0.0,11.0,955.9690909090909
2026-02-08,258834339,1,0.0,1.0,1118.0
2026-02-08,258836990,5,0.0,5.0,1052.0
2026-02-08,258850894,1,0.0,1.0,666.0
2026-02-08,262596137,2,0.0,2.0,878.99
2026-02-08,278278778,16,0.0,16.0,1876.870625
2026-02-08,286985385,5,0.0,5.0,1748.0
2026-02-08,296818633,14,0.0,14.0,1023.7171428571429
2026-02-08,300294506,6,1.0,5.0,1950.5
2026-02-08,300294507,1,0.0,1.0,1742.0
2026-02-08,315032004,2,0.0,2.0,1467.0
2026-02-08,331575070,5,0.0,5.0,1225.0
2026-02-08,331575073,5,1.0,4.0,1147.0
2026-02-08,331575074,3,0.0,3.0,1188.0
2026-02-08,331575075,6,0.0,6.0,1183.0
2026-02-08,337308569,7,1.0,6.0,1699.94
2026-02-08,366813884,1,0.0,1.0,1049.0
2026-02-08,366813888,1,0.0,1.0,895.5
2026-02-08,377241928,1,0.0,1.0,1062.0
2026-02-08,377242345,1,0.0,1.0,1134.0
2026-02-08,384494968,4,0.0,4.0,1250.0
2026-02-08,412079857,1,0.0,1.0,546.0
2026-02-08,444461581,30,2.0,28.0,1836.2616129032258
2026-02-08,467007550,5,0.0,5.0,1815.0
2026-02-08,468506772,3,1.0,2.0,1659.6666666666667
2026-02-08,471342171,11,0.0,11.0,3660.1718181818183
2026-02-08,474397318,51,4.0,47.0,1838.0407843137255
2026-02-08,474629420,24,1.0,23.0,1740.0016666666668
2026-02-08,475748707,1,0.0,1.0,2027.0
2026-02-08,475759397,26,2.0,24.0,1893.948846153846
2026-02-08,504801009,17,0.0,17.0,899.9923529411765
2026-02-08,516856408,18,1.0,17.0,2667.9444444444443
2026-02-08,516856409,1,0.0,1.0,1846.0
2026-02-08,528912182,6,0.0,6.0,900.3333333333334
2026-02-08,528912186,4,0.0,4.0,866.5
2026-02-08,528912198,3,0.0,3.0,536.0
2026-02-08,541096165,6,1.0,5.0,2281.3333333333335
2026-02-08,541096166,4,0.0,4.0,2595.0
2026-02-08,541096167,20,0.0,20.0,1763.9959999999999
2026-02-08,549254419,19,1.0,18.0,1578.0
2026-02-08,585840779,1,0.0,1.0,1126.92
2026-02-08,585840780,4,0.0,4.0,848.25
2026-02-08,585840782,1,0.0,1.0,850.0
2026-02-08,585840783,1,0.0,1.0,800.0
2026-02-08,649988707,33,1.0,32.0,1758.8235294117646
2026-02-08,681642682,13,0.0,13.0,1661.5361538461539
2026-02-08,715890126,3,0.0,3.0,1453.3333333333333
2026-02-08,715890127,3,0.0,3.0,1560.0
2026-02-08,715890128,10,0.0,10.0,1636.007
2026-02-08,715890129,20,1.0,19.0,1612.0040000000001
2026-02-08,724729234,3,0.0,3.0,1680.0
2026-02-08,732543825,1,0.0,1.0,1700.0
2026-02-08,732543827,5,0.0,5.0,1500.0
2026-02-08,732543829,38,0.0,38.0,1750.0
2026-02-08,756653629,6,1.0,5.0,2116.6666666666665
2026-02-08,759970497,3,0.0,3.0,1433.3333333333333
2026-02-08,760169675,1,0.0,1.0,1600.0
2026-02-08,760169676,4,0.0,4.0,1787.5
2026-02-08,760323301,10,0.0,10.0,1970.0
2026-02-08,760323302,2,0.0,2.0,2327.5
2026-02-08,760323305,2,0.0,2.0,2400.0
2026-02-08,760323306,3,0.0,3.0,1800.0
2026-02-08,783403725,1,0.0,1.0,2400.0
2026-02-09,219033581,30,0.0,30.0,1599.6666666666667
2026-02-09,219037028,11,0.0,11.0,1897.1818181818182
2026-02-09,220783118,25,0.0,25.0,1756.4520000000002
2026-02-09,220783121,1,0.0,1.0,2090.0
2026-02-09,220783128,10,0.0,10.0,1676.0
2026-02-09,220783129,15,0.0,15.0,1744.7773333333332
2026-02-09,220796910,12,0.0,12.0,1054.9908333333333
2026-02-09,220796916,33,1.0,32.0,1183.9927272727273
2026-02-09,220796924,23,0.0,23.0,1137.5682608695652
2026-02-09,220796929,3,0.0,3.0,1243.3333333333333
2026-02-09,220796932,17,0.0,17.0,1023.0
2026-02-09,221216505,5,0.0,5.0,1703.0
2026-02-09,221216935,1,0.0,1.0,1697.0
2026-02-09,221217363,19,0.0,19.0,1018.3985
2026-02-09,223302777,8,3.0,5.0,1271.0
2026-02-09,223611903,1,0.0,1.0,1680.0
2026-02-09,223615358,8,0.0,8.0,1713.1412500000001
2026-02-09,247803776,4,0.0,4.0,1495.0
2026-02-09,248166626,53,2.0,51.0,1799.43679245283
2026-02-09,248173261,19,1.0,18.0,1791.0173684210527
2026-02-09,248591628,9,0.0,9.0,1724.0
2026-02-09,248591629,3,0.0,3.0,2226.0
2026-02-09,248639013,84,2.0,82.0,1604.7448837209301
2026-02-09,251889892,1,0.0,1.0,1702.0
2026-02-09,251889894,1,0.0,1.0,2040.0
2026-02-09,253236688,29,0.0,29.0,1611.1956666666667
2026-02-09,253237666,52,0.0,52.0,1814.876603773585
2026-02-09,258834337,6,1.0,5.0,956.0
2026-02-09,258850894,1,0.0,1.0,666.0
2026-02-09,262596137,4,0.0,4.0,904.995
2026-02-09,278278778,25,0.0,25.0,1880.9972
2026-02-09,278837827,3,0.0,3.0,959.3333333333334
2026-02-09,279007387,1,0.0,1.0,1925.0
2026-02-09,286985384,5,0.0,5.0,1660.0
2026-02-09,286985385,3,0.0,3.0,1660.0
2026-02-09,296818633,18,0.0,18.0,1015.7127777777779
2026-02-09,300294506,6,0.0,6.0,1988.0
2026-02-09,300294507,1,0.0,1.0,1742.0
2026-02-09,315032004,1,0.0,1.0,1467.0
2026-02-09,331575070,3,0.0,3.0,1127.0
2026-02-09,331575073,4,0.0,4.0,1147.0
2026-02-09,331575074,3,0.0,3.0,1187.9733333333334
2026-02-09,331575075,8,1.0,7.0,1205.75
2026-02-09,337308569,3,0.0,3.0,1700.0
2026-02-09,337309667,1,0.0,1.0,1177.0
2026-02-09,366813884,1,0.0,1.0,1049.0
2026-02-09,370413854,1,0.0,1.0,1424.0
2026-02-09,377242549,1,0.0,1.0,1503.0
2026-02-09,384494968,3,0.0,3.0,1249.9933333333333
2026-02-09,444461581,39,1.0,38.0,1865.6405128205126
2026-02-09,462870186,1,0.0,1.0,1888.0
2026-02-09,467007550,1,0.0,1.0,1760.0
2026-02-09,468506772,1,0.0,1.0,1689.0
2026-02-09,468506773,1,0.0,1.0,1876.0
2026-02-09,471342171,6,3.0,3.0,3660.0516666666667
2026-02-09,474397318,48,1.0,47.0,1826.1410416666668
2026-02-09,474629420,28,5.0,23.0,1680.5151724137932
2026-02-09,475759397,25,2.0,23.0,1885.2
2026-02-09,504801009,25,1.0,24.0,900.0044
2026-02-09,516856408,19,1.0,18.0,2650.0
2026-02-09,528912182,5,0.0,5.0,876.0
2026-02-09,528912186,5,0.0,5.0,845.8
2026-02-09,541096165,9,0.0,9.0,2419.0
2026-02-09,541096166,6,0.0,6.0,2350.0
2026-02-09,541096167,28,1.0,27.0,1725.0003571428572
2026-02-09,549254419,21,1.0,20.0,1577.9738095238095
2026-02-09,585840779,1,0.0,1.0,931.0
2026-02-09,585840780,2,0.0,2.0,822.5
2026-02-09,585840783,2,0.0,2.0,800.0
2026-02-09,649988707,42,1.0,41.0,1763.9506976744187
2026-02-09,681642682,27,0.0,27.0,1653.702962962963
2026-02-09,715890126,10,0.0,10.0,1460.123
2026-02-09,715890127,6,1.0,5.0,1480.0
2026-02-09,715890128,8,0.0,8.0,1640.00125
2026-02-09,715890129,21,0.0,21.0,1605.7295238095237
2026-02-09,724729234,5,0.0,5.0,1680.0
2026-02-09,732543825,9,0.0,9.0,1716.6666666666667
2026-02-09,732543827,2,0.0,2.0,1800.0
2026-02-09,732543829,24,0.0,24.0,1750.0295833333332
2026-02-09,756653629,6,0.0,6.0,1814.2857142857142
2026-02-09,759970497,7,1.0,6.0,1225.0
2026-02-09,760323301,6,0.0,6.0,1966.6666666666667
2026-02-09,760323302,7,0.0,7.0,2303.0
2026-02-09,760323303,3,0.0,3.0,2266.6666666666665
2026-02-09,760323304,2,0.0,2.0,2275.0
2026-02-09,760323306,3,0.0,3.0,2383.3333333333335
2026-02-09,783403723,1,0.0,1.0,2400.0
2026-02-09,783403724,1,0.0,1.0,2150.0
2026-02-09,783403725,1,0.0,1.0,2400.0
2026-02-10,219033581,54,0.0,54.0,1588.0133333333333
2026-02-10,219037028,1,0.0,1.0,1886.0
2026-02-10,220783118,24,0.0,24.0,1751.7916666666667
2026-02-10,220783121,1,0.0,1.0,2090.0
2026-02-10,220783128,13,0.0,13.0,1664.576923076923
2026-02-10,220783129,10,0.0,10.0,1558.8
2026-02-10,220796910,13,0.0,13.0,979.6385714285715
2026-02-10,220796916,27,2.0,25.0,1184.0066666666667
2026-02-10,220796924,14,0.0,14.0,1120.4285714285713
2026-02-10,220796932,16,0.0,16.0,1023.0
2026-02-10,221216505,5,0.0,5.0,1716.5
2026-02-10,221216935,2,0.0,2.0,1777.5
2026-02-10,221217363,23,0.0,23.0,1072.0
2026-02-10,223297569,1,0.0,1.0,501.0
2026-02-10,223302777,10,0.0,10.0,1277.6
2026-02-10,223615358,10,0.0,10.0,1703.0
2026-02-10,225505021,1,0.0,1.0,540.0
2026-02-10,247803776,2,0.0,2.0,1495.0
2026-02-10,248166626,63,1.0,62.0,1800.002380952381
2026-02-10,248173261,13,1.0,12.0,1791.0
2026-02-10,248591628,9,1.0,8.0,1752.4444444444443
2026-02-10,248591629,4,0.0,4.0,2205.0
2026-02-10,248639013,98,3.0,95.0,1604.781111111111
2026-02-10,251889892,4,0.0,4.0,1276.5925
2026-02-10,251889894,5,0.0,5.0,1938.2
2026-02-10,253236688,29,1.0,28.0,1651.8620689655172
2026-02-10,253237666,45,0.0,45.0,1849.1335555555554
2026-02-10,258834337,7,2.0,5.0,955.9514285714286
2026-02-10,258834339,1,0.0,1.0,0.0
2026-02-10,258836990,6,0.0,6.0,526.0
2026-02-10,258836991,1,0.0,1.0,0.0
2026-02-10,258850894,2,0.0,2.0,660.15
2026-02-10,262596137,1,0.0,1.0,931.0
2026-02-10,262596138,1,0.0,1.0,900.0
2026-02-10,273080437,1,0.0,1.0,807.0
2026-02-10,278278778,20,0.0,20.0,1872.75
2026-02-10,286985384,5,0.0,5.0,1660.0
2026-02-10,286985385,6,0.0,6.0,1733.32
2026-02-10,296818633,13,0.0,13.0,1021.3807692307693
2026-02-10,300294506,3,0.0,3.0,2063.0
2026-02-10,300294507,4,0.0,4.0,1742.0
2026-02-10,315032004,1,0.0,1.0,1467.0
2026-02-10,331575070,3,0.0,3.0,1127.0
2026-02-10,331575073,8,0.0,8.0,1147.045
2026-02-10,331575074,7,0.0,7.0,1187.9885714285715
2026-02-10,331575075,4,2.0,2.0,1183.0
2026-02-10,337308569,8,0.0,8.0,1700.0
2026-02-10,366813884,1,0.0,1.0,1049.0
2026-02-10,366813891,1,0.0,1.0,1170.0
2026-02-10,377241928,1,0.0,1.0,1062.0
2026-02-10,377242345,1,0.0,1.0,0.0
2026-02-10,377242549,1,0.0,1.0,1503.0
2026-02-10,384494968,4,0.0,4.0,1250.0
2026-02-10,412079857,1,0.0,1.0,546.0
2026-02-10,444461581,40,4.0,36.0,1860.475
2026-02-10,467007550,5,0.0,5.0,1815.318
2026-02-10,468506773,5,0.0,5.0,1876.0
2026-02-10,471342171,2,1.0,1.0,3660.0
2026-02-10,474397318,62,1.0,61.0,1802.801746031746
2026-02-10,474629420,44,1.0,43.0,1738.633409090909
2026-02-10,475759397,35,0.0,35.0,1865.8885714285714
2026-02-10,480012919,1,1.0,0.0,932.0
2026-02-10,504801009,25,2.0,23.0,899.9960000000001
2026-02-10,516856408,8,0.0,8.0,2624.0
2026-02-10,516856409,2,1.0,1.0,923.0
2026-02-10,528912182,3,0.0,3.0,316.3333333333333
2026-02-10,528912186,5,0.0,5.0,845.8
2026-02-10,528912198,1,0.0,1.0,536.0
2026-02-10,541096165,14,0.0,14.0,2250.4285714285716
2026-02-10,541096166,4,0.0,4.0,2595.0
2026-02-10,541096167,28,1.0,27.0,1692.857142857143
2026-02-10,549254419,15,0.0,15.0,1577.9813333333334
2026-02-10,585840782,1,0.0,1.0,850.0
2026-02-10,585840783,2,0.0,2.0,800.0
2026-02-10,649988707,40,0.0,40.0,1818.77575
2026-02-10,681642682,26,0.0,26.0,1653.845769230769
2026-02-10,715890126,5,0.0,5.0,1448.0
2026-02-10,715890127,7,0.0,7.0,1480.0
2026-02-10,715890128,22,0.0,22.0,1600.0
2026-02-10,715890129,24,0.0,24.0,1605.0029166666666
2026-02-10,724729234,10,0.0,10.0,1680.0049999999999
2026-02-10,732543825,6,0.0,6.0,1699.9916666666668
2026-02-10,732543827,5,0.0,5.0,1800.0220000000002
2026-02-10,732543829,37,0.0,37.0,1703.9497368421053
2026-02-10,756653629,9,0.0,9.0,2111.1111111111113
2026-02-10,759970497,9,1.0,8.0,1394.5277777777778
2026-02-10,760169675,2,0.0,2.0,1575.0
2026-02-10,760169676,4,0.0,4.0,1700.0
2026-02-10,760323301,15,1.0,14.0,1926.6713333333332
2026-02-10,760323302,3,0.0,3.0,2335.6666666666665
2026-02-10,760323303,4,1.0,3.0,2250.0
2026-02-10,760323304,1,0.0,1.0,2150.0
2026-02-10,760323305,3,0.0,3.0,2400.0
2026-02-10,760323306,4,0.0,4.0,2350.0
2026-02-10,783403724,1,0.0,1.0,2150.0
2026-02-10,783403725,5,0.0,5.0,2260.0
2026-02-11,219033581,61,0.0,61.0,1572.5078688524588
2026-02-11,219037028,11,0.0,11.0,1886.021818181818
2026-02-11,220783118,27,0.0,27.0,1749.2366666666667
2026-02-11,220783121,2,0.0,2.0,2090.0
2026-02-11,220783128,16,0.0,16.0,1669.99625
2026-02-11,220783129,10,0.0,10.0,1732.0
2026-02-11,220796910,18,0.0,18.0,1055.0
2026-02-11,220796916,25,2.0,23.0,1183.9956
2026-02-11,220796924,14,2.0,12.0,1133.7092857142857
2026-02-11,220796929,1,0.0,1.0,1339.17
2026-02-11,220796932,19,2.0,17.0,1023.0
2026-02-11,221216505,3,0.0,3.0,1703.0
2026-02-11,221216935,2,0.0,2.0,1777.5
2026-02-11,221217363,41,0.0,41.0,1042.537619047619
2026-02-11,223302777,12,0.0,12.0,1268.3333333333333
2026-02-11,223611903,1,0.0,1.0,1680.0
2026-02-11,223615358,10,0.0,10.0,1577.6554545454544
2026-02-11,225505021,1,0.0,1.0,540.0
2026-02-11,247803775,1,0.0,1.0,1970.0
2026-02-11,247803776,3,0.0,3.0,1644.3333333333333
2026-02-11,248166626,64,1.0,63.0,1800.00234375
2026-02-11,248173261,21,3.0,18.0,1780.1899999999998
2026-02-11,248591628,11,0.0,11.0,1732.5454545454545
2026-02-11,248591629,2,0.0,2.0,2184.0
2026-02-11,248639013,77,2.0,75.0,1640.9428571428573
2026-02-11,251889892,1,0.0,1.0,1747.0
2026-02-11,251889894,3,0.0,3.0,1785.0
2026-02-11,253236688,39,0.0,39.0,1628.3076923076924
2026-02-11,253237666,61,0.0,61.0,1842.0329508196721
2026-02-11,258834337,8,0.0,8.0,956.0
2026-02-11,258850894,1,0.0,1.0,666.0
2026-02-11,262595711,3,0.0,3.0,1116.0
2026-02-11,262596137,1,0.0,1.0,931.0
2026-02-11,278278778,23,0.0,23.0,1877.1739130434783
2026-02-11,278837544,2,0.0,2.0,1082.0
2026-02-11,286985384,12,0.0,12.0,1660.0
2026-02-11,286985385,8,0.0,8.0,1659.99
2026-02-11,296818633,13,0.0,13.0,1021.3846153846154
2026-02-11,300294506,8,0.0,8.0,2034.875
2026-02-11,300294507,3,0.0,3.0,1742.0
2026-02-11,331575070,4,0.0,4.0,1127.0
2026-02-11,331575073,6,0.0,6.0,1147.0
2026-02-11,331575074,4,0.0,4.0,1188.0
2026-02-11,331575075,3,1.0,2.0,1183.0
2026-02-11,337308569,8,1.0,7.0,1700.0
2026-02-11,366813884,1,0.0,1.0,1049.0
2026-02-11,377242345,2,0.0,2.0,1134.0
2026-02-11,384494968,4,0.0,4.0,1250.0
2026-02-11,412079857,2,0.0,2.0,569.0
2026-02-11,444461581,36,2.0,34.0,1842.7766666666669
2026-02-11,468506772,2,0.0,2.0,1645.0
2026-02-11,468506773,2,0.0,2.0,1876.0900000000001
2026-02-11,471342171,1,0.0,1.0,3659.95
2026-02-11,474397318,54,5.0,49.0,1818.2655555555555
2026-02-11,474629420,39,1.0,38.0,1730.7664102564102
2026-02-11,475759397,25,0.0,25.0,1870.6028
2026-02-11,504801009,22,0.0,22.0,900.0
2026-02-11,516856408,23,1.0,22.0,2636.913043478261
2026-02-11,516856409,2,0.0,2.0,1846.0
2026-02-11,528912182,2,0.0,2.0,949.0
2026-02-11,528912186,4,0.0,4.0,832.0
2026-02-11,528912198,1,0.0,1.0,536.0
2026-02-11,541096165,8,1.0,7.0,2389.5
2026-02-11,541096166,1,0.0,1.0,2700.0
2026-02-11,541096167,19,0.0,19.0,1695.7894736842106
2026-02-11,549254419,13,0.0,13.0,1578.0584615384614
2026-02-11,585840780,2,0.0,2.0,822.5
2026-02-11,585840782,1,0.0,1.0,850.0
2026-02-11,585840783,1,0.0,1.0,781.13
2026-02-11,649988707,60,0.0,60.0,1696.87328125
2026-02-11,681642682,30,0.0,30.0,1645.0
2026-02-11,715890126,6,0.0,6.0,1473.3333333333333
2026-02-11,715890127,9,0.0,9.0,1533.3333333333333
2026-02-11,715890128,31,0.0,31.0,1601.2906451612903
2026-02-11,715890129,33,0.0,33.0,1591.5151515151515
2026-02-11,724729234,8,0.0,8.0,1680.0
2026-02-11,732543825,4,0.0,4.0,1737.5
2026-02-11,732543827,3,0.0,3.0,1800.0
2026-02-11,732543829,31,0.0,31.0,1695.3234375
2026-02-11,756653629,7,1.0,6.0,2114.2714285714287
2026-02-11,759970497,13,0.0,13.0,1373.0676923076924
2026-02-11,760169675,1,0.0,1.0,1550.0
2026-02-11,760169676,3,0.0,3.0,1716.6666666666667
2026-02-11,760323301,6,1.0,5.0,1891.6666666666667
2026-02-11,760323302,6,0.0,6.0,2303.008333333333
2026-02-11,760323303,2,0.0,2.0,2250.0
2026-02-11,760323304,2,0.0,2.0,2150.0
2026-02-11,760323306,7,0.0,7.0,2357.1428571428573
2026-02-11,783403724,3,0.0,3.0,2200.0
2026-02-11,783403725,2,0.0,2.0,2100.0
2026-02-12,219033581,74,0.0,74.0,1554.9510810810812
2026-02-12,219037028,4,0.0,4.0,1886.0
2026-02-12,220783118,39,0.0,39.0,1742.979487179487
2026-02-12,220783121,3,0.0,3.0,2090.0033333333336
2026-02-12,220783128,24,0.0,24.0,1520.0
2026-02-12,220783129,6,0.0,6.0,1764.0
2026-02-12,220796910,14,1.0,13.0,1055.0049999999999
2026-02-12,220796916,38,2.0,36.0,1184.005
2026-02-12,220796924,23,0.0,23.0,1120.0469565217393
2026-02-12,220796932,30,0.0,30.0,982.2970967741935
2026-02-12,221216505,10,0.0,10.0,1702.9900000000002
2026-02-12,221216935,9,0.0,9.0,1750.6666666666667
2026-02-12,221217363,39,4.0,35.0,1066.0517948717948
2026-02-12,223302777,7,0.0,7.0,1275.7142857142858
2026-02-12,223615358,17,0.0,17.0,1617.4066666666668
2026-02-12,247803776,5,0.0,5.0,1524.8
2026-02-12,248166626,57,0.0,57.0,1800.0015789473684
2026-02-12,248173261,17,1.0,16.0,1775.3529411764705
2026-02-12,248591628,15,0.0,15.0,1716.0
2026-02-12,248591629,3,0.0,3.0,2016.0
2026-02-12,248639013,99,2.0,97.0,1627.1218
2026-02-12,251889892,8,0.0,8.0,1702.0
2026-02-12,251889894,3,0.0,3.0,1955.0
2026-02-12,253236688,55,0.0,55.0,1619.8012727272728
2026-02-12,253237666,71,0.0,71.0,1771.9121917808218
2026-02-12,258834337,2,0.0,2.0,956.0
2026-02-12,258836990,2,0.0,2.0,1052.0
2026-02-12,258850894,1,0.0,1.0,666.0
2026-02-12,262595711,2,0.0,2.0,1116.0
2026-02-12,278278778,36,0.0,36.0,1815.0002702702702
2026-02-12,278837544,2,0.0,2.0,1152.0
2026-02-12,278837827,1,0.0,1.0,980.0
2026-02-12,286985384,18,0.0,18.0,1572.6315789473683
2026-02-12,286985385,15,0.0,15.0,1556.221875
2026-02-12,296818633,16,1.0,15.0,954.5617647058823
2026-02-12,300294506,1,1.0,0.0,2063.0
2026-02-12,300294507,2,0.0,2.0,1742.0
2026-02-12,316614614,1,0.0,1.0,507.35
2026-02-12,331575070,5,0.0,5.0,1127.0
2026-02-12,331575073,9,0.0,9.0,1147.04
2026-02-12,331575074,11,0.0,11.0,1187.9945454545455
2026-02-12,331575075,6,1.0,5.0,1040.0
2026-02-12,337308569,6,0.0,6.0,1700.0
2026-02-12,337309667,1,1.0,0.0,1177.0
2026-02-12,366813884,3,0.0,3.0,1049.0
2026-02-12,366813885,2,0.0,2.0,1132.0
2026-02-12,377241928,1,0.0,1.0,1062.0
2026-02-12,377242343,2,0.0,2.0,1063.0
2026-02-12,384494968,1,0.0,1.0,1250.08
2026-02-12,384494969,1,0.0,1.0,1260.0
2026-02-12,412079857,1,0.0,1.0,592.0
2026-02-12,444461581,39,3.0,36.0,1797.6032500000001
2026-02-12,467007550,2,0.0,2.0,1760.06
2026-02-12,468506772,2,0.0,2.0,1667.0
2026-02-12,468506773,3,0.0,3.0,1876.0
2026-02-12,471342171,7,1.0,6.0,3660.2757142857145
2026-02-12,474397318,55,1.0,54.0,1816.1029090909092
2026-02-12,474629420,32,0.0,32.0,1660.909090909091
2026-02-12,475748707,2,0.0,2.0,2027.0
2026-02-12,475759397,34,1.0,33.0,1867.7623529411765
2026-02-12,504801009,16,1.0,15.0,900.001875
2026-02-12,516856408,27,0.0,27.0,2645.962222222222
2026-02-12,516856409,2,0.0,2.0,1846.1799999999998
2026-02-12,528912182,3,0.0,3.0,900.32
2026-02-12,528912186,2,0.0,2.0,866.5
2026-02-12,541096165,6,1.0,5.0,2448.5
2026-02-12,541096166,4,0.0,4.0,2490.0
2026-02-12,541096167,25,0.0,25.0,1694.4
2026-02-12,549254419,16,0.0,16.0,1578.0
2026-02-12,585840780,1,0.0,1.0,771.0
2026-02-12,585840782,2,0.0,2.0,875.02
2026-02-12,585840783,1,0.0,1.0,800.0
2026-02-12,649988707,47,0.0,47.0,1765.625
2026-02-12,681642682,38,0.0,38.0,1588.4610256410258
2026-02-12,715890126,7,0.0,7.0,1445.7142857142858
2026-02-12,715890127,10,0.0,10.0,1464.0
2026-02-12,715890128,40,0.0,40.0,1588.00025
2026-02-12,715890129,39,0.0,39.0,1578.4607692307693
2026-02-12,724729234,16,0.0,16.0,1674.995
2026-02-12,732543825,7,0.0,7.0,1699.9885714285715
2026-02-12,732543827,3,0.0,3.0,1800.0
2026-02-12,732543829,52,0.0,52.0,1716.9928301886791
2026-02-12,756653629,9,2.0,7.0,2111.1111111111113
2026-02-12,759970497,15,0.0,15.0,1376.6666666666667
2026-02-12,760169675,2,0.0,2.0,1549.9850000000001
2026-02-12,760169676,3,0.0,3.0,1700.0
2026-02-12,760323301,8,0.0,8.0,1912.5
2026-02-12,760323302,4,1.0,3.0,2303.0
2026-02-12,760323303,4,0.0,4.0,2250.0
2026-02-12,760323304,1,0.0,1.0,2150.0
2026-02-12,760323306,2,0.0,2.0,2350.0
2026-02-12,783403724,2,0.0,2.0,2150.0
2026-02-12,783403725,3,0.0,3.0,2133.3333333333335
2026-02-13,219033581,93,0.0,93.0,1540.0263829787234
2026-02-13,219037028,13,0.0,13.0,1751.277142857143
2026-02-13,220783118,50,0.0,50.0,1745.3354000000002
2026-02-13,220783121,5,0.0,5.0,2090.0
2026-02-13,220783128,33,0.0,33.0,1650.9099999999999
2026-02-13,220783129,11,0.0,11.0,1731.9727272727273
2026-02-13,220796910,25,0.0,25.0,1055.0064
2026-02-13,220796916,47,0.0,47.0,1184.007659574468
2026-02-13,220796924,20,1.0,19.0,1117.55
2026-02-13,220796929,2,0.0,2.0,1339.0
2026-02-13,220796932,33,0.0,33.0,998.2460606060607
2026-02-13,221216505,13,0.0,13.0,1706.0
2026-02-13,221216935,3,0.0,3.0,1697.0
2026-02-13,221217363,69,0.0,69.0,1040.1998571428571
2026-02-13,223302777,10,1.0,9.0,1248.7450000000001
2026-02-13,223615358,9,0.0,9.0,1680.6799999999998
2026-02-13,247803776,6,0.0,6.0,1470.0
2026-02-13,248166626,51,1.0,50.0,1732.1000000000001
2026-02-13,248173261,21,0.0,21.0,1681.9545454545455
2026-02-13,248591628,10,2.0,8.0,1719.6
2026-02-13,248591629,7,0.0,7.0,2105.985714285714
2026-02-13,248639013,115,4.0,111.0,1612.6522413793105
2026-02-13,251889892,4,0.0,4.0,1702.0875
2026-02-13,251889894,5,1.0,4.0,1836.0
2026-02-13,253236688,82,0.0,82.0,1592.0955421686747
2026-02-13,253237666,99,0.0,99.0,1810.509898989899
2026-02-13,258834337,4,0.0,4.0,956.0
2026-02-13,258834339,1,0.0,1.0,1118.0
2026-02-13,258836990,4,0.0,4.0,1052.0
2026-02-13,258850894,1,0.0,1.0,666.0
2026-02-13,262595711,1,0.0,1.0,1116.0
2026-02-13,262595712,2,0.0,2.0,1668.5
2026-02-13,262596138,1,0.0,1.0,900.0
2026-02-13,278278778,30,0.0,30.0,1859.0
2026-02-13,278837827,1,0.0,1.0,918.0
2026-02-13,286985384,19,0.0,19.0,1660.0336842105262
2026-02-13,286985385,29,0.0,29.0,1604.6666666666667
2026-02-13,296818633,10,0.0,10.0,1011.595
2026-02-13,300294507,1,0.0,1.0,1742.0
2026-02-13,315032004,1,0.0,1.0,1467.0
2026-02-13,331575070,5,0.0,5.0,1127.0
2026-02-13,331575073,14,0.0,14.0,1147.03
2026-02-13,331575074,9,0.0,9.0,1188.0
2026-02-13,331575075,9,0.0,9.0,1183.01
2026-02-13,337308569,5,1.0,4.0,1699.916
2026-02-13,366760796,1,0.0,1.0,1025.0
2026-02-13,366813884,2,0.0,2.0,1049.0
2026-02-13,366813885,1,0.0,1.0,1075.0
2026-02-13,384494968,3,0.0,3.0,1250.0
2026-02-13,384494969,1,0.0,1.0,1260.0
2026-02-13,412079857,1,0.0,1.0,546.0
2026-02-13,444461581,54,0.0,54.0,1837.8481481481483
2026-02-13,462870186,1,0.0,1.0,1711.0
2026-02-13,467007550,9,0.0,9.0,1760.0144444444445
2026-02-13,468506772,1,0.0,1.0,1645.0
2026-02-13,471342171,5,0.0,5.0,3050.0
2026-02-13,474397318,68,2.0,66.0,1815.6782352941175
2026-02-13,474629420,33,4.0,29.0,1726.361515151515
2026-02-13,475759397,26,3.0,23.0,1862.0
2026-02-13,504801009,15,1.0,14.0,900.0066666666667
2026-02-13,516856408,29,1.0,28.0,2567.4827586206898
2026-02-13,516856409,1,0.0,1.0,1846.0
2026-02-13,528912186,1,0.0,1.0,901.0
2026-02-13,541096165,5,0.0,5.0,2442.6
2026-02-13,541096166,7,0.0,7.0,2700.0
2026-02-13,541096167,21,1.0,20.0,1611.8245454545454
2026-02-13,549254419,20,0.0,20.0,1580.7
2026-02-13,585840780,1,0.0,1.0,771.0
2026-02-13,585840783,2,0.0,2.0,800.0
2026-02-13,649988707,60,0.0,60.0,1745.967741935484
2026-02-13,681642682,52,0.0,52.0,1595.2858490566036
2026-02-13,715890126,9,0.0,9.0,1440.0
2026-02-13,715890127,23,0.0,23.0,1455.6491304347826
2026-02-13,715890128,50,0.0,50.0,1584.0002
2026-02-13,715890129,46,0.0,46.0,1586.0863043478262
2026-02-13,724729234,12,0.0,12.0,1646.6599999999999
2026-02-13,732543825,17,0.0,17.0,1613.8827777777778
2026-02-13,732543827,5,0.0,5.0,1799.986
2026-02-13,732543829,45,0.0,45.0,1750.0095555555554
2026-02-13,756653629,10,2.0,8.0,2100.004
2026-02-13,759970497,33,0.0,33.0,1374.2439393939394
2026-02-13,760169673,1,0.0,1.0,1700.0
2026-02-13,760169675,7,0.0,7.0,1550.0
2026-02-13,760169676,11,0.0,11.0,1695.4545454545455
2026-02-13,760323301,16,1.0,15.0,1868.73
2026-02-13,760323302,9,1.0,8.0,2303.0
2026-02-13,760323303,3,0.0,3.0,2250.0
2026-02-13,760323304,2,0.0,2.0,2150.0
2026-02-13,760323305,4,0.0,4.0,2400.0
2026-02-13,760323306,5,0.0,5.0,2370.0
2026-02-13,783403724,4,1.0,3.0,2137.5
2026-02-13,783403725,3,0.0,3.0,2133.3333333333335
2026-02-14,218467926,2,0.0,2.0,946.0
2026-02-14,219033581,97,0.0,97.0,1508.9989
2026-02-14,219037028,10,0.0,10.0,1886.012
2026-02-14,220783118,43,0.0,43.0,1753.8418604651163
2026-02-14,220783121,5,0.0,5.0,2090.0
2026-02-14,220783128,31,1.0,30.0,1650.3225806451612
2026-02-14,220783129,8,0.0,8.0,1732.0
2026-02-14,220796910,12,0.0,12.0,1055.0016666666668
2026-02-14,220796916,39,1.0,38.0,1183.9971794871794
2026-02-14,220796924,35,0.0,35.0,1090.3122857142857
2026-02-14,220796929,1,0.0,1.0,1339.0
2026-02-14,220796932,28,0.0,28.0,997.467857142857
2026-02-14,221216505,16,0.0,16.0,1717.740625
2026-02-14,221216935,2,0.0,2.0,1697.0
2026-02-14,221217363,52,0.0,52.0,1049.761346153846
2026-02-14,223302777,16,1.0,15.0,1259.066875
2026-02-14,223615358,19,0.0,19.0,1506.142857142857
2026-02-14,247803776,3,1.0,2.0,1395.0
2026-02-14,248166626,67,2.0,65.0,1800.0031343283583
2026-02-14,248173261,14,0.0,14.0,1761.142857142857
2026-02-14,248591628,6,0.0,6.0,1715.9316666666666
2026-02-14,248591629,6,0.0,6.0,2058.0
2026-02-14,248639013,120,2.0,118.0,1610.8176666666666
2026-02-14,248639014,1,0.0,1.0,1430.0
2026-02-14,251889892,3,0.0,3.0,1702.0
2026-02-14,251889894,11,1.0,10.0,1785.0
2026-02-14,253236688,72,0.0,72.0,1605.3319444444444
2026-02-14,253237666,97,1.0,96.0,1767.0806060606062
2026-02-14,258834337,1,0.0,1.0,956.0
2026-02-14,258836990,3,0.0,3.0,1052.0
2026-02-14,258850894,3,0.0,3.0,666.0
2026-02-14,278278778,40,0.0,40.0,1786.8287804878048
2026-02-14,278837827,4,0.0,4.0,933.5
2026-02-14,286985384,24,0.0,24.0,1659.9858333333334
2026-02-14,286985385,25,0.0,25.0,1659.9972
2026-02-14,296818633,14,0.0,14.0,941.33
2026-02-14,300294506,3,0.0,3.0,2063.0
2026-02-14,300294507,2,1.0,1.0,1742.0
2026-02-14,331575070,4,0.0,4.0,1127.0
2026-02-14,331575073,10,1.0,9.0,1042.7272727272727
2026-02-14,331575074,11,0.0,11.0,1188.0
2026-02-14,331575075,12,0.0,12.0,1183.0
2026-02-14,337308569,3,0.0,3.0,1700.0
2026-02-14,366813884,5,0.0,5.0,1049.0
2026-02-14,366813885,5,0.0,5.0,1075.0
2026-02-14,366822996,2,0.0,2.0,1086.0
2026-02-14,377241928,1,0.0,1.0,1062.0
2026-02-14,377242345,1,0.0,1.0,1134.0
2026-02-14,377242549,1,1.0,0.0,1503.0
2026-02-14,384494968,2,0.0,2.0,1250.0
2026-02-14,412079857,2,0.0,2.0,546.0
2026-02-14,444461581,42,4.0,38.0,1829.1916666666668
2026-02-14,462870186,1,0.0,1.0,1593.0
2026-02-14,467007550,10,0.0,10.0,1760.06
2026-02-14,468506772,1,0.0,1.0,1689.0
2026-02-14,468506773,2,0.0,2.0,1876.0
2026-02-14,471342171,4,0.0,4.0,3660.0
2026-02-14,474397318,73,0.0,73.0,1817.1804109589043
2026-02-14,474629420,33,1.0,32.0,1659.7091176470587
2026-02-14,475748707,1,0.0,1.0,2027.0
2026-02-14,475759397,38,2.0,36.0,1813.1220512820512
2026-02-14,504801009,27,0.0,27.0,899.9940740740741
2026-02-14,516856408,34,1.0,33.0,2542.264705882353
2026-02-14,528912182,3,0.0,3.0,900.3333333333334
2026-02-14,528912186,3,0.0,3.0,832.0
2026-02-14,541096165,10,1.0,9.0,2419.0
2026-02-14,541096166,4,1.0,3.0,2700.0
2026-02-14,541096167,28,1.0,27.0,1680.0
2026-02-14,549254419,15,0.0,15.0,1577.9826666666668
2026-02-14,585840779,1,0.0,1.0,931.0
2026-02-14,585840783,2,0.0,2.0,800.0
2026-02-14,649988707,53,0.0,53.0,1800.0083018867924
2026-02-14,681642682,54,0.0,54.0,1635.1894444444445
2026-02-14,715890126,7,0.0,7.0,1440.0
2026-02-14,715890127,18,0.0,18.0,1453.3333333333333
2026-02-14,715890128,44,0.0,44.0,1570.9234090909092
2026-02-14,715890129,38,0.0,38.0,1581.052105263158
2026-02-14,724729234,8,0.0,8.0,1654.99
2026-02-14,732543825,18,0.0,18.0,1699.993888888889
2026-02-14,732543827,11,0.0,11.0,2090.909090909091
2026-02-14,732543829,55,0.0,55.0,1750.0110909090909
2026-02-14,756653629,5,1.0,4.0,2120.0
2026-02-14,759970497,28,0.0,28.0,1358.9303571428572
2026-02-14,760169672,3,0.0,3.0,1500.0
2026-02-14,760169673,2,0.0,2.0,1550.0
2026-02-14,760169675,5,0.0,5.0,1549.978
2026-02-14,760169676,7,0.0,7.0,1678.5714285714287
2026-02-14,760323301,12,1.0,11.0,1854.1666666666667
2026-02-14,760323302,8,1.0,7.0,2303.0
2026-02-14,760323303,4,0.0,4.0,2250.0
2026-02-14,760323304,2,0.0,2.0,2150.0
2026-02-14,760323305,3,0.0,3.0,2400.0
2026-02-14,760323306,5,0.0,5.0,2350.0
2026-02-14,775902154,1,0.0,1.0,1100.01
2026-02-14,775902157,1,0.0,1.0,1000.0
2026-02-14,783403724,3,0.0,3.0,2133.3333333333335
2026-02-14,783403725,3,1.0,2.0,2116.6299999999997
2026-02-14,789090597,1,0.0,1.0,1900.0
2026-02-15,218467926,2,0.0,2.0,963.0
2026-02-15,219033581,66,0.0,66.0,1570.1492537313434
2026-02-15,219037028,7,0.0,7.0,1886.0
2026-02-15,220783118,51,0.0,51.0,1730.7051923076922
2026-02-15,220783121,2,0.0,2.0,2090.0
2026-02-15,220783128,25,0.0,25.0,1578.4630769230769
2026-02-15,220783129,11,0.0,11.0,1740.7272727272727
2026-02-15,220796910,21,0.0,21.0,963.2608695652174
2026-02-15,220796916,37,2.0,35.0,1183.9921621621622
2026-02-15,220796924,24,0.0,24.0,1087.5833333333333
2026-02-15,220796932,37,0.0,37.0,964.7552631578947
2026-02-15,221216505,5,0.0,5.0,1703.0
2026-02-15,221216935,4,0.0,4.0,1737.25
2026-02-15,221217363,39,1.0,38.0,1042.3846153846155
2026-02-15,223302777,9,1.0,8.0,1238.97
2026-02-15,223615358,19,1.0,18.0,1632.6842105263158
2026-02-15,247803776,10,0.0,10.0,1389.8870000000002
2026-02-15,248166626,74,0.0,74.0,1800.018108108108
2026-02-15,248173261,25,2.0,23.0,1760.6072
2026-02-15,248591628,16,2.0,14.0,1716.036875
2026-02-15,248591629,4,0.0,4.0,1995.23
2026-02-15,248639013,124,3.0,121.0,1592.32032
2026-02-15,251889892,3,0.0,3.0,1717.0
2026-02-15,251889894,9,1.0,8.0,1785.0
2026-02-15,253236688,49,0.0,49.0,1593.7955102040814
2026-02-15,253237666,84,0.0,84.0,1786.678705882353
2026-02-15,258834337,2,0.0,2.0,956.0
2026-02-15,258834339,1,0.0,1.0,1118.0
2026-02-15,258836990,1,0.0,1.0,1052.0
2026-02-15,258850894,1,0.0,1.0,666.0
2026-02-15,278278778,29,0.0,29.0,1824.4793103448276
2026-02-15,278837827,3,0.0,3.0,918.0
2026-02-15,286985384,14,0.0,14.0,1549.3126666666665
2026-02-15,286985385,21,0.0,21.0,1620.4807142857144
2026-02-15,296818633,15,1.0,14.0,1000.9933333333333
2026-02-15,300294506,5,0.0,5.0,2048.13
2026-02-15,300294507,2,1.0,1.0,1742.0
2026-02-15,331575070,1,2.0,-1.0,1127.0
2026-02-15,331575073,11,0.0,11.0,1147.0
2026-02-15,331575074,3,1.0,2.0,1188.0
2026-02-15,331575075,10,0.0,10.0,1183.0
2026-02-15,337308569,9,2.0,7.0,1700.0
2026-02-15,366760796,4,0.0,4.0,1025.0
2026-02-15,366760798,2,0.0,2.0,1003.0
2026-02-15,366813884,6,0.0,6.0,1049.0
2026-02-15,366813885,2,0.0,2.0,1075.0
2026-02-15,366822996,1,0.0,1.0,1086.0
2026-02-15,370413854,1,0.0,1.0,1424.0
2026-02-15,377242343,1,0.0,1.0,1063.0
2026-02-15,384494968,1,0.0,1.0,1250.0
2026-02-15,412079857,3,0.0,3.0,561.3333333333334
2026-02-15,444461581,60,0.0,60.0,1827.9161666666666
2026-02-15,462870185,1,0.0,1.0,1701.0
2026-02-15,462870186,6,0.0,6.0,1612.6666666666667
2026-02-15,467007550,9,0.0,9.0,1760.0
2026-02-15,468506772,2,0.0,2.0,1645.0
2026-02-15,468506773,2,0.0,2.0,1739.0
2026-02-15,471342171,13,2.0,11.0,3660.0
2026-02-15,474397318,78,1.0,77.0,1816.9751282051282
2026-02-15,474629420,38,3.0,35.0,1711.193947368421
2026-02-15,475748707,3,0.0,3.0,2027.0
2026-02-15,475759397,36,6.0,30.0,1809.5135135135135
2026-02-15,504801009,29,0.0,29.0,900.0034482758621
2026-02-15,516856408,31,1.0,30.0,2481.546774193548
2026-02-15,528912182,1,0.0,1.0,949.0
2026-02-15,528912186,1,0.0,1.0,832.0
2026-02-15,541096165,7,0.0,7.0,2168.25
2026-02-15,541096166,4,0.0,4.0,2700.0
2026-02-15,541096167,33,0.0,33.0,1683.6363636363637
2026-02-15,549254419,11,1.0,10.0,1577.9572727272725
2026-02-15,585840780,3,0.0,3.0,771.0
2026-02-15,585840783,3,0.0,3.0,800.0
2026-02-15,649988707,36,1.0,35.0,1804.1669444444444
2026-02-15,681642682,35,0.0,35.0,1619.4444444444443
2026-02-15,715890126,10,0.0,10.0,1440.0
2026-02-15,715890127,12,0.0,12.0,1347.686923076923
2026-02-15,715890128,36,0.0,36.0,1568.8902777777778
2026-02-15,715890129,35,0.0,35.0,1486.4856756756758
2026-02-15,724729234,11,0.0,11.0,1654.5463636363636
2026-02-15,732543825,16,0.0,16.0,1699.996875
2026-02-15,732543827,8,0.0,8.0,1787.5
2026-02-15,732543829,49,0.0,49.0,1714.9972
2026-02-15,756653629,11,1.0,10.0,2100.0
2026-02-15,759970497,19,0.0,19.0,1352.6315789473683
2026-02-15,760169672,4,0.0,4.0,1500.0
2026-02-15,760169673,10,0.0,10.0,1565.001
2026-02-15,760169675,8,0.0,8.0,1550.0
2026-02-15,760169676,9,0.0,9.0,1655.5555555555557
2026-02-15,760323301,19,0.0,19.0,1865.7894736842106
2026-02-15,760323302,9,1.0,8.0,2303.0
2026-02-15,760323303,4,0.0,4.0,2250.0
2026-02-15,760323304,3,0.0,3.0,2150.0
2026-02-15,760323305,3,0.0,3.0,2366.6666666666665
2026-02-15,760323306,8,0.0,8.0,2356.25
2026-02-15,775902154,4,0.0,4.0,1100.0
2026-02-15,775902157,1,0.0,1.0,1000.0
2026-02-15,775902158,2,0.0,2.0,1000.0
2026-02-15,783403723,2,1.0,1.0,2400.0
2026-02-15,783403724,4,0.0,4.0,2125.0
2026-02-15,783403725,4,0.0,4.0,2062.5
2026-02-15,789090597,3,0.0,3.0,1866.6666666666667
2026-02-15,796420741,1,0.0,1.0,800.0
2026-02-15,818305600,1,0.0,1.0,1680.0
2026-02-16,218467926,2,0.0,2.0,1066.0
2026-02-16,219033581,61,1.0,60.0,1602.4013114754098
2026-02-16,219037028,6,0.0,6.0,1886.0
2026-02-16,220783118,40,0.0,40.0,1774.8392500000002
2026-02-16,220783121,2,0.0,2.0,2090.0
2026-02-16,220783128,23,0.0,23.0,1570.0483333333334
2026-02-16,220783129,4,0.0,4.0,1732.0
2026-02-16,220796910,19,2.0,17.0,1055.001052631579
2026-02-16,220796916,31,0.0,31.0,1184.0
2026-02-16,220796924,25,0.0,25.0,1086.236
2026-02-16,220796932,46,0.0,46.0,993.4108695652175
2026-02-16,221216505,15,0.0,15.0,1705.5866666666666
2026-02-16,221216935,3,0.0,3.0,1697.0
2026-02-16,221217363,40,0.0,40.0,1018.4778048780487
2026-02-16,223302777,14,0.0,14.0,1241.3892857142857
2026-02-16,223615358,27,0.0,27.0,1635.517037037037
2026-02-16,225505021,1,0.0,1.0,540.0
2026-02-16,247803776,7,0.0,7.0,1387.857142857143
2026-02-16,248166626,78,2.0,76.0,1777.218987341772
2026-02-16,248173261,28,1.0,27.0,1754.357142857143
2026-02-16,248591628,21,0.0,21.0,1715.9747619047619
2026-02-16,248591629,7,0.0,7.0,1974.0
2026-02-16,248639013,123,1.0,122.0,1578.56808
2026-02-16,251889892,1,0.0,1.0,1702.0
2026-02-16,251889894,5,1.0,4.0,1785.0
2026-02-16,253236688,53,0.0,53.0,1594.865283018868
2026-02-16,253237666,73,0.0,73.0,1794.5104054054052
2026-02-16,258834337,1,0.0,1.0,956.0
2026-02-16,258834339,1,0.0,1.0,1118.0
2026-02-16,258836990,1,0.0,1.0,1052.0
2026-02-16,258836991,1,0.0,1.0,874.0
2026-02-16,262595711,1,0.0,1.0,1116.0
2026-02-16,273080437,2,0.0,2.0,807.0
2026-02-16,278278778,38,0.0,38.0,1826.578157894737
2026-02-16,279005801,1,0.0,1.0,1705.0
2026-02-16,279007387,1,0.0,1.0,1815.0
2026-02-16,286985384,26,0.0,26.0,1659.9784615384617
2026-02-16,286985385,14,0.0,14.0,1659.9964285714286
2026-02-16,296818633,12,0.0,12.0,928.073846153846
2026-02-16,300294506,2,0.0,2.0,1988.0
2026-02-16,300294507,4,0.0,4.0,1742.0
2026-02-16,316614614,1,0.0,1.0,507.0
2026-02-16,331575070,9,0.0,9.0,1126.9922222222222
2026-02-16,331575073,14,0.0,14.0,1147.0
2026-02-16,331575074,6,0.0,6.0,1187.9966666666667
2026-02-16,331575075,16,0.0,16.0,1183.00125
2026-02-16,337308569,6,1.0,5.0,1700.0
2026-02-16,366760796,2,0.0,2.0,1025.0
2026-02-16,366760798,2,0.0,2.0,1003.0
2026-02-16,366813884,4,1.0,3.0,1049.0
2026-02-16,366813885,3,0.0,3.0,1075.0
2026-02-16,377241928,1,0.0,1.0,1062.0
2026-02-16,377242549,1,1.0,0.0,1503.0
2026-02-16,384494968,1,0.0,1.0,1250.0
2026-02-16,444461581,35,1.0,34.0,1774.4108333333334
2026-02-16,462870186,6,0.0,6.0,1593.0116666666665
2026-02-16,467007550,6,1.0,5.0,1760.0
2026-02-16,468506772,2,0.0,2.0,1558.5
2026-02-16,468506773,1,0.0,1.0,1876.0
2026-02-16,471342171,6,0.0,6.0,3660.0
2026-02-16,474397318,55,3.0,52.0,1813.9807272727273
2026-02-16,474629420,39,2.0,37.0,1712.3082051282051
2026-02-16,475748707,6,0.0,6.0,2027.0
2026-02-16,475759397,29,3.0,26.0,1853.9972413793103
2026-02-16,488493915,2,0.0,2.0,3702.0
2026-02-16,504801009,15,0.0,15.0,900.0
2026-02-16,516856408,27,2.0,25.0,2442.0911111111113
2026-02-16,528912182,1,0.0,1.0,876.0
2026-02-16,528912186,1,0.0,1.0,832.0
2026-02-16,528912198,1,0.0,1.0,536.0
2026-02-16,541096165,7,0.0,7.0,2494.8571428571427
2026-02-16,541096166,2,0.0,2.0,2700.0
2026-02-16,541096167,32,0.0,32.0,1683.7503125
2026-02-16,549254419,11,0.0,11.0,1578.0
2026-02-16,585840783,3,0.0,3.0,800.0
2026-02-16,649988707,58,0.0,58.0,1779.6610169491526
2026-02-16,681642682,40,0.0,40.0,1639.0229268292683
2026-02-16,715890126,15,0.0,15.0,1439.9913333333332
2026-02-16,715890127,18,0.0,18.0,1457.7933333333333
2026-02-16,715890128,26,0.0,26.0,1570.7684615384617
2026-02-16,715890129,14,1.0,13.0,1568.5714285714287
2026-02-16,724729234,13,0.0,13.0,1537.142857142857
2026-02-16,732543825,12,0.0,12.0,1700.0
2026-02-16,732543827,10,0.0,10.0,1775.0
2026-02-16,732543829,58,1.0,57.0,1750.0155172413793
2026-02-16,756653629,9,1.0,8.0,1890.0
2026-02-16,759970497,34,0.0,34.0,1341.1764705882354
2026-02-16,760169672,3,0.0,3.0,1500.0
2026-02-16,760169673,7,0.0,7.0,1550.0
2026-02-16,760169675,5,0.0,5.0,1550.0
2026-02-16,760169676,7,0.0,7.0,1650.0
2026-02-16,760323301,11,0.0,11.0,1849.989090909091
2026-02-16,760323302,7,0.0,7.0,2303.0
2026-02-16,760323303,9,0.0,9.0,2249.9933333333333
2026-02-16,760323304,6,0.0,6.0,2150.015
2026-02-16,760323305,6,0.0,6.0,2350.0
2026-02-16,760323306,6,0.0,6.0,2350.0
2026-02-16,775902154,13,0.0,13.0,1100.0
2026-02-16,775902157,2,0.0,2.0,1000.0
2026-02-16,775902158,3,0.0,3.0,1000.0
2026-02-16,783403723,1,1.0,0.0,2350.0
2026-02-16,783403724,4,0.0,4.0,2137.5
2026-02-16,783403725,6,0.0,6.0,2066.648333333333
2026-02-16,788946367,3,0.0,3.0,2000.0
2026-02-16,789090597,1,0.0,1.0,1900.0
2026-02-16,796420741,2,0.0,2.0,800.0
2026-02-16,818305600,1,0.0,1.0,1520.0
2026-02-17,219033581,55,1.0,54.0,1624.8076363636362
2026-02-17,219037028,11,0.0,11.0,1886.0
2026-02-17,220783118,25,0.0,25.0,1790.5832
2026-02-17,220783121,1,0.0,1.0,2090.0
2026-02-17,220783128,22,1.0,21.0,1621.8181818181818
2026-02-17,220783129,9,0.0,9.0,1732.0
2026-02-17,220796910,17,0.0,17.0,1054.9970588235294
2026-02-17,220796916,41,2.0,39.0,1155.810238095238
2026-02-17,220796924,23,0.0,23.0,1097.1291304347826
2026-02-17,220796932,39,1.0,38.0,991.6153846153846
2026-02-17,221216505,11,0.0,11.0,1703.0
2026-02-17,221216935,3,0.0,3.0,1697.0
2026-02-17,221217363,34,0.0,34.0,1043.8394117647058
2026-02-17,223302777,6,0.0,6.0,1244.3333333333333
2026-02-17,223615358,17,0.0,17.0,1626.7617647058823
2026-02-17,247803776,9,1.0,8.0,1378.3333333333333
2026-02-17,248166626,72,4.0,68.0,1775.3424657534247
2026-02-17,248173261,24,3.0,21.0,1683.125
2026-02-17,248591628,15,0.0,15.0,1716.0
2026-02-17,248591629,9,0.0,9.0,1974.0
2026-02-17,248639013,102,4.0,98.0,1575.9252427184465
2026-02-17,251889892,2,0.0,2.0,1702.0
2026-02-17,251889894,10,0.0,10.0,1784.9599999999998
2026-02-17,253236688,58,1.0,57.0,1588.960172413793
2026-02-17,253237666,66,1.0,65.0,1824.6666666666667
2026-02-17,258834337,2,0.0,2.0,0.0
2026-02-17,258834339,1,0.0,1.0,0.0
2026-02-17,258836990,4,0.0,4.0,789.0
2026-02-17,258836991,2,0.0,2.0,0.0
2026-02-17,262595711,1,0.0,1.0,1116.0
2026-02-17,262596137,6,0.0,6.0,439.5
2026-02-17,278278778,38,1.0,37.0,1820.7865789473683
2026-02-17,286985384,28,0.0,28.0,1659.9935714285714
2026-02-17,286985385,35,0.0,35.0,1659.997142857143
2026-02-17,296818633,13,0.0,13.0,928.0769230769231
2026-02-17,300294506,4,2.0,2.0,2044.25
2026-02-17,300294507,5,0.0,5.0,1742.0
2026-02-17,331575070,6,0.0,6.0,1127.0
2026-02-17,331575073,18,0.0,18.0,1147.0261111111113
2026-02-17,331575074,7,0.0,7.0,1188.0
2026-02-17,331575075,14,0.0,14.0,1025.2666666666667
2026-02-17,337308569,2,0.0,2.0,1700.0
2026-02-17,366760796,8,0.0,8.0,1025.0
2026-02-17,366760798,6,0.0,6.0,1003.0
2026-02-17,366813884,5,0.0,5.0,1049.0
2026-02-17,366813885,6,0.0,6.0,1075.0
2026-02-17,366813888,1,0.0,1.0,896.0
2026-02-17,377242345,1,0.0,1.0,1134.0
2026-02-17,377242549,1,0.0,1.0,1503.0
2026-02-17,384494968,5,0.0,5.0,1250.0
2026-02-17,412079855,2,0.0,2.0,540.0
2026-02-17,412079857,1,0.0,1.0,546.0
2026-02-17,444461581,36,2.0,34.0,1821.9808333333333
2026-02-17,455392688,1,0.0,1.0,1000.0
2026-02-17,462870186,8,1.0,7.0,1607.75
2026-02-17,467007550,6,1.0,5.0,1760.0
2026-02-17,468506772,7,0.0,7.0,1496.7142857142858
2026-02-17,468506773,2,0.0,2.0,1739.0
2026-02-17,471342171,5,0.0,5.0,3659.986
2026-02-17,474397318,58,1.0,57.0,1784.677931034483
2026-02-17,474629420,35,2.0,33.0,1709.9977142857142
2026-02-17,475748707,13,0.0,13.0,2027.0
2026-02-17,475759397,34,1.0,33.0,1857.0564705882352
2026-02-17,488493915,1,0.0,1.0,3702.0
2026-02-17,504801009,21,1.0,20.0,857.7266666666666
2026-02-17,516856408,33,1.0,32.0,2349.8647058823526
2026-02-17,516856409,2,0.0,2.0,923.0
2026-02-17,528912182,3,0.0,3.0,292.0
2026-02-17,528912186,3,0.0,3.0,554.6666666666666
2026-02-17,528912198,1,0.0,1.0,536.0
2026-02-17,541096165,9,0.0,9.0,2169.8888888888887
2026-02-17,541096166,1,0.0,1.0,2280.0
2026-02-17,541096167,24,0.0,24.0,1612.7976
2026-02-17,549254419,14,0.0,14.0,1465.2099999999998
2026-02-17,585840780,3,0.0,3.0,771.0
2026-02-17,585840782,1,0.0,1.0,850.0
2026-02-17,585840783,1,0.0,1.0,800.0
2026-02-17,649988707,42,0.0,42.0,1761.6293023255814
2026-02-17,681642682,38,0.0,38.0,1686.845
2026-02-17,715890126,14,0.0,14.0,1454.2857142857142
2026-02-17,715890127,18,0.0,18.0,1440.0
2026-02-17,715890128,33,0.0,33.0,1563.6363636363637
2026-02-17,715890129,24,0.0,24.0,1566.6679166666665
2026-02-17,724729234,8,0.0,8.0,1649.99125
2026-02-17,732543825,12,0.0,12.0,1700.0
2026-02-17,732543827,3,1.0,2.0,1766.9233333333334
2026-02-17,732543829,58,0.0,58.0,1750.020344827586
2026-02-17,756653629,6,1.0,5.0,2100.0
2026-02-17,759970497,20,0.0,20.0,1325.0
2026-02-17,760169672,15,0.0,15.0,1500.0013333333334
2026-02-17,760169673,5,0.0,5.0,1550.0
2026-02-17,760169675,8,0.0,8.0,1377.788888888889
2026-02-17,760169676,12,0.0,12.0,1526.923076923077
2026-02-17,760323301,9,0.0,9.0,1850.0
2026-02-17,760323302,10,0.0,10.0,2307.904
2026-02-17,760323303,4,0.0,4.0,2250.0
2026-02-17,760323304,5,0.0,5.0,2149.972
2026-02-17,760323305,1,0.0,1.0,2350.0
2026-02-17,760323306,12,1.0,11.0,2350.108333333333
2026-02-17,775902154,13,0.0,13.0,1100.0
2026-02-17,775902155,3,0.0,3.0,1000.0
2026-02-17,775902157,6,0.0,6.0,1000.0
2026-02-17,775902158,6,0.0,6.0,1000.0
2026-02-17,783403723,2,0.0,2.0,2350.0
2026-02-17,783403724,10,0.0,10.0,2105.0
2026-02-17,783403725,5,0.0,5.0,2060.0
2026-02-17,788946367,3,1.0,2.0,2000.0
2026-02-17,789090597,5,0.0,5.0,1780.0
2026-02-17,790943352,1,0.0,1.0,1640.0
2026-02-17,818305600,2,0.0,2.0,1600.0
2026-02-18,218467926,2,0.0,2.0,1066.0
2026-02-18,219033581,77,0.0,77.0,1611.0165822784809
2026-02-18,219037028,7,0.0,7.0,1886.0
2026-02-18,220783118,38,1.0,37.0,1793.3157894736842
2026-02-18,220783121,2,0.0,2.0,2090.0
2026-02-18,220783128,21,0.0,21.0,1609.5238095238096
2026-02-18,220783129,3,0.0,3.0,1732.0
2026-02-18,220796910,11,1.0,10.0,1054.9972727272727
2026-02-18,220796916,26,1.0,25.0,1183.9873076923077
2026-02-18,220796924,28,0.0,28.0,1087.2132142857142
2026-02-18,220796932,38,0.0,38.0,989.8786842105263
2026-02-18,221216505,12,1.0,11.0,1702.9891666666665
2026-02-18,221216935,5,0.0,5.0,1696.934
2026-02-18,221217363,36,1.0,35.0,1013.6018918918918
2026-02-18,223302777,9,0.0,9.0,1246.2222222222222
2026-02-18,223615358,29,0.0,29.0,1569.3
2026-02-18,247803776,7,0.0,7.0,1345.0
2026-02-18,248166626,71,6.0,65.0,1800.018591549296
2026-02-18,248173261,21,0.0,21.0,1753.0076190476193
2026-02-18,248591628,31,1.0,30.0,1716.0
2026-02-18,248591629,11,0.0,11.0,1974.0
2026-02-18,248639013,119,3.0,116.0,1602.2950420168065
2026-02-18,248639014,2,0.0,2.0,2144.935
2026-02-18,251889892,6,0.0,6.0,1702.0
2026-02-18,251889894,13,0.0,13.0,1785.0
2026-02-18,253236688,74,0.0,74.0,1525.4038961038962
2026-02-18,253237666,72,0.0,72.0,1779.4466216216215
2026-02-18,258834337,1,0.0,1.0,956.0
2026-02-18,258836990,4,0.0,4.0,1052.0
2026-02-18,258836991,1,0.0,1.0,874.0
2026-02-18,262595711,1,0.0,1.0,1116.0
2026-02-18,278278778,49,0.0,49.0,1820.613469387755
2026-02-18,286985384,26,0.0,26.0,1659.9888461538462
2026-02-18,286985385,34,0.0,34.0,1659.9985294117646
2026-02-18,296818633,9,1.0,8.0,1001.0
2026-02-18,300294506,5,0.0,5.0,1988.0
2026-02-18,300294507,3,0.0,3.0,1742.0
2026-02-18,315032004,1,0.0,1.0,1467.0
2026-02-18,331575070,14,0.0,14.0,1126.9978571428571
2026-02-18,331575073,13,1.0,12.0,1147.0
2026-02-18,331575074,9,0.0,9.0,1188.0
2026-02-18,331575075,13,2.0,11.0,1183.0
2026-02-18,337308569,7,0.0,7.0,1700.0
2026-02-18,366760796,9,0.0,9.0,1025.0
2026-02-18,366760798,3,0.0,3.0,1003.0
2026-02-18,366813884,5,0.0,5.0,1049.0
2026-02-18,366813885,3,0.0,3.0,1075.0
2026-02-18,377241928,3,0.0,3.0,1062.0
2026-02-18,384494968,3,0.0,3.0,937.5
2026-02-18,412079857,2,0.0,2.0,545.99
2026-02-18,444461581,47,1.0,46.0,1818.1959574468087
2026-02-18,462870186,6,2.0,4.0,1593.0199999999998
2026-02-18,467007550,10,0.0,10.0,1760.0
2026-02-18,468506772,8,0.0,8.0,1472.0
2026-02-18,468506773,2,0.0,2.0,1739.0
2026-02-18,471342171,5,1.0,4.0,3660.0
2026-02-18,474397318,56,1.0,55.0,1814.9923214285716
2026-02-18,474629420,39,1.0,38.0,1671.747
2026-02-18,475748707,7,0.0,7.0,2027.0
2026-02-18,475759397,47,2.0,45.0,1819.7139583333335
2026-02-18,504801009,17,0.0,17.0,899.9958823529412
2026-02-18,516856408,31,3.0,28.0,2379.1974193548385
2026-02-18,528912182,3,0.0,3.0,876.0
2026-02-18,528912186,1,0.0,1.0,832.0
2026-02-18,528912198,1,0.0,1.0,536.0
2026-02-18,541096165,7,1.0,6.0,2478.0
2026-02-18,541096166,1,0.0,1.0,2700.0
2026-02-18,541096167,34,0.0,34.0,1683.5238235294116
2026-02-18,549254419,8,0.0,8.0,1578.0
2026-02-18,585840780,1,0.0,1.0,771.0
2026-02-18,585840783,3,0.0,3.0,799.9666666666667
2026-02-18,649988707,51,2.0,49.0,1768.268846153846
2026-02-18,681642682,42,0.0,42.0,1682.141904761905
2026-02-18,715890126,13,0.0,13.0,1440.0
2026-02-18,715890127,20,0.0,20.0,1442.0
2026-02-18,715890128,40,0.0,40.0,1564.02025
2026-02-18,715890129,28,2.0,26.0,1567.142857142857
2026-02-18,724729234,10,0.0,10.0,1648.003
2026-02-18,732543825,13,0.0,13.0,1578.5714285714287
2026-02-18,732543827,10,0.0,10.0,1760.0
2026-02-18,732543829,44,0.0,44.0,1711.1375555555555
2026-02-18,756653629,7,0.0,7.0,2099.9900000000002
2026-02-18,759970497,32,0.0,32.0,1321.86375
2026-02-18,760169672,8,0.0,8.0,1500.0
2026-02-18,760169673,5,0.0,5.0,1549.986
2026-02-18,760169675,8,0.0,8.0,1551.965
2026-02-18,760169676,12,0.0,12.0,1530.7692307692307
2026-02-18,760323301,21,0.0,21.0,1850.0
2026-02-18,760323302,9,1.0,8.0,2303.0
2026-02-18,760323303,7,0.0,7.0,2250.0
2026-02-18,760323304,6,1.0,5.0,2150.0
2026-02-18,760323305,5,1.0,4.0,2349.996
2026-02-18,760323306,9,0.0,9.0,2350.0
2026-02-18,775902154,23,0.0,23.0,1100.0
2026-02-18,775902155,1,0.0,1.0,1000.0
2026-02-18,775902157,6,0.0,6.0,1000.0
2026-02-18,775902158,3,0.0,3.0,1000.0
2026-02-18,783403723,4,0.0,4.0,2362.5
2026-02-18,783403724,4,0.0,4.0,2100.0
2026-02-18,783403725,4,0.0,4.0,2050.0075
2026-02-18,788946367,3,0.0,3.0,1966.6666666666667
2026-02-18,789090597,2,0.0,2.0,1700.0
2026-02-18,796583762,1,0.0,1.0,2250.0
2026-02-18,818305600,4,0.0,4.0,1600.0
2026-02-19,218467926,2,0.0,2.0,1066.0
2026-02-19,219033581,55,0.0,55.0,1621.0432142857142
2026-02-19,219037028,6,0.0,6.0,1886.0
2026-02-19,220783118,53,0.0,53.0,1815.1756603773586
2026-02-19,220783121,3,0.0,3.0,2090.0
2026-02-19,220783128,24,0.0,24.0,1580.0
2026-02-19,220783129,11,0.0,11.0,1732.0
2026-02-19,220796910,25,0.0,25.0,1054.998
2026-02-19,220796916,29,1.0,28.0,1183.9962068965517
2026-02-19,220796924,23,2.0,21.0,1087.695652173913
2026-02-19,220796932,32,2.0,30.0,992.15875
2026-02-19,221216505,12,1.0,11.0,1702.9875
2026-02-19,221216935,6,0.0,6.0,1697.0
2026-02-19,221217363,21,1.0,20.0,1040.547619047619
2026-02-19,223302777,7,0.0,7.0,1239.0
2026-02-19,223615358,20,0.0,20.0,1622.0
2026-02-19,247803776,5,0.0,5.0,1345.0
2026-02-19,248166626,58,2.0,56.0,1799.9993103448278
2026-02-19,248173261,25,2.0,23.0,1745.4016000000001
2026-02-19,248591628,30,6.0,24.0,1716.0136666666667
2026-02-19,248591629,11,0.0,11.0,1989.3181818181818
2026-02-19,248639013,95,2.0,93.0,1601.1932631578945
2026-02-19,248639014,1,0.0,1.0,1815.0
2026-02-19,251889892,5,0.0,5.0,1702.0
2026-02-19,251889894,7,2.0,5.0,1785.0
2026-02-19,253236688,88,0.0,88.0,1587.8171590909092
2026-02-19,253237666,67,0.0,67.0,1837.7085074626866
2026-02-19,258834337,2,0.0,2.0,955.9100000000001
2026-02-19,258836990,1,0.0,1.0,1052.0
2026-02-19,258850894,2,0.0,2.0,665.815
2026-02-19,262596137,1,0.0,1.0,879.0
2026-02-19,278278778,67,0.0,67.0,1790.7748529411765
2026-02-19,278837827,2,0.0,2.0,918.0
2026-02-19,286985384,59,0.0,59.0,1632.324
2026-02-19,286985385,40,0.0,40.0,1659.9982499999999
2026-02-19,296818633,13,0.0,13.0,1005.0769230769231
2026-02-19,300294506,4,0.0,4.0,2006.75
2026-02-19,300294507,5,0.0,5.0,1742.0
2026-02-19,315032004,1,0.0,1.0,1468.52
2026-02-19,331575070,11,0.0,11.0,1127.0
2026-02-19,331575073,5,1.0,4.0,1147.0
2026-02-19,331575074,6,2.0,4.0,1188.01
2026-02-19,331575075,14,0.0,14.0,1183.0049999999999
2026-02-19,337308569,4,0.0,4.0,1699.84
2026-02-19,366760796,4,0.0,4.0,1025.0
2026-02-19,366760798,5,1.0,4.0,1003.0
2026-02-19,366813884,6,0.0,6.0,1049.0
2026-02-19,366813885,5,0.0,5.0,1075.0
2026-02-19,366822996,1,0.0,1.0,1086.0
2026-02-19,377242549,1,0.0,1.0,1503.0
2026-02-19,384494968,4,0.0,4.0,1250.0
2026-02-19,384494969,1,0.0,1.0,1260.0
2026-02-19,412079857,1,0.0,1.0,546.0
2026-02-19,444461581,56,6.0,50.0,1782.6607142857142
2026-02-19,453167036,1,0.0,1.0,1260.0
2026-02-19,453167037,1,0.0,1.0,822.85
2026-02-19,462870186,2,1.0,1.0,1593.08
2026-02-19,467007550,14,0.0,14.0,1760.0057142857145
2026-02-19,468506772,2,0.0,2.0,1472.0
2026-02-19,471342171,7,1.0,6.0,3660.1857142857143
2026-02-19,474397318,58,1.0,57.0,1813.9731034482759
2026-02-19,474629420,35,1.0,34.0,1710.012
2026-02-19,475748707,8,0.0,8.0,2027.0
2026-02-19,475759397,39,4.0,35.0,1856.661282051282
2026-02-19,488493915,1,0.0,1.0,3702.0
2026-02-19,504801009,18,0.0,18.0,900.0066666666667
2026-02-19,516856408,36,1.0,35.0,2382.8886111111115
2026-02-19,528912182,2,0.0,2.0,876.0
2026-02-19,528912186,2,0.0,2.0,831.85
2026-02-19,541096165,5,2.0,3.0,2478.0
2026-02-19,541096166,2,0.0,2.0,2490.0
2026-02-19,541096167,21,1.0,20.0,1679.997142857143
2026-02-19,549254419,15,0.0,15.0,1578.0
2026-02-19,585840783,1,0.0,1.0,800.0
2026-02-19,649988707,49,1.0,48.0,1764.0326
2026-02-19,681642682,42,0.0,42.0,1696.4238095238095
2026-02-19,715890126,11,0.0,11.0,1440.0
2026-02-19,715890127,20,0.0,20.0,1371.4285714285713
2026-02-19,715890128,28,0.0,28.0,1508.9655172413793
2026-02-19,715890129,20,0.0,20.0,1568.0
2026-02-19,724729234,7,1.0,6.0,1645.7142857142858
2026-02-19,732543825,17,2.0,15.0,1699.9941176470588
2026-02-19,732543827,11,0.0,11.0,1745.4545454545455
2026-02-19,732543829,47,0.0,47.0,1749.9978723404254
2026-02-19,756653629,3,0.0,3.0,2100.0
2026-02-19,759970497,37,1.0,36.0,1304.0475675675675
2026-02-19,760169672,10,0.0,10.0,1500.0
2026-02-19,760169673,4,0.0,4.0,1550.0
2026-02-19,760169675,18,0.0,18.0,1550.0
2026-02-19,760169676,11,0.0,11.0,1650.0
2026-02-19,760323301,10,0.0,10.0,1849.9740000000002
2026-02-19,760323302,6,0.0,6.0,2303.0
2026-02-19,760323303,3,0.0,3.0,2216.633333333333
2026-02-19,760323304,3,0.0,3.0,2083.3733333333334
2026-02-19,760323305,7,1.0,6.0,2242.8571428571427
2026-02-19,760323306,5,0.0,5.0,2350.0
2026-02-19,775902154,18,1.0,17.0,1100.0
2026-02-19,775902155,5,0.0,5.0,1000.0
2026-02-19,775902157,7,0.0,7.0,1000.0
2026-02-19,775902158,7,0.0,7.0,1000.0
2026-02-19,783403723,1,0.0,1.0,2350.0
2026-02-19,783403724,3,0.0,3.0,2083.3333333333335
2026-02-19,783403725,5,0.0,5.0,2080.0
2026-02-19,788946367,4,0.0,4.0,1975.0
2026-02-19,789090597,16,0.0,16.0,1743.75
2026-02-19,790943352,1,0.0,1.0,1640.0
2026-02-19,796420741,1,0.0,1.0,800.0
2026-02-19,796583762,1,0.0,1.0,2250.0
2026-02-19,818305600,2,0.0,2.0,1480.0
2026-02-20,218467926,3,0.0,3.0,1066.0933333333332
2026-02-20,219033581,93,0.0,93.0,1651.0056989247312
2026-02-20,219037028,11,1.0,10.0,1886.0
2026-02-20,220783118,63,1.0,62.0,1788.135625
2026-02-20,220783121,1,0.0,1.0,2090.0
2026-02-20,220783128,26,0.0,26.0,1553.8515384615384
2026-02-20,220783129,14,1.0,13.0,1731.8535714285715
2026-02-20,220796910,13,0.0,13.0,1054.9946153846154
2026-02-20,220796916,28,0.0,28.0,1184.0
2026-02-20,220796924,40,0.0,40.0,1086.5485
2026-02-20,220796932,33,1.0,32.0,990.0066666666667
2026-02-20,221216505,13,0.0,13.0,1703.0
2026-02-20,221216935,10,0.0,10.0,1697.0
2026-02-20,221217363,15,1.0,14.0,1041.1453333333334
2026-02-20,223302777,12,0.0,12.0,1148.6792307692308
2026-02-20,223615358,32,0.0,32.0,1621.996875
2026-02-20,247803775,1,0.0,1.0,1970.0
2026-02-20,247803776,7,0.0,7.0,1176.8775
2026-02-20,248166626,62,3.0,59.0,1771.465873015873
2026-02-20,248173261,19,2.0,17.0,1646.345
2026-02-20,248591628,36,2.0,34.0,1715.976111111111
2026-02-20,248591629,14,0.0,14.0,1980.0
2026-02-20,248639013,123,2.0,121.0,1601.2433333333333
2026-02-20,248639014,2,0.0,2.0,1815.0
2026-02-20,251889892,9,0.0,9.0,1702.0
2026-02-20,251889894,12,1.0,11.0,1784.9666666666665
2026-02-20,253236688,127,0.0,127.0,1548.1823846153845
2026-02-20,253237666,88,1.0,87.0,1833.9030681818183
2026-02-20,258834337,3,0.0,3.0,956.0
2026-02-20,258836990,1,0.0,1.0,1052.0
2026-02-20,258850894,1,0.0,1.0,665.96
2026-02-20,262596137,2,0.0,2.0,879.0
2026-02-20,278278778,72,0.0,72.0,1816.5516666666667
2026-02-20,278837827,2,0.0,2.0,918.0
2026-02-20,279005801,1,0.0,1.0,1705.0
2026-02-20,286985384,55,0.0,55.0,1601.7492982456142
2026-02-20,286985385,69,0.0,69.0,1659.9997101449276
2026-02-20,296818633,10,0.0,10.0,910.0
2026-02-20,300294506,3,0.0,3.0,1987.8133333333335
2026-02-20,300294507,1,1.0,0.0,1742.0
2026-02-20,331575070,16,0.0,16.0,1126.999375
2026-02-20,331575073,27,0.0,27.0,1147.032962962963
2026-02-20,331575074,17,0.0,17.0,1122.0
2026-02-20,331575075,18,0.0,18.0,1183.0
2026-02-20,337308569,4,0.0,4.0,1700.05
2026-02-20,366760796,10,0.0,10.0,1025.0
2026-02-20,366760798,5,1.0,4.0,1003.0
2026-02-20,366813884,5,0.0,5.0,1049.104
2026-02-20,366813885,7,0.0,7.0,1075.0
2026-02-20,366822992,1,0.0,1.0,1147.0
2026-02-20,377241928,1,0.0,1.0,1062.0
2026-02-20,377242549,1,0.0,1.0,1503.0
2026-02-20,384494968,3,1.0,2.0,1250.0
2026-02-20,384494969,1,0.0,1.0,1260.0
2026-02-20,412079857,3,0.0,3.0,545.9766666666667
2026-02-20,444461581,65,0.0,65.0,1749.216
2026-02-20,462870185,1,0.0,1.0,1701.0
2026-02-20,462870186,8,0.0,8.0,1585.625
2026-02-20,467007550,9,1.0,8.0,1760.03
2026-02-20,468506772,4,0.0,4.0,1472.0
2026-02-20,468506773,4,0.0,4.0,1796.0
2026-02-20,471342171,8,3.0,5.0,3660.205
2026-02-20,474397318,74,1.0,73.0,1791.35
2026-02-20,474629420,39,1.0,38.0,1709.993846153846
2026-02-20,475748707,9,1.0,8.0,2003.4444444444443
2026-02-20,475759397,44,2.0,42.0,1854.064090909091
2026-02-20,480012919,1,0.0,1.0,932.0
2026-02-20,504801009,15,1.0,14.0,899.996
2026-02-20,516856408,33,1.0,32.0,2407.5466666666666
2026-02-20,516856409,1,0.0,1.0,1846.0
2026-02-20,528912182,4,0.0,4.0,876.0
2026-02-20,528912186,1,0.0,1.0,832.0
2026-02-20,541096165,10,0.0,10.0,2478.0
2026-02-20,541096166,1,0.0,1.0,2700.0
2026-02-20,541096167,30,1.0,29.0,1682.003
2026-02-20,549254419,16,1.0,15.0,1581.340625
2026-02-20,585840780,3,0.0,3.0,771.2333333333332
2026-02-20,585840783,3,0.0,3.0,800.0
2026-02-20,649988707,63,1.0,62.0,1800.0
2026-02-20,681642682,74,1.0,73.0,1697.289189189189
2026-02-20,715890126,31,0.0,31.0,1434.8390322580647
2026-02-20,715890127,36,0.0,36.0,1439.9941666666666
2026-02-20,715890128,37,0.0,37.0,1563.2521621621622
2026-02-20,715890129,19,1.0,18.0,1566.3157894736842
2026-02-20,724729234,11,0.0,11.0,1640.0
2026-02-20,732543825,33,0.0,33.0,1648.5294117647059
2026-02-20,732543827,23,0.0,23.0,1739.1334782608697
2026-02-20,732543829,60,0.0,60.0,1721.3296721311476
2026-02-20,756653629,4,0.0,4.0,2100.0
2026-02-20,759970497,46,0.0,46.0,1309.7776086956521
2026-02-20,760169672,20,0.0,20.0,1500.0
2026-02-20,760169673,15,0.0,15.0,1550.0
2026-02-20,760169675,12,0.0,12.0,1550.0
2026-02-20,760169676,17,0.0,17.0,1561.111111111111
2026-02-20,760323301,9,2.0,7.0,1850.0
2026-02-20,760323302,6,0.0,6.0,2376.5066666666667
2026-02-20,760323303,8,1.0,7.0,2212.4875
2026-02-20,760323304,8,0.0,8.0,2000.0
2026-02-20,760323305,3,0.0,3.0,2266.6366666666668
2026-02-20,760323306,7,0.0,7.0,2350.0
2026-02-20,775902154,15,2.0,13.0,1113.3333333333333
2026-02-20,775902155,4,0.0,4.0,1000.0
2026-02-20,775902157,1,0.0,1.0,1000.0
2026-02-20,775902158,9,0.0,9.0,1000.0
2026-02-20,783403723,4,0.0,4.0,2162.5
2026-02-20,783403724,4,0.0,4.0,2025.0125
2026-02-20,783403725,7,0.0,7.0,2050.0
2026-02-20,788921071,5,0.0,5.0,1970.0
2026-02-20,788946367,2,0.0,2.0,1950.0
2026-02-20,789090597,8,0.0,8.0,1725.0
2026-02-20,796420740,2,0.0,2.0,720.0
2026-02-20,796420741,3,0.0,3.0,866.6666666666666
2026-02-20,818305600,4,0.0,4.0,1520.0
2026-02-21,218467926,1,0.0,1.0,1066.0
2026-02-21,219033581,79,0.0,79.0,1629.6435802469136
2026-02-21,219037028,8,0.0,8.0,1886.64875
2026-02-21,220783118,56,0.0,56.0,1753.2413793103449
2026-02-21,220783121,1,0.0,1.0,2090.0
2026-02-21,220783128,36,0.0,36.0,1540.0027777777777
2026-02-21,220783129,7,0.0,7.0,1732.0
2026-02-21,220796910,20,0.0,20.0,1055.0
2026-02-21,220796916,37,0.0,37.0,1183.9997297297298
2026-02-21,220796924,44,1.0,43.0,1060.890222222222
2026-02-21,220796932,34,1.0,33.0,962.6748571428573
2026-02-21,221216505,17,0.0,17.0,1703.0
2026-02-21,221216935,2,1.0,1.0,1697.0
2026-02-21,221217363,28,0.0,28.0,1040.1064285714285
2026-02-21,223302777,11,0.0,11.0,1238.989090909091
2026-02-21,223615358,36,0.0,36.0,1581.4462162162163
2026-02-21,247803776,6,2.0,4.0,1152.857142857143
2026-02-21,248166626,67,1.0,66.0,1800.0055223880597
2026-02-21,248173261,19,0.0,19.0,1648.252
2026-02-21,248591628,28,0.0,28.0,1716.0
2026-02-21,248591629,15,1.0,14.0,1979.7113333333332
2026-02-21,248639013,117,4.0,113.0,1601.3645299145298
2026-02-21,248639014,1,0.0,1.0,907.5
2026-02-21,251889892,9,0.0,9.0,1702.0
2026-02-21,251889894,13,1.0,12.0,1784.9692307692308
2026-02-21,253236688,104,2.0,102.0,1586.308076923077
2026-02-21,253237666,77,1.0,76.0,1839.4559740259738
2026-02-21,258834337,3,0.0,3.0,956.0
2026-02-21,258836990,2,0.0,2.0,1052.0
2026-02-21,262595711,1,0.0,1.0,1116.0
2026-02-21,262596137,1,0.0,1.0,879.0
2026-02-21,262596138,1,0.0,1.0,900.0
2026-02-21,278278778,58,0.0,58.0,1816.9003448275862
2026-02-21,286985384,82,0.0,82.0,1659.9943902439024
2026-02-21,286985385,58,1.0,57.0,1660.0256896551725
2026-02-21,296818633,10,0.0,10.0,1001.0
2026-02-21,300294507,6,1.0,5.0,1741.9716666666666
2026-02-21,331575070,15,0.0,15.0,1127.0
2026-02-21,331575073,29,1.0,28.0,1147.0324137931036
2026-02-21,331575074,13,1.0,12.0,1188.0046153846154
2026-02-21,331575075,26,1.0,25.0,1182.9984615384615
2026-02-21,337308569,2,0.0,2.0,1700.0
2026-02-21,366760796,11,1.0,10.0,1025.0
2026-02-21,366760798,1,0.0,1.0,1003.0
2026-02-21,366813884,2,0.0,2.0,1049.0
2026-02-21,366813885,3,0.0,3.0,1075.0
2026-02-21,366813897,1,0.0,1.0,1085.0
2026-02-21,370413854,1,0.0,1.0,1424.0
2026-02-21,377242549,2,0.0,2.0,1503.0
2026-02-21,384494968,6,0.0,6.0,1250.0
2026-02-21,384494969,2,0.0,2.0,1260.0
2026-02-21,398499015,1,0.0,1.0,1160.0
2026-02-21,444461581,60,3.0,57.0,1732.9088333333334
2026-02-21,462870185,1,0.0,1.0,1539.0
2026-02-21,462870186,14,0.0,14.0,1559.2857142857142
2026-02-21,462878720,1,0.0,1.0,1833.0
2026-02-21,467007550,18,2.0,16.0,1760.0
2026-02-21,468506772,4,0.0,4.0,1472.0
2026-02-21,468506773,1,0.0,1.0,1739.0
2026-02-21,471342171,3,0.0,3.0,3538.0
2026-02-21,474397318,66,2.0,64.0,1815.7236363636364
2026-02-21,474629420,30,5.0,25.0,1710.0
2026-02-21,475748707,11,0.0,11.0,1969.1818181818182
2026-02-21,475759397,42,4.0,38.0,1855.2338095238097
2026-02-21,488493915,1,0.0,1.0,3702.0
2026-02-21,504801009,11,0.0,11.0,900.0
2026-02-21,516856408,34,0.0,34.0,2383.29
2026-02-21,516856409,1,1.0,0.0,1846.0
2026-02-21,528912186,1,0.0,1.0,832.0
2026-02-21,541096165,5,0.0,5.0,2478.0
2026-02-21,541096166,4,0.0,4.0,2700.0
2026-02-21,541096167,20,0.0,20.0,1680.0
2026-02-21,549254419,11,0.0,11.0,1577.9663636363637
2026-02-21,585840780,1,0.0,1.0,771.0
2026-02-21,585840783,2,0.0,2.0,800.0
2026-02-21,649988707,55,0.0,55.0,1767.857142857143
2026-02-21,681642682,79,0.0,79.0,1683.1212500000001
2026-02-21,715890126,23,0.0,23.0,1368.3333333333333
2026-02-21,715890127,41,0.0,41.0,1405.7180952380954
2026-02-21,715890128,33,1.0,32.0,1518.825
2026-02-21,715890129,14,0.0,14.0,1565.7142857142858
2026-02-21,724729234,9,0.0,9.0,1640.0
2026-02-21,732543825,33,0.0,33.0,1681.8151515151515
2026-02-21,732543827,32,0.0,32.0,1718.7528125
2026-02-21,732543829,41,0.0,41.0,1750.0017073170734
2026-02-21,756653629,5,0.0,5.0,2100.0
2026-02-21,759970497,36,0.0,36.0,1318.0572222222222
2026-02-21,760169672,16,0.0,16.0,1411.764705882353
2026-02-21,760169673,7,0.0,7.0,1550.0
2026-02-21,760169675,13,0.0,13.0,1550.0
2026-02-21,760169676,16,0.0,16.0,1653.125
2026-02-21,760323301,16,0.0,16.0,1849.9875
2026-02-21,760323302,7,2.0,5.0,2366.0
2026-02-21,760323303,4,1.0,3.0,2175.0
2026-02-21,760323304,8,2.0,6.0,2000.0149999999999
2026-02-21,760323305,5,1.0,4.0,2230.018
2026-02-21,760323306,7,0.0,7.0,2350.0
2026-02-21,775902154,20,0.0,20.0,1145.0535
2026-02-21,775902155,2,0.0,2.0,1000.0
2026-02-21,775902157,6,0.0,6.0,1000.0
2026-02-21,775902158,10,1.0,9.0,1000.0
2026-02-21,783403723,5,0.0,5.0,2100.0
2026-02-21,783403724,12,0.0,12.0,2033.3275
2026-02-21,783403725,7,0.0,7.0,2050.0
2026-02-21,788921071,1,0.0,1.0,2000.0
2026-02-21,788921072,1,0.0,1.0,2000.0
2026-02-21,788946367,4,0.0,4.0,1899.98
2026-02-21,789090597,8,0.0,8.0,1712.5
2026-02-21,790943351,1,0.0,1.0,4000.0
2026-02-21,796420740,2,0.0,2.0,780.0
2026-02-21,796420741,5,0.0,5.0,752.0
2026-02-21,796583762,1,0.0,1.0,2250.0
2026-02-21,818305600,12,0.0,12.0,1483.3333333333333
2026-02-22,218467926,3,0.0,3.0,1066.0
2026-02-22,219033581,93,1.0,92.0,1658.2659574468084
2026-02-22,219037028,8,0.0,8.0,1886.0
2026-02-22,220783118,82,0.0,82.0,1820.728780487805
2026-02-22,220783121,1,0.0,1.0,2090.0
2026-02-22,220783128,47,1.0,46.0,1546.3859574468086
2026-02-22,220783129,11,0.0,11.0,1732.0
2026-02-22,220796910,22,0.0,22.0,1054.9954545454545
2026-02-22,220796916,49,0.0,49.0,1160.3182000000002
2026-02-22,220796924,42,1.0,41.0,1085.7409523809524
2026-02-22,220796932,32,0.0,32.0,989.0
2026-02-22,221216505,29,0.0,29.0,1703.0
2026-02-22,221216935,12,0.0,12.0,1696.9724999999999
2026-02-22,221217363,25,1.0,24.0,1045.5303999999999
2026-02-22,223302777,12,1.0,11.0,1241.6666666666667
2026-02-22,223615358,54,0.0,54.0,1621.998148148148
2026-02-22,247803775,1,0.0,1.0,1970.0
2026-02-22,247803776,11,0.0,11.0,1358.6563636363635
2026-02-22,248166626,60,2.0,58.0,1741.9745161290323
2026-02-22,248173261,23,3.0,20.0,1724.92
2026-02-22,248591628,24,0.0,24.0,1715.95875
2026-02-22,248591629,14,1.0,13.0,1974.0
2026-02-22,248639013,120,6.0,114.0,1587.7680991735538
2026-02-22,248639014,11,0.0,11.0,1815.010909090909
2026-02-22,251889892,12,1.0,11.0,1702.0275000000001
2026-02-22,251889894,6,0.0,6.0,1785.0
2026-02-22,253236688,149,0.0,149.0,1573.7596
2026-02-22,253237666,79,1.0,78.0,1816.591
2026-02-22,258834337,5,0.0,5.0,956.0
2026-02-22,258836990,1,0.0,1.0,1052.0
2026-02-22,258850894,1,0.0,1.0,666.0
2026-02-22,262595711,1,0.0,1.0,1116.0
2026-02-22,262596138,1,0.0,1.0,900.0
2026-02-22,278278778,84,1.0,83.0,1794.2950588235292
2026-02-22,286985384,132,0.0,132.0,1647.5153383458646
2026-02-22,286985385,100,2.0,98.0,1643.5672277227723
2026-02-22,296818633,14,1.0,13.0,1000.9778571428571
2026-02-22,300294506,4,0.0,4.0,1987.8600000000001
2026-02-22,300294507,1,0.0,1.0,1742.0
2026-02-22,331575070,25,0.0,25.0,1043.5207407407408
2026-02-22,331575073,32,1.0,31.0,1147.01625
2026-02-22,331575074,18,0.0,18.0,1188.0
2026-02-22,331575075,37,1.0,36.0,1183.0
2026-02-22,337308569,1,1.0,0.0,850.0
2026-02-22,366760796,8,0.0,8.0,1025.0
2026-02-22,366760798,2,0.0,2.0,1003.0
2026-02-22,366813884,5,0.0,5.0,1049.0
2026-02-22,366813885,10,0.0,10.0,1075.0
2026-02-22,366813888,2,0.0,2.0,896.0
2026-02-22,366822992,1,0.0,1.0,1147.0
2026-02-22,366822996,1,0.0,1.0,1086.0
2026-02-22,377241928,1,0.0,1.0,1062.0
2026-02-22,384494968,6,1.0,5.0,1250.0
2026-02-22,384494969,1,0.0,1.0,1260.0
2026-02-22,412079855,1,0.0,1.0,540.0
2026-02-22,412079857,1,0.0,1.0,546.0
2026-02-22,444461581,61,0.0,61.0,1764.3942499999998
2026-02-22,462870185,1,0.0,1.0,1539.0
2026-02-22,462870186,15,0.0,15.0,1545.8
2026-02-22,467007550,16,1.0,15.0,1760.0075
2026-02-22,468506772,6,0.0,6.0,1472.0266666666666
2026-02-22,468506773,1,0.0,1.0,1693.0
2026-02-22,471342171,10,1.0,9.0,3550.2
2026-02-22,474397318,74,2.0,72.0,1813.976216216216
2026-02-22,474629420,34,2.0,32.0,1710.035
2026-02-22,475748707,15,0.0,15.0,1942.1746666666666
2026-02-22,475759397,22,5.0,17.0,1853.9966666666667
2026-02-22,488493915,5,0.0,5.0,3430.6
2026-02-22,504801009,11,0.0,11.0,900.0
2026-02-22,516856408,40,1.0,39.0,2382.18825
2026-02-22,528912186,1,0.0,1.0,832.0
2026-02-22,528912198,2,0.0,2.0,536.0
2026-02-22,541096165,10,1.0,9.0,2478.0
2026-02-22,541096166,2,0.0,2.0,2700.0
2026-02-22,541096167,28,1.0,27.0,1680.0010714285713
2026-02-22,549254419,7,0.0,7.0,1578.0
2026-02-22,585840780,2,0.0,2.0,771.0
2026-02-22,585840782,1,1.0,0.0,1000.0
2026-02-22,585840783,4,1.0,3.0,800.0
2026-02-22,649988707,59,0.0,59.0,1800.001186440678
2026-02-22,681642682,93,0.0,93.0,1688.9479999999999
2026-02-22,715890126,58,0.0,58.0,1389.152033898305
2026-02-22,715890127,48,0.0,48.0,1410.6104081632652
2026-02-22,715890128,34,3.0,31.0,1561.1764705882354
2026-02-22,715890129,32,0.0,32.0,1561.25
2026-02-22,724729234,12,0.0,12.0,1643.4541666666667
2026-02-22,732543825,46,1.0,45.0,1669.564347826087
2026-02-22,732543827,30,0.0,30.0,1658.0612903225806
2026-02-22,732543829,54,0.0,54.0,1750.0022222222221
2026-02-22,756653629,9,0.0,9.0,2100.0
2026-02-22,759970497,47,0.0,47.0,1306.3836170212767
2026-02-22,760169672,27,0.0,27.0,1507.4407407407407
2026-02-22,760169673,19,0.0,19.0,1550.0
2026-02-22,760169675,20,0.0,20.0,1549.9965
2026-02-22,760169676,25,0.0,25.0,1652.0
2026-02-22,760323301,10,0.0,10.0,1850.0
2026-02-22,760323302,1,1.0,0.0,2303.0
2026-02-22,760323303,8,0.0,8.0,2200.0
2026-02-22,760323304,3,0.0,3.0,2016.6666666666667
2026-02-22,760323305,3,0.0,3.0,2250.0
2026-02-22,760323306,7,0.0,7.0,2350.0
2026-02-22,775902154,17,0.0,17.0,1141.1764705882354
2026-02-22,775902155,5,0.0,5.0,1000.0
2026-02-22,775902157,18,0.0,18.0,1000.0
2026-02-22,775902158,19,0.0,19.0,999.9884210526316
2026-02-22,783403723,1,0.0,1.0,2150.0
2026-02-22,783403724,9,0.0,9.0,1999.9922222222222
2026-02-22,783403725,10,0.0,10.0,1840.909090909091
2026-02-22,788921071,5,0.0,5.0,1850.0
2026-02-22,788921072,1,0.0,1.0,2000.0
2026-02-22,788940604,1,0.0,1.0,3400.0
2026-02-22,788946367,10,0.0,10.0,1909.993
2026-02-22,789090597,11,0.0,11.0,1690.9045454545455
2026-02-22,790943351,1,0.0,1.0,1520.0
2026-02-22,790943352,2,0.0,2.0,1520.0
2026-02-22,796420740,3,0.0,3.0,720.0
2026-02-22,796420741,3,0.0,3.0,866.63
2026-02-22,818305600,10,0.0,10.0,1444.0
2026-02-23,218467926,3,0.0,3.0,1066.0
2026-02-23,219033581,91,0.0,91.0,1643.9167741935485
2026-02-23,219037028,7,0.0,7.0,1886.0
2026-02-23,220783118,71,0.0,71.0,1794.3326388888888
2026-02-23,220783121,1,0.0,1.0,2090.0
2026-02-23,220783128,46,0.0,46.0,1523.4823913043479
2026-02-23,220783129,7,0.0,7.0,1732.0
2026-02-23,220796910,19,1.0,18.0,1054.9973684210527
2026-02-23,220796916,35,1.0,34.0,1183.9954285714284
2026-02-23,220796924,47,0.0,47.0,1062.3941666666667
2026-02-23,220796929,1,0.0,1.0,1291.0
2026-02-23,220796932,34,0.0,34.0,934.0413888888888
2026-02-23,221216505,16,0.0,16.0,1703.0
2026-02-23,221216935,7,0.0,7.0,1697.0
2026-02-23,221217363,26,0.0,26.0,1053.1153846153845
2026-02-23,223302777,9,2.0,7.0,1239.0
2026-02-23,223615358,43,0.0,43.0,1622.0041860465114
2026-02-23,247803775,1,0.0,1.0,1970.0
2026-02-23,247803776,2,0.0,2.0,1345.0
2026-02-23,248166626,52,4.0,48.0,1800.0
2026-02-23,248173261,31,1.0,30.0,1722.3909677419356
2026-02-23,248591628,38,1.0,37.0,1716.0023684210526
2026-02-23,248591629,13,0.0,13.0,1974.0076923076922
2026-02-23,248639013,128,1.0,127.0,1577.2376153846155
2026-02-23,248639014,9,1.0,8.0,1815.0
2026-02-23,251889892,4,0.0,4.0,1702.0
2026-02-23,251889894,10,1.0,9.0,1785.0
2026-02-23,253236688,104,0.0,104.0,1568.9145714285714
2026-02-23,253237666,61,1.0,60.0,1845.01868852459
2026-02-23,258834337,2,0.0,2.0,956.0
2026-02-23,262596137,2,0.0,2.0,878.905
2026-02-23,278278778,81,0.0,81.0,1816.358024691358
2026-02-23,278837544,1,0.0,1.0,1012.0
2026-02-23,278837827,2,0.0,2.0,918.0
2026-02-23,279005801,1,0.0,1.0,1705.0
2026-02-23,286985384,106,0.0,106.0,1599.6325454545454
2026-02-23,286985385,95,0.0,95.0,1660.0
2026-02-23,296818633,6,0.0,6.0,1001.0
2026-02-23,300294506,2,0.0,2.0,1988.0
2026-02-23,300294507,2,0.0,2.0,1742.0
2026-02-23,331575070,19,1.0,18.0,1127.0652631578948
2026-02-23,331575073,35,2.0,33.0,1147.0168571428571
2026-02-23,331575074,26,0.0,26.0,1188.0023076923078
2026-02-23,331575075,31,1.0,30.0,1183.070322580645
2026-02-23,337308569,9,0.0,9.0,1700.0
2026-02-23,366760796,9,0.0,9.0,1025.0144444444445
2026-02-23,366760798,7,0.0,7.0,1003.0
2026-02-23,366813884,5,0.0,5.0,1048.882
2026-02-23,366813885,7,0.0,7.0,1075.0
2026-02-23,366822996,2,1.0,1.0,1086.0
2026-02-23,370413854,1,0.0,1.0,1424.0
2026-02-23,377242549,1,1.0,0.0,1503.0
2026-02-23,384494968,5,0.0,5.0,1250.012
2026-02-23,384494969,2,0.0,2.0,1260.0
2026-02-23,412079855,1,0.0,1.0,540.0
2026-02-23,444461581,58,6.0,52.0,1705.7043103448277
2026-02-23,462870185,5,0.0,5.0,1539.0
2026-02-23,462870186,17,1.0,16.0,1544.4117647058824
2026-02-23,467007550,12,2.0,10.0,1624.6153846153845
2026-02-23,468506772,13,1.0,12.0,1472.0
2026-02-23,468506773,4,2.0,2.0,1693.0
2026-02-23,471342171,4,0.0,4.0,3538.0
2026-02-23,474397318,58,1.0,57.0,1783.221525423729
2026-02-23,474629420,41,4.0,37.0,1710.0017073170734
2026-02-23,475748707,13,0.0,13.0,1945.4615384615386
2026-02-23,475759397,35,1.0,34.0,1802.5
2026-02-23,488493915,2,0.0,2.0,3393.5
2026-02-23,504801009,9,1.0,8.0,900.0033333333333
2026-02-23,516856408,28,0.0,28.0,2376.0042857142857
2026-02-23,528912182,2,0.0,2.0,876.0
2026-02-23,528912186,3,0.0,3.0,832.0
2026-02-23,528912198,1,0.0,1.0,536.0
2026-02-23,541096165,11,0.0,11.0,2478.0
2026-02-23,541096166,4,1.0,3.0,2700.0
2026-02-23,541096167,31,0.0,31.0,1679.9974193548387
2026-02-23,549254419,12,0.0,12.0,1577.9650000000001
2026-02-23,585840779,1,0.0,1.0,931.0
2026-02-23,585840783,3,0.0,3.0,800.0
2026-02-23,649988707,69,1.0,68.0,1799.9968115942029
2026-02-23,681642682,105,0.0,105.0,1718.3975471698116
2026-02-23,715890126,37,0.0,37.0,1370.5226315789473
2026-02-23,715890127,38,2.0,36.0,1440.032894736842
2026-02-23,715890128,26,0.0,26.0,1560.0
2026-02-23,715890129,24,0.0,24.0,1561.6633333333332
2026-02-23,724729234,12,0.0,12.0,1639.995
2026-02-23,732543825,54,0.0,54.0,1632.724181818182
2026-02-23,732543827,29,0.0,29.0,1706.891724137931
2026-02-23,732543829,39,0.0,39.0,1749.9974358974357
2026-02-23,756653629,9,0.0,9.0,2100.0
2026-02-23,759970497,35,1.0,34.0,1301.4282857142857
2026-02-23,760169672,27,1.0,26.0,1446.4285714285713
2026-02-23,760169673,27,0.0,27.0,1549.9977777777779
2026-02-23,760169674,2,0.0,2.0,3350.0
2026-02-23,760169675,26,0.0,26.0,1492.5925925925926
2026-02-23,760169676,26,0.0,26.0,1650.0
2026-02-23,760323301,8,0.0,8.0,1850.0
2026-02-23,760323302,9,0.0,9.0,2368.3333333333335
2026-02-23,760323303,12,0.0,12.0,2149.995
2026-02-23,760323304,6,0.0,6.0,1983.3333333333333
2026-02-23,760323305,12,1.0,11.0,2200.0
2026-02-23,760323306,10,0.0,10.0,2350.0
2026-02-23,775902154,14,2.0,12.0,1121.435
2026-02-23,775902155,9,0.0,9.0,1000.0
2026-02-23,775902157,9,0.0,9.0,1000.0
2026-02-23,775902158,16,1.0,15.0,1000.00625
2026-02-23,783403723,5,0.0,5.0,1940.0
2026-02-23,783403724,7,0.0,7.0,2000.0
2026-02-23,783403725,8,0.0,8.0,2012.49125
2026-02-23,788921071,4,0.0,4.0,1850.0
2026-02-23,788921073,1,0.0,1.0,1900.0
2026-02-23,788940603,1,0.0,1.0,3400.0
2026-02-23,788940604,1,0.0,1.0,3400.0
2026-02-23,788946367,5,0.0,5.0,1900.0
2026-02-23,789090596,2,0.0,2.0,1725.0
2026-02-23,789090597,9,1.0,8.0,1711.111111111111
2026-02-23,796420740,3,0.0,3.0,720.0
2026-02-23,796420741,7,0.0,7.0,731.4285714285714
2026-02-23,796583762,1,0.0,1.0,2200.0
2026-02-23,796583763,1,0.0,1.0,2200.0
2026-02-23,818305600,8,0.0,8.0,1420.0
2026-02-24,218467926,1,0.0,1.0,1066.0
2026-02-24,219033581,30,0.0,30.0,1686.0
2026-02-24,219037028,3,0.0,3.0,1886.0
2026-02-24,220783118,17,0.0,17.0,1721.7222222222222
2026-02-24,220783128,27,0.0,27.0,1530.372962962963
2026-02-24,220783129,3,0.0,3.0,1732.0
2026-02-24,220796910,7,1.0,6.0,1055.0
2026-02-24,220796916,28,2.0,26.0,1184.0
2026-02-24,220796924,22,0.0,22.0,1037.8260869565217
2026-02-24,220796932,8,0.0,8.0,989.0
2026-02-24,221216505,5,0.0,5.0,1703.0
2026-02-24,221216935,3,0.0,3.0,1697.0
2026-02-24,221217363,12,0.0,12.0,1072.2733333333333
2026-02-24,223302777,4,1.0,3.0,1239.2649999999999
2026-02-24,223615358,12,0.0,12.0,1622.0
2026-02-24,247803776,6,1.0,5.0,1345.0
2026-02-24,248166626,53,2.0,51.0,1799.9994339622642
2026-02-24,248173261,21,0.0,21.0,1716.8019047619046
2026-02-24,248591628,19,6.0,13.0,1716.0
2026-02-24,248591629,9,0.0,9.0,1974.0
2026-02-24,248639013,101,1.0,100.0,1584.1582178217823
2026-02-24,248639014,11,0.0,11.0,1815.0
2026-02-24,251889892,3,1.0,2.0,1702.0
2026-02-24,251889894,7,0.0,7.0,1785.0
2026-02-24,253236688,48,2.0,46.0,1584.0
2026-02-24,253237666,20,0.0,20.0,1841.95
2026-02-24,258834337,3,0.0,3.0,637.3333333333334
2026-02-24,258836990,1,0.0,1.0,1052.0
2026-02-24,258850894,2,0.0,2.0,333.0
2026-02-24,262595711,4,0.0,4.0,279.0
2026-02-24,262595712,1,0.0,1.0,0.0
2026-02-24,262596137,1,0.0,1.0,879.0
2026-02-24,278278778,20,0.0,20.0,1731.1904761904761
2026-02-24,279005801,1,0.0,1.0,0.0
2026-02-24,279007387,1,0.0,1.0,1815.0
2026-02-24,286985384,21,0.0,21.0,1660.017142857143
2026-02-24,286985385,31,0.0,31.0,1660.0006451612903
2026-02-24,296818633,6,0.0,6.0,843.0
2026-02-24,300294506,2,0.0,2.0,2025.5
2026-02-24,300294507,5,1.0,4.0,1742.0
2026-02-24,316614621,1,0.0,1.0,520.0
2026-02-24,331575070,10,2.0,8.0,1014.3
2026-02-24,331575073,6,2.0,4.0,1147.0
2026-02-24,331575074,15,1.0,14.0,1113.75
2026-02-24,331575075,14,2.0,12.0,1183.0064285714286
2026-02-24,337308569,2,1.0,1.0,1700.0
2026-02-24,366760796,13,2.0,11.0,1025.0
2026-02-24,366760798,4,0.0,4.0,1003.0
2026-02-24,366813879,1,0.0,1.0,952.0
2026-02-24,366813884,13,0.0,13.0,1049.1715384615384
2026-02-24,366813885,12,1.0,11.0,1075.0383333333332
2026-02-24,366822996,1,0.0,1.0,1086.0
2026-02-24,370413854,1,0.0,1.0,1424.0
2026-02-24,377241928,1,0.0,1.0,1062.0
2026-02-24,384494968,3,1.0,2.0,937.5
2026-02-24,444461581,42,3.0,39.0,1695.9964285714286
2026-02-24,462870185,9,0.0,9.0,1538.961111111111
2026-02-24,462870186,10,0.0,10.0,1534.0059999999999
2026-02-24,462878720,1,0.0,1.0,1833.0
2026-02-24,467007550,13,1.0,12.0,1760.0
2026-02-24,468506772,16,0.0,16.0,1472.02
2026-02-24,468506773,3,1.0,2.0,1723.6666666666667
2026-02-24,471342171,5,0.0,5.0,2830.4
2026-02-24,474397318,68,2.0,66.0,1721.0548571428571
2026-02-24,474629420,40,2.0,38.0,1710.0447499999998
2026-02-24,475748707,14,0.0,14.0,1951.2857142857142
2026-02-24,475759397,29,2.0,27.0,1854.0437931034483
2026-02-24,488493915,2,0.0,2.0,3332.0
2026-02-24,504801009,8,2.0,6.0,900.0
2026-02-24,516856408,35,2.0,33.0,2376.0034285714282
2026-02-24,516856409,4,0.0,4.0,461.5
2026-02-24,528912182,4,0.0,4.0,219.0
2026-02-24,528912186,2,0.0,2.0,416.0
2026-02-24,528912198,1,0.0,1.0,0.0
2026-02-24,541096165,6,0.0,6.0,2478.0
2026-02-24,541096166,2,1.0,1.0,2700.0
2026-02-24,541096167,22,0.0,22.0,1680.0
2026-02-24,549254419,3,0.0,3.0,1578.0
2026-02-24,585840780,4,0.0,4.0,771.0
2026-02-24,585840783,1,0.0,1.0,800.0
2026-02-24,649988707,14,0.0,14.0,1680.0
2026-02-24,681642682,32,0.0,32.0,1737.4859375
2026-02-24,715890126,10,0.0,10.0,1408.008
2026-02-24,715890127,13,0.0,13.0,1439.99
2026-02-24,715890128,7,1.0,6.0,1560.0
2026-02-24,715890129,4,0.0,4.0,1560.0
2026-02-24,724729234,5,0.0,5.0,1648.02
2026-02-24,732543825,14,1.0,13.0,1650.0
2026-02-24,732543827,8,0.0,8.0,1706.36875
2026-02-24,732543829,12,2.0,10.0,1750.0
2026-02-24,756653629,4,0.0,4.0,2100.0
2026-02-24,759970497,8,0.0,8.0,1300.0
2026-02-24,760169672,11,0.0,11.0,1499.989090909091
2026-02-24,760169673,4,0.0,4.0,1549.9850000000001
2026-02-24,760169675,4,0.0,4.0,1550.0
2026-02-24,760169676,11,0.0,11.0,1650.0
2026-02-24,760323301,7,1.0,6.0,1850.0
2026-02-24,760323303,7,0.0,7.0,2150.0
2026-02-24,760323304,10,0.0,10.0,1969.9959999999999
2026-02-24,760323305,11,1.0,10.0,2200.0
2026-02-24,760323306,4,1.0,3.0,2349.995
2026-02-24,775902154,11,1.0,10.0,1136.359090909091
2026-02-24,775902157,7,0.0,7.0,1000.0285714285714
2026-02-24,775902158,14,0.0,14.0,1000.0142857142857
2026-02-24,775902160,3,0.0,3.0,1000.0333333333333
2026-02-24,783403723,3,0.0,3.0,1900.0
2026-02-24,783403724,6,1.0,5.0,2000.0
2026-02-24,783403725,9,1.0,8.0,2011.111111111111
2026-02-24,788921071,5,1.0,4.0,1880.0
2026-02-24,788921073,4,0.0,4.0,1900.0
2026-02-24,788940603,1,0.0,1.0,3400.0
2026-02-24,788946367,9,0.0,9.0,1900.0
2026-02-24,789090596,1,0.0,1.0,1650.0
2026-02-24,789090597,7,0.0,7.0,1685.7142857142858
2026-02-24,790943352,4,0.0,4.0,1520.0
2026-02-24,796420740,5,0.0,5.0,720.0
2026-02-24,796420741,3,0.0,3.0,720.0
2026-02-24,796583762,1,0.0,1.0,2200.0
2026-02-24,796583763,2,0.0,2.0,2225.0
2026-02-24,818305600,3,0.0,3.0,1413.3333333333333
2026-02-25,219033581,30,1.0,29.0,1676.9666666666667
2026-02-25,219037028,2,0.0,2.0,1886.0
2026-02-25,220783118,19,0.0,19.0,1823.4705263157896
2026-02-25,220783128,13,0.0,13.0,1520.0053846153846
2026-02-25,220783129,6,0.0,6.0,1732.0
2026-02-25,220796910,6,0.0,6.0,1055.0
2026-02-25,220796916,21,1.0,20.0,1183.9942857142858
2026-02-25,220796924,26,1.0,25.0,1085.0007692307693
2026-02-25,220796932,9,0.0,9.0,989.0
2026-02-25,221216505,7,1.0,6.0,1703.0
2026-02-25,221217363,6,1.0,5.0,1094.5983333333334
2026-02-25,223302777,10,0.0,10.0,1242.345
2026-02-25,223615358,10,0.0,10.0,1622.0
2026-02-25,247803776,4,2.0,2.0,1337.5275
2026-02-25,248166626,62,3.0,59.0,1799.9990322580645
2026-02-25,248173261,21,1.0,20.0,1716.8057142857142
2026-02-25,248591628,17,2.0,15.0,1620.6666666666667
2026-02-25,248591629,14,0.0,14.0,1974.0085714285713
2026-02-25,248639013,123,3.0,120.0,1599.9973170731707
2026-02-25,248639014,8,0.0,8.0,1815.01
2026-02-25,251889892,8,0.0,8.0,1702.0
2026-02-25,251889894,10,1.0,9.0,1784.9630000000002
2026-02-25,253236688,33,2.0,31.0,1537.4085294117647
2026-02-25,253237666,10,0.0,10.0,1844.994
2026-02-25,258834337,1,0.0,1.0,955.68
2026-02-25,258836990,2,0.0,2.0,1052.5700000000002
2026-02-25,258850894,1,0.0,1.0,666.0
2026-02-25,262596137,1,0.0,1.0,879.0
2026-02-25,278278778,20,4.0,16.0,1728.5714285714287
2026-02-25,278837544,1,0.0,1.0,1012.0
2026-02-25,286985384,25,0.0,25.0,1659.9964000000002
2026-02-25,286985385,23,0.0,23.0,1660.0
2026-02-25,296818633,5,0.0,5.0,1001.0
2026-02-25,300294506,2,1.0,1.0,2025.5
2026-02-25,300294507,4,2.0,2.0,1742.0
2026-02-25,331575070,6,0.0,6.0,1126.9766666666667
2026-02-25,331575073,7,0.0,7.0,1147.0
2026-02-25,331575074,15,3.0,12.0,1188.0
2026-02-25,331575075,13,0.0,13.0,1183.0
2026-02-25,337308569,4,0.0,4.0,1700.0
2026-02-25,366760796,5,0.0,5.0,1025.0
2026-02-25,366760798,10,0.0,10.0,1002.957
2026-02-25,366813884,4,0.0,4.0,1049.0
2026-02-25,366813885,9,0.0,9.0,1075.0
2026-02-25,366822996,2,0.0,2.0,1086.0
2026-02-25,370413854,2,0.0,2.0,1424.0
2026-02-25,377242345,1,0.0,1.0,1134.0
2026-02-25,377242549,1,0.0,1.0,1503.0
2026-02-25,384494968,1,2.0,-1.0,1250.0
2026-02-25,412079857,1,0.0,1.0,546.0
2026-02-25,444461581,57,2.0,55.0,1646.3042372881355
2026-02-25,453167036,1,0.0,1.0,1260.0
2026-02-25,462870185,3,0.0,3.0,1539.0
2026-02-25,462870186,13,0.0,13.0,1538.5415384615385
2026-02-25,467007550,15,2.0,13.0,1760.0
2026-02-25,468506772,6,0.0,6.0,1472.0533333333333
2026-02-25,468506773,1,0.0,1.0,1693.0
2026-02-25,471342171,11,0.0,11.0,3549.0945454545454
2026-02-25,474397318,66,2.0,64.0,1757.8589552238807
2026-02-25,474629420,44,3.0,41.0,1710.0036363636364
2026-02-25,475748707,20,0.0,20.0,1936.9
2026-02-25,475759397,28,3.0,25.0,1854.0
2026-02-25,488493915,5,0.0,5.0,3406.0
2026-02-25,504801009,10,1.0,9.0,900.037
2026-02-25,516856408,32,0.0,32.0,2311.5151515151515
2026-02-25,528912182,1,0.0,1.0,876.0
2026-02-25,528912186,1,0.0,1.0,832.0
2026-02-25,541096165,8,0.0,8.0,2478.0
2026-02-25,541096166,2,1.0,1.0,2700.0
2026-02-25,541096167,18,3.0,15.0,1591.5757894736842
2026-02-25,549254419,3,0.0,3.0,1578.0
2026-02-25,585840783,1,0.0,1.0,800.0
2026-02-25,649988707,16,0.0,16.0,1800.0
2026-02-25,681642682,24,2.0,22.0,1671.996
2026-02-25,715890126,11,0.0,11.0,1400.0
2026-02-25,715890127,16,0.0,16.0,1440.0
2026-02-25,715890128,4,0.0,4.0,1569.975
2026-02-25,715890129,9,0.0,9.0,1564.4444444444443
2026-02-25,724729234,6,0.0,6.0,1640.2416666666668
2026-02-25,732543825,13,1.0,12.0,1657.6846153846154
2026-02-25,732543827,20,0.0,20.0,1623.8038095238094
2026-02-25,732543829,11,0.0,11.0,1750.07
2026-02-25,756653629,7,1.0,6.0,2100.0
2026-02-25,759970497,9,0.0,9.0,1305.5555555555557
2026-02-25,760169672,8,0.0,8.0,1500.0
2026-02-25,760169673,5,0.0,5.0,1550.0
2026-02-25,760169675,4,1.0,3.0,1550.0
2026-02-25,760169676,4,0.0,4.0,1662.5
2026-02-25,760323301,8,0.0,8.0,1850.00375
2026-02-25,760323302,2,0.0,2.0,2376.5
2026-02-25,760323303,9,0.0,9.0,2150.0
2026-02-25,760323304,5,1.0,4.0,1950.0
2026-02-25,760323305,3,1.0,2.0,2200.0
2026-02-25,760323306,10,1.0,9.0,2349.998
2026-02-25,775902154,7,1.0,6.0,1114.27
2026-02-25,775902155,5,0.0,5.0,1000.0
2026-02-25,775902157,9,0.0,9.0,1000.0033333333334
2026-02-25,775902158,5,0.0,5.0,1000.0
2026-02-25,775902160,1,0.0,1.0,1000.0
2026-02-25,783403723,3,0.0,3.0,1900.0
2026-02-25,783403724,9,0.0,9.0,2000.0
2026-02-25,783403725,8,0.0,8.0,2018.75
2026-02-25,788921071,6,0.0,6.0,1875.0
2026-02-25,788921073,2,0.0,2.0,1900.0
2026-02-25,788940601,1,0.0,1.0,3550.0
2026-02-25,788940603,3,0.0,3.0,3400.0
2026-02-25,788940604,1,0.0,1.0,3400.0
2026-02-25,788946367,8,0.0,8.0,1900.0
2026-02-25,789090596,4,0.0,4.0,1712.5
2026-02-25,789090597,12,3.0,9.0,1603.8461538461538
2026-02-25,790943351,1,0.0,1.0,4000.0
2026-02-25,790943352,4,1.0,3.0,1520.0
2026-02-25,796420740,4,0.0,4.0,750.0
2026-02-25,796420741,5,0.0,5.0,720.0
2026-02-25,796583762,1,0.0,1.0,2250.0
2026-02-25,796583763,2,0.0,2.0,2200.0
2026-02-26,218467926,6,0.0,6.0,1049.0
2026-02-26,219033581,12,0.0,12.0,1556.3076923076924
2026-02-26,219037028,2,0.0,2.0,1886.0
2026-02-26,220783118,14,0.0,14.0,1706.1333333333334
2026-02-26,220783121,1,0.0,1.0,2090.0
2026-02-26,220783128,20,0.0,20.0,1459.0509523809524
2026-02-26,220783129,3,0.0,3.0,1732.0
2026-02-26,220796910,7,0.0,7.0,1055.0
2026-02-26,220796916,14,0.0,14.0,1183.9978571428571
2026-02-26,220796924,19,1.0,18.0,1085.0
2026-02-26,220796932,6,1.0,5.0,988.9216666666666
2026-02-26,221216505,2,0.0,2.0,1703.0
2026-02-26,221216935,2,0.0,2.0,1697.0
2026-02-26,221217363,5,0.0,5.0,1072.4
2026-02-26,223302777,7,1.0,6.0,1084.125
2026-02-26,223615358,8,0.0,8.0,1622.0
2026-02-26,247803776,8,0.0,8.0,1330.0
2026-02-26,248166626,72,0.0,72.0,1800.0011111111112
2026-02-26,248173261,28,0.0,28.0,1661.101724137931
2026-02-26,248591628,27,2.0,25.0,1715.9796296296295
2026-02-26,248591629,9,0.0,9.0,1974.0
2026-02-26,248639013,115,1.0,114.0,1599.3031304347826
2026-02-26,248639014,15,0.0,15.0,1815.0
2026-02-26,251889892,3,0.0,3.0,1702.0
2026-02-26,251889894,7,0.0,7.0,1784.947142857143
2026-02-26,253236688,35,0.0,35.0,1584.0034285714287
2026-02-26,253237666,11,2.0,9.0,1839.4545454545455
2026-02-26,258850894,1,0.0,1.0,666.0
2026-02-26,262595711,1,0.0,1.0,1116.0
2026-02-26,278278778,21,1.0,20.0,1817.6209523809525
2026-02-26,278837827,3,0.0,3.0,918.0
2026-02-26,286985384,16,0.0,16.0,1659.981875
2026-02-26,286985385,32,3.0,29.0,1660.000625
2026-02-26,296818633,6,0.0,6.0,1001.0
2026-02-26,300294506,1,0.0,1.0,1988.0
2026-02-26,300294507,1,1.0,0.0,1742.0
2026-02-26,331575070,8,1.0,7.0,1127.0
2026-02-26,331575073,11,1.0,10.0,1147.0536363636363
2026-02-26,331575074,9,3.0,6.0,1188.0
2026-02-26,331575075,9,1.0,8.0,1183.0
2026-02-26,337308569,2,1.0,1.0,1700.0
2026-02-26,366760796,11,0.0,11.0,1025.2445454545455
2026-02-26,366760798,5,0.0,5.0,1003.0
2026-02-26,366813879,1,0.0,1.0,952.0
2026-02-26,366813884,20,0.0,20.0,1049.081
2026-02-26,366813885,9,0.0,9.0,1075.0
2026-02-26,366822996,1,0.0,1.0,1086.0
2026-02-26,377242549,1,0.0,1.0,1503.0
2026-02-26,384494968,1,0.0,1.0,1250.0
2026-02-26,412079857,2,0.0,2.0,546.0
2026-02-26,444461581,47,3.0,44.0,1695.6744680851064
2026-02-26,462870185,8,0.0,8.0,1539.0
2026-02-26,462870186,16,0.0,16.0,1530.3175
2026-02-26,467007550,13,1.0,12.0,1634.2857142857142
2026-02-26,468506772,5,3.0,2.0,1472.0
2026-02-26,471342171,13,0.0,13.0,3538.0
2026-02-26,474397318,57,0.0,57.0,1775.7066666666667
2026-02-26,474629420,41,1.0,40.0,1669.287619047619
2026-02-26,475748707,21,3.0,18.0,1931.0261904761905
2026-02-26,475759397,19,4.0,15.0,1854.0
2026-02-26,488493915,4,0.0,4.0,3332.0
2026-02-26,504801009,8,1.0,7.0,899.99
2026-02-26,516856408,27,0.0,27.0,2376.0
2026-02-26,528912186,1,0.0,1.0,832.0
2026-02-26,528912198,1,0.0,1.0,536.0
2026-02-26,541096165,6,1.0,5.0,2478.0
2026-02-26,541096166,2,0.0,2.0,2700.0
2026-02-26,541096167,27,0.0,27.0,1680.124074074074
2026-02-26,549254419,2,0.0,2.0,1578.0
2026-02-26,585840780,1,0.0,1.0,771.0
2026-02-26,585840782,1,0.0,1.0,850.0
2026-02-26,585840783,3,0.0,3.0,800.0
2026-02-26,649988707,10,1.0,9.0,1799.997
2026-02-26,681642682,15,0.0,15.0,1730.0
2026-02-26,715890126,10,0.0,10.0,1400.0040000000001
2026-02-26,715890127,7,0.0,7.0,1439.9814285714285
2026-02-26,715890128,6,0.0,6.0,1560.0
2026-02-26,715890129,6,1.0,5.0,1566.6666666666667
2026-02-26,724729234,1,0.0,1.0,1639.94
2026-02-26,732543825,15,0.0,15.0,1653.3333333333333
2026-02-26,732543827,5,0.0,5.0,1710.0
2026-02-26,732543829,10,0.0,10.0,1750.0
2026-02-26,756653629,7,1.0,6.0,2100.0
2026-02-26,759970497,11,1.0,10.0,1304.5381818181818
2026-02-26,760169672,6,0.0,6.0,1500.0
2026-02-26,760169673,3,0.0,3.0,1550.0
2026-02-26,760169674,1,0.0,1.0,1700.0
2026-02-26,760169675,4,0.0,4.0,1550.0
2026-02-26,760169676,4,0.0,4.0,1650.0
2026-02-26,760323301,10,1.0,9.0,1850.003
2026-02-26,760323302,3,0.0,3.0,2450.0
2026-02-26,760323303,5,0.0,5.0,2150.0
2026-02-26,760323304,5,1.0,4.0,1950.0
2026-02-26,760323305,6,0.0,6.0,2200.0
2026-02-26,760323306,7,2.0,5.0,2350.011428571429
2026-02-26,775902154,5,1.0,4.0,1120.0
2026-02-26,775902155,4,0.0,4.0,1000.025
2026-02-26,775902157,9,1.0,8.0,1000.0
2026-02-26,775902158,4,0.0,4.0,1000.0
2026-02-26,775902160,1,1.0,0.0,1000.0
2026-02-26,783403723,8,0.0,8.0,1900.0
2026-02-26,783403724,13,0.0,13.0,1857.142857142857
2026-02-26,783403725,7,0.0,7.0,2007.1342857142859
2026-02-26,788921071,3,2.0,1.0,1850.0
2026-02-26,788921072,1,0.0,1.0,1900.0
2026-02-26,788921073,8,1.0,7.0,1900.0
2026-02-26,788940603,1,0.0,1.0,3400.0
2026-02-26,788940604,1,1.0,0.0,3400.0
2026-02-26,788946367,6,0.0,6.0,1900.0
2026-02-26,789090596,2,0.0,2.0,1900.09
2026-02-26,789090597,14,0.0,14.0,1749.9935714285714
2026-02-26,790943352,2,0.0,2.0,1520.0
2026-02-26,796420740,4,0.0,4.0,720.0
2026-02-26,796420741,2,0.0,2.0,840.0
2026-02-26,796583763,1,0.0,1.0,2200.0
2026-02-26,818305600,1,0.0,1.0,1440.0
2026-02-27,218467926,1,0.0,1.0,1015.0
2026-02-27,219033581,16,0.0,16.0,1665.863125
2026-02-27,219037028,2,0.0,2.0,1886.045
2026-02-27,220783118,10,0.0,10.0,1828.027
2026-02-27,220783121,1,0.0,1.0,2090.0
2026-02-27,220783128,23,1.0,22.0,1520.0
2026-02-27,220783129,4,0.0,4.0,1732.0
2026-02-27,220796910,6,0.0,6.0,1055.0
2026-02-27,220796916,15,0.0,15.0,1183.9953333333333
2026-02-27,220796924,25,0.0,25.0,1084.9972
2026-02-27,220796932,9,1.0,8.0,988.9477777777779
2026-02-27,221216505,6,0.0,6.0,1703.0
2026-02-27,221217363,11,0.0,11.0,1145.2727272727273
2026-02-27,223302777,9,0.0,9.0,1239.0
2026-02-27,223615358,7,0.0,7.0,1622.0
2026-02-27,225505021,1,0.0,1.0,540.0
2026-02-27,247803775,1,1.0,0.0,1970.0
2026-02-27,247803776,4,0.0,4.0,1330.0
2026-02-27,248166626,62,2.0,60.0,1800.0016129032258
2026-02-27,248173261,27,5.0,22.0,1714.9959259259258
2026-02-27,248591628,25,2.0,23.0,1649.9792307692308
2026-02-27,248591629,16,0.0,16.0,1974.00625
2026-02-27,248639013,110,2.0,108.0,1601.454090909091
2026-02-27,248639014,13,1.0,12.0,1815.003076923077
2026-02-27,251889892,8,0.0,8.0,1702.0
2026-02-27,251889894,9,0.0,9.0,1785.0
2026-02-27,253236688,26,1.0,25.0,1584.0238461538463
2026-02-27,253237666,16,0.0,16.0,1844.99625
2026-02-27,258834337,2,0.0,2.0,956.0
2026-02-27,258850894,1,0.0,1.0,666.0
2026-02-27,278278778,24,1.0,23.0,1817.295
2026-02-27,279007387,1,0.0,1.0,1815.0
2026-02-27,286985384,18,3.0,15.0,1660.0
2026-02-27,286985385,18,1.0,17.0,1660.1755555555555
2026-02-27,296818633,8,0.0,8.0,1007.625
2026-02-27,300294506,2,0.0,2.0,1988.0
2026-02-27,300294507,3,0.0,3.0,1742.0
2026-02-27,315032004,1,0.0,1.0,1467.0
2026-02-27,331575070,7,0.0,7.0,1127.0
2026-02-27,331575073,6,1.0,5.0,1147.0
2026-02-27,331575074,16,0.0,16.0,1118.1176470588234
2026-02-27,331575075,17,1.0,16.0,1183.0
2026-02-27,337308569,2,1.0,1.0,1700.0
2026-02-27,366760796,13,0.0,13.0,1025.0
2026-02-27,366760798,6,1.0,5.0,1003.0
2026-02-27,366813884,6,0.0,6.0,1049.0
2026-02-27,366813885,14,0.0,14.0,1075.0
2026-02-27,366813893,1,0.0,1.0,0.0
2026-02-27,366822996,1,0.0,1.0,1086.0
2026-02-27,377241928,2,0.0,2.0,1062.0
2026-02-27,377242549,1,0.0,1.0,1503.0
2026-02-27,384494968,2,0.0,2.0,1250.0
2026-02-27,412079857,1,0.0,1.0,273.0
2026-02-27,444461581,87,2.0,85.0,1675.1882954545456
2026-02-27,462870185,7,1.0,6.0,1538.9828571428573
2026-02-27,462870186,10,0.0,10.0,1598.9
2026-02-27,462878721,1,0.0,1.0,1953.0
2026-02-27,467007550,12,0.0,12.0,1760.075
2026-02-27,468506772,3,1.0,2.0,1472.0
2026-02-27,468506773,7,0.0,7.0,1719.1657142857143
2026-02-27,471342171,3,0.0,3.0,3538.0
2026-02-27,474397318,64,2.0,62.0,1739.7826153846154
2026-02-27,474629420,38,2.0,36.0,1710.005
2026-02-27,475748707,32,2.0,30.0,1927.625
2026-02-27,475759397,28,2.0,26.0,1854.0025
2026-02-27,488493915,3,0.0,3.0,3332.0
2026-02-27,504801009,9,1.0,8.0,900.0
2026-02-27,516856408,35,0.0,35.0,2378.8285714285716
2026-02-27,528912182,2,0.0,2.0,876.0
2026-02-27,528912186,3,0.0,3.0,832.0
2026-02-27,541096165,3,0.0,3.0,2478.0
2026-02-27,541096167,35,3.0,32.0,1683.4294285714286
2026-02-27,549254419,3,0.0,3.0,1577.8866666666665
2026-02-27,585840780,1,0.0,1.0,771.0
2026-02-27,585840783,1,0.0,1.0,800.0
2026-02-27,649988707,7,1.0,6.0,1800.0142857142857
2026-02-27,681642682,16,0.0,16.0,1629.4188235294116
2026-02-27,715890126,9,0.0,9.0,1400.0366666666666
2026-02-27,715890127,8,0.0,8.0,1440.0
2026-02-27,715890128,5,0.0,5.0,1560.0
2026-02-27,715890129,8,0.0,8.0,1560.0
2026-02-27,724729234,1,0.0,1.0,1640.0
2026-02-27,732543825,13,0.0,13.0,1649.9892307692307
2026-02-27,732543827,4,0.0,4.0,1700.0
2026-02-27,732543829,12,0.0,12.0,1749.9925
2026-02-27,756653629,4,0.0,4.0,2100.23
2026-02-27,759970497,6,0.0,6.0,1308.32
2026-02-27,760169672,10,0.0,10.0,1500.0
2026-02-27,760169673,6,0.0,6.0,1550.0
2026-02-27,760169675,2,0.0,2.0,1550.0
2026-02-27,760169676,3,0.0,3.0,1650.0
2026-02-27,760323301,14,1.0,13.0,1850.0
2026-02-27,760323302,4,0.0,4.0,2450.0
2026-02-27,760323303,6,1.0,5.0,2150.0
2026-02-27,760323304,8,0.0,8.0,1950.0
2026-02-27,760323305,9,1.0,8.0,2216.6666666666665
2026-02-27,760323306,12,0.0,12.0,2375.0
2026-02-27,775902154,13,0.0,13.0,1100.0
2026-02-27,775902155,4,0.0,4.0,1000.0
2026-02-27,775902157,7,0.0,7.0,1000.0142857142857
2026-02-27,775902158,9,0.0,9.0,1000.0111111111112
2026-02-27,775902160,2,0.0,2.0,1000.0
2026-02-27,783403723,8,0.0,8.0,1900.0
2026-02-27,783403724,10,0.0,10.0,2060.386
2026-02-27,783403725,6,0.0,6.0,1714.277142857143
2026-02-27,788921071,7,1.0,6.0,1850.0
2026-02-27,788921072,1,0.0,1.0,1900.0
2026-02-27,788921073,6,0.0,6.0,1900.0
2026-02-27,788940601,2,0.0,2.0,3425.0
2026-02-27,788940603,3,0.0,3.0,3400.0
2026-02-27,788946367,14,0.0,14.0,1900.0
2026-02-27,789090595,1,0.0,1.0,1900.0
2026-02-27,789090596,3,0.0,3.0,1816.6666666666667
2026-02-27,789090597,12,1.0,11.0,1729.1583333333335
2026-02-27,790500903,2,0.0,2.0,1700.0
2026-02-27,790500904,1,0.0,1.0,1650.0
2026-02-27,790943351,1,0.0,1.0,1520.0
2026-02-27,790943352,3,0.0,3.0,1493.3333333333333
2026-02-27,796420740,3,0.0,3.0,720.0
2026-02-27,796420741,3,0.0,3.0,720.0
2026-02-27,796583763,1,0.0,1.0,2150.0
2026-02-27,818305600,4,0.0,4.0,1420.0
2026-02-28,218467926,1,0.0,1.0,1015.0
2026-02-28,219033581,15,0.0,15.0,1675.1333333333334
2026-02-28,219037028,1,0.0,1.0,1886.0
2026-02-28,220783118,15,1.0,14.0,1828.0
2026-02-28,220783121,1,0.0,1.0,2090.0
2026-02-28,220783128,23,0.0,23.0,1520.0052173913045
2026-02-28,220783129,4,0.0,4.0,1732.0
2026-02-28,220796910,5,0.0,5.0,1055.0
2026-02-28,220796916,12,1.0,11.0,1183.9966666666667
2026-02-28,220796924,21,0.0,21.0,1085.0214285714287
2026-02-28,220796932,13,0.0,13.0,989.0792307692308
2026-02-28,221216505,5,0.0,5.0,1703.0
2026-02-28,221217363,12,0.0,12.0,1150.3333333333333
2026-02-28,223302777,12,0.0,12.0,1238.9741666666666
2026-02-28,223615358,11,0.0,11.0,1622.0063636363636
2026-02-28,247803775,1,0.0,1.0,1973.8
2026-02-28,247803776,7,0.0,7.0,1323.5714285714287
2026-02-28,248166626,89,1.0,88.0,1800.0594382022473
2026-02-28,248173261,36,1.0,35.0,1717.1513888888887
2026-02-28,248591628,25,3.0,22.0,1716.0
2026-02-28,248591629,14,0.0,14.0,1974.0042857142857
2026-02-28,248639013,143,4.0,139.0,1624.8944055944055
2026-02-28,248639014,16,0.0,16.0,1815.0
2026-02-28,251889892,3,1.0,2.0,1702.0
2026-02-28,251889894,15,0.0,15.0,1785.244
2026-02-28,253236688,28,2.0,26.0,1584.0846428571429
2026-02-28,253237666,19,0.0,19.0,1838.578947368421
2026-02-28,258834337,2,0.0,2.0,955.845
2026-02-28,258836990,1,0.0,1.0,1052.31
2026-02-28,278278778,20,1.0,19.0,1815.03
2026-02-28,278837827,1,0.0,1.0,918.0
2026-02-28,286985384,19,2.0,17.0,1659.9868421052631
2026-02-28,286985385,17,0.0,17.0,1660.0
2026-02-28,296818633,6,0.0,6.0,857.9871428571429
2026-02-28,300294506,1,0.0,1.0,1988.0
2026-02-28,300294507,2,1.0,1.0,1742.0
2026-02-28,331575070,10,2.0,8.0,1127.0
2026-02-28,331575073,3,0.0,3.0,1147.0
2026-02-28,331575074,10,0.0,10.0,1188.04
2026-02-28,331575075,5,1.0,4.0,1183.0
2026-02-28,337308569,8,0.0,8.0,1699.9475
2026-02-28,366760796,14,0.0,14.0,1025.0
2026-02-28,366760798,7,0.0,7.0,1003.0
2026-02-28,366813884,2,1.0,1.0,1049.0
2026-02-28,366813885,12,2.0,10.0,992.3076923076923
2026-02-28,366813897,1,0.0,1.0,1085.0
2026-02-28,366822992,2,0.0,2.0,1147.0
2026-02-28,377241928,1,0.0,1.0,1062.0
2026-02-28,377242549,2,0.0,2.0,1503.0
2026-02-28,384494968,1,0.0,1.0,1250.0
2026-02-28,384494969,3,0.0,3.0,1260.0
2026-02-28,412079857,1,0.0,1.0,546.0
2026-02-28,444461581,65,2.0,63.0,1692.9936923076923
2026-02-28,462870185,3,0.0,3.0,1539.0
2026-02-28,462870186,8,0.0,8.0,1607.75
2026-02-28,467007550,14,1.0,13.0,1759.9864285714286
2026-02-28,468506772,7,1.0,6.0,1509.1771428571428
2026-02-28,468506773,7,0.0,7.0,1693.0257142857142
2026-02-28,471342171,5,1.0,4.0,3538.0
2026-02-28,474397318,73,2.0,71.0,1771.1619178082192
2026-02-28,474629420,39,2.0,37.0,1710.0051282051281
2026-02-28,475748707,34,0.0,34.0,1920.9864705882353
2026-02-28,475759397,30,3.0,27.0,1738.125
2026-02-28,488493915,4,0.0,4.0,3332.0
2026-02-28,504801009,9,0.0,9.0,900.0
2026-02-28,516856408,43,2.0,41.0,2327.634090909091
2026-02-28,516856409,2,0.0,2.0,1846.0
2026-02-28,541096165,7,0.0,7.0,2478.0099999999998
2026-02-28,541096167,22,1.0,21.0,1679.9968181818183
2026-02-28,549254419,2,0.0,2.0,1578.0
2026-02-28,649988707,6,1.0,5.0,1800.0
2026-02-28,681642682,23,2.0,21.0,1745.6521739130435
2026-02-28,715890126,8,0.0,8.0,1405.0
2026-02-28,715890127,5,0.0,5.0,1440.0
2026-02-28,715890128,7,0.0,7.0,1560.0
2026-02-28,715890129,5,0.0,5.0,1560.0
2026-02-28,724729234,4,0.0,4.0,1312.0
2026-02-28,732543825,7,0.0,7.0,1650.0
2026-02-28,732543827,9,1.0,8.0,1711.111111111111
2026-02-28,732543829,9,0.0,9.0,1575.0
2026-02-28,756653629,4,0.0,4.0,2100.0
2026-02-28,759970497,7,0.0,7.0,1299.9885714285715
2026-02-28,760169672,2,0.0,2.0,1500.0
2026-02-28,760169673,2,0.0,2.0,1550.0
2026-02-28,760169675,5,0.0,5.0,1550.0
2026-02-28,760169676,4,0.0,4.0,1650.0
2026-02-28,760323301,24,2.0,22.0,1850.0
2026-02-28,760323302,6,2.0,4.0,2425.5
2026-02-28,760323303,13,1.0,12.0,2150.0
2026-02-28,760323304,7,1.0,6.0,1949.9828571428573
2026-02-28,760323305,6,0.0,6.0,2274.9816666666666
2026-02-28,760323306,9,3.0,6.0,2405.5555555555557
2026-02-28,775902154,6,0.0,6.0,1100.0
2026-02-28,775902155,3,0.0,3.0,1000.0
2026-02-28,775902156,1,0.0,1.0,1000.0
2026-02-28,775902157,2,0.0,2.0,1000.0
2026-02-28,775902158,8,1.0,7.0,999.985
2026-02-28,775902160,3,0.0,3.0,1000.0333333333333
2026-02-28,783403723,7,0.0,7.0,1914.2857142857142
2026-02-28,783403724,13,1.0,12.0,2069.230769230769
2026-02-28,783403725,10,0.0,10.0,1818.1818181818182
2026-02-28,788921071,13,3.0,10.0,1850.0
2026-02-28,788921072,3,2.0,1.0,1966.6666666666667
2026-02-28,788921073,10,0.0,10.0,1900.0
2026-02-28,788940603,1,0.0,1.0,3400.0
2026-02-28,788940604,1,0.0,1.0,3400.0
2026-02-28,788946367,12,1.0,11.0,1916.6666666666667
2026-02-28,789090595,2,0.0,2.0,1875.0
2026-02-28,789090596,1,0.0,1.0,1900.0
2026-02-28,789090597,11,0.0,11.0,1759.2318181818182
2026-02-28,789090598,1,0.0,1.0,1800.0
2026-02-28,790500903,1,0.0,1.0,1650.0
2026-02-28,790500904,3,0.0,3.0,1683.3333333333333
2026-02-28,790500905,2,0.0,2.0,1650.0
2026-02-28,790943351,1,0.0,1.0,1480.0
2026-02-28,790943352,6,0.0,6.0,1486.6666666666667
2026-02-28,796326738,1,0.0,1.0,1280.0
2026-02-28,796420740,8,0.0,8.0,640.0
2026-02-28,796420741,3,0.0,3.0,733.3333333333334
2026-02-28,796583762,1,0.0,1.0,2150.0
2026-02-28,818305600,3,0.0,3.0,1413.3333333333333
2026-03-01,218467926,6,0.0,6.0,1023.5
2026-03-01,219033581,15,2.0,13.0,1678.8
2026-03-01,220783118,5,0.0,5.0,1811.0
2026-03-01,220783128,13,1.0,12.0,1520.0607692307692
2026-03-01,220783129,2,0.0,2.0,1154.6666666666667
2026-03-01,220796910,5,0.0,5.0,1055.0
2026-03-01,220796916,18,0.0,18.0,1184.0005555555554
2026-03-01,220796924,15,1.0,14.0,1085.0
2026-03-01,220796932,11,0.0,11.0,989.0
2026-03-01,221216505,1,0.0,1.0,1703.0
2026-03-01,221217363,8,0.0,8.0,1185.125
2026-03-01,223302777,7,0.0,7.0,1238.9857142857143
2026-03-01,223615358,10,0.0,10.0,1621.989
2026-03-01,247803776,7,2.0,5.0,1319.2857142857142
2026-03-01,248166626,87,1.0,86.0,1779.5764772727273
2026-03-01,248173261,49,1.0,48.0,1715.0610204081634
2026-03-01,248591628,22,3.0,19.0,1716.0
2026-03-01,248591629,8,0.0,8.0,1974.0
2026-03-01,248639013,123,1.0,122.0,1624.5145161290322
2026-03-01,248639014,14,1.0,13.0,1815.0
2026-03-01,251889892,4,0.0,4.0,1702.0
2026-03-01,251889894,16,1.0,15.0,1785.05625
2026-03-01,253236688,28,1.0,27.0,1585.7975000000001
2026-03-01,253237666,16,0.0,16.0,1837.345625
2026-03-01,258834339,1,0.0,1.0,1118.0
2026-03-01,278278778,18,1.0,17.0,1814.976111111111
2026-03-01,279007387,2,0.0,2.0,1815.0
2026-03-01,286985384,18,0.0,18.0,1659.993888888889
2026-03-01,286985385,17,0.0,17.0,1567.7755555555555
2026-03-01,296818633,7,0.0,7.0,1000.9814285714285
2026-03-01,300294506,5,0.0,5.0,1988.6119999999999
2026-03-01,300294507,2,0.0,2.0,1742.0
2026-03-01,315032004,1,0.0,1.0,1467.0
2026-03-01,331575070,9,0.0,9.0,1127.0
2026-03-01,331575073,12,0.0,12.0,1147.0
2026-03-01,331575074,13,2.0,11.0,1188.0
2026-03-01,331575075,15,0.0,15.0,1109.06125
2026-03-01,337308569,8,0.0,8.0,1700.0
2026-03-01,366760796,13,2.0,11.0,1025.0
2026-03-01,366760798,5,0.0,5.0,1003.0
2026-03-01,366813884,14,0.0,14.0,1049.0528571428572
2026-03-01,366813885,11,0.0,11.0,1075.0345454545457
2026-03-01,366813891,1,0.0,1.0,1170.0
2026-03-01,366822996,1,0.0,1.0,1085.6
2026-03-01,377242549,1,0.0,1.0,1503.0
2026-03-01,384494968,5,0.0,5.0,1250.0
2026-03-01,444461581,88,2.0,86.0,1638.555934065934
2026-03-01,462870185,13,0.0,13.0,1539.0023076923076
2026-03-01,462870186,9,0.0,9.0,1724.0444444444445
2026-03-01,467007550,20,0.0,20.0,1760.0
2026-03-01,468506772,8,1.0,7.0,1553.27
2026-03-01,468506773,4,0.0,4.0,1693.03
2026-03-01,471342171,12,1.0,11.0,3538.0224999999996
2026-03-01,474397318,84,3.0,81.0,1763.4278571428572
2026-03-01,474629420,44,1.0,43.0,1710.004772727273
2026-03-01,475748707,34,1.0,33.0,1924.0741176470588
2026-03-01,475759397,38,1.0,37.0,1854.002894736842
2026-03-01,488493915,3,0.0,3.0,3455.3333333333335
2026-03-01,504801009,15,0.0,15.0,900.0
2026-03-01,516856408,49,1.0,48.0,2375.997959183673
2026-03-01,516856409,1,0.0,1.0,1846.0
2026-03-01,541096165,10,2.0,8.0,2478.0
2026-03-01,541096166,1,0.0,1.0,2700.0
2026-03-01,541096167,31,1.0,30.0,1679.998064516129
2026-03-01,549254419,2,0.0,2.0,1577.83
2026-03-01,585840780,1,0.0,1.0,771.0
2026-03-01,585840782,1,0.0,1.0,850.0
2026-03-01,585840783,1,0.0,1.0,800.0
2026-03-01,649988707,10,3.0,7.0,1800.0099999999998
2026-03-01,681642682,10,2.0,8.0,1745.0
2026-03-01,715890126,7,0.0,7.0,1400.0114285714285
2026-03-01,715890127,7,0.0,7.0,1440.0
2026-03-01,715890128,1,0.0,1.0,1560.0
2026-03-01,715890129,3,0.0,3.0,1560.0
2026-03-01,724729234,2,0.0,2.0,1640.0
2026-03-01,732543825,6,0.0,6.0,1658.3333333333333
2026-03-01,732543827,5,0.0,5.0,1700.0
2026-03-01,732543829,8,0.0,8.0,1750.0
2026-03-01,756653629,8,0.0,8.0,2100.0
2026-03-01,759970497,12,0.0,12.0,1200.0
2026-03-01,760169672,2,0.0,2.0,1500.0
2026-03-01,760169673,1,0.0,1.0,1550.0
2026-03-01,760169675,4,0.0,4.0,1550.0
2026-03-01,760169676,3,0.0,3.0,1650.0
2026-03-01,760323301,22,0.0,22.0,1850.0004545454547
2026-03-01,760323302,5,1.0,4.0,2420.6
2026-03-01,760323303,5,0.0,5.0,2170.0
2026-03-01,760323304,7,0.0,7.0,1950.0571428571427
2026-03-01,760323305,8,1.0,7.0,2275.0
2026-03-01,760323306,4,0.0,4.0,2400.0
2026-03-01,760323307,1,0.0,1.0,2400.0
2026-03-01,775902154,4,0.0,4.0,1125.0
2026-03-01,775902155,2,0.0,2.0,1000.0
2026-03-01,775902156,2,0.0,2.0,1000.0
2026-03-01,775902157,6,0.0,6.0,1000.0
2026-03-01,775902158,7,0.0,7.0,1000.0
2026-03-01,775902160,2,0.0,2.0,1000.0
2026-03-01,783403723,10,0.0,10.0,1910.0
2026-03-01,783403724,13,1.0,12.0,2130.7646153846154
2026-03-01,783403725,14,1.0,13.0,2050.0
2026-03-01,788921071,11,0.0,11.0,1850.0
2026-03-01,788921072,1,0.0,1.0,1900.0
2026-03-01,788921073,5,1.0,4.0,1900.0
2026-03-01,788940601,2,0.0,2.0,3550.0
2026-03-01,788940603,3,0.0,3.0,3400.0
2026-03-01,788940604,2,0.0,2.0,3325.0
2026-03-01,788946367,8,0.0,8.0,1957.142857142857
2026-03-01,789090595,6,0.0,6.0,1866.6766666666665
2026-03-01,789090596,3,0.0,3.0,1800.0
2026-03-01,789090597,15,2.0,13.0,1749.994
2026-03-01,789090598,1,0.0,1.0,1800.0
2026-03-01,790500903,9,0.0,9.0,1672.4922222222222
2026-03-01,790500904,4,0.0,4.0,1675.0
2026-03-01,790500905,2,0.0,2.0,1649.94
2026-03-01,790943352,1,1.0,0.0,1480.0
2026-03-01,796420740,7,0.0,7.0,720.1457142857143
2026-03-01,796420741,3,0.0,3.0,706.6666666666666
2026-03-01,796583762,2,0.0,2.0,2150.0
2026-03-01,800270334,1,0.0,1.0,3450.0
2026-03-01,818305600,1,0.0,1.0,1400.0
2026-03-02,218467926,1,0.0,1.0,1015.0
2026-03-02,219033581,4,3.0,1.0,1686.0
2026-03-02,220783118,7,0.0,7.0,1828.0
2026-03-02,220783128,15,0.0,15.0,1520.0066666666667
2026-03-02,220796910,3,0.0,3.0,1055.0
2026-03-02,220796916,19,1.0,18.0,1184.0
2026-03-02,220796924,21,1.0,20.0,1085.1100000000001
2026-03-02,220796932,9,0.0,9.0,988.9622222222222
2026-03-02,221216505,3,0.0,3.0,1703.0
2026-03-02,221217363,9,0.0,9.0,1206.0
2026-03-02,223302777,1,0.0,1.0,1239.0
2026-03-02,223615358,6,2.0,4.0,1622.0
2026-03-02,247803775,1,0.0,1.0,1970.0
2026-03-02,247803776,9,0.0,9.0,1315.0666666666666
2026-03-02,248166626,94,1.0,93.0,1800.0
2026-03-02,248173261,38,5.0,33.0,1715.0
2026-03-02,248591628,25,0.0,25.0,1716.0
2026-03-02,248591629,6,0.0,6.0,1974.0
2026-03-02,248639013,108,4.0,104.0,1652.962962962963
2026-03-02,248639014,16,0.0,16.0,1815.00375
2026-03-02,251889892,6,0.0,6.0,1702.0
2026-03-02,251889894,8,0.0,8.0,1785.0
2026-03-02,253236688,20,2.0,18.0,1584.0059999999999
2026-03-02,253237666,9,1.0,8.0,1845.0
2026-03-02,262595711,2,0.0,2.0,1116.0
2026-03-02,262596137,1,0.0,1.0,878.99
2026-03-02,278278778,13,0.0,13.0,1815.0
2026-03-02,286985384,15,0.0,15.0,1660.0
2026-03-02,286985385,27,1.0,26.0,1660.0
2026-03-02,296818633,5,2.0,3.0,1001.0
2026-03-02,300294506,2,0.0,2.0,1988.0
2026-03-02,300294507,3,1.0,2.0,1742.0
2026-03-02,316614614,1,0.0,1.0,507.0
2026-03-02,331575070,10,0.0,10.0,1127.0
2026-03-02,331575073,10,0.0,10.0,1147.0
2026-03-02,331575074,3,1.0,2.0,1188.0
2026-03-02,331575075,5,2.0,3.0,1183.0
2026-03-02,337308569,4,1.0,3.0,1700.0
2026-03-02,366760796,6,0.0,6.0,1025.0
2026-03-02,366760798,4,0.0,4.0,1003.0
2026-03-02,366813884,11,0.0,11.0,1049.0
2026-03-02,366813885,17,0.0,17.0,1075.2070588235295
2026-03-02,366813891,1,0.0,1.0,1170.0
2026-03-02,370413854,1,1.0,0.0,1424.0
2026-03-02,377241928,2,0.0,2.0,1062.0
2026-03-02,384494968,3,0.0,3.0,1250.0
2026-03-02,384494969,1,0.0,1.0,1260.0
2026-03-02,444461581,81,3.0,78.0,1694.549259259259
2026-03-02,462870185,8,2.0,6.0,1539.0
2026-03-02,462870186,7,0.0,7.0,1736.2857142857142
2026-03-02,462878720,1,0.0,1.0,1833.0
2026-03-02,467007550,16,1.0,15.0,1759.993125
2026-03-02,468506772,7,1.0,6.0,1564.8828571428571
2026-03-02,468506773,7,0.0,7.0,1693.0
2026-03-02,471342171,8,2.0,6.0,3538.0
2026-03-02,474397318,89,3.0,86.0,1738.7777777777778
2026-03-02,474629420,41,1.0,40.0,1710.0043902439022
2026-03-02,475748707,45,4.0,41.0,1921.0
2026-03-02,475759397,39,2.0,37.0,1855.3366666666668
2026-03-02,488493915,3,1.0,2.0,3455.3333333333335
2026-03-02,504801009,4,1.0,3.0,900.0
2026-03-02,516856408,29,4.0,25.0,2296.7973333333334
2026-03-02,541096165,3,0.0,3.0,2478.0
2026-03-02,541096167,34,2.0,32.0,1679.9944117647058
2026-03-02,549254419,5,0.0,5.0,1577.848
2026-03-02,585840780,1,0.0,1.0,771.0
2026-03-02,585840783,2,0.0,2.0,800.0
2026-03-02,649988707,8,1.0,7.0,1800.0
2026-03-02,681642682,5,0.0,5.0,1740.0
2026-03-02,715890126,2,1.0,1.0,1400.025
2026-03-02,715890127,4,0.0,4.0,1440.0
2026-03-02,715890128,4,0.0,4.0,1560.0
2026-03-02,715890129,3,2.0,1.0,1170.0
2026-03-02,724729234,1,0.0,1.0,1640.0
2026-03-02,732543825,3,1.0,2.0,1650.0
2026-03-02,732543827,9,1.0,8.0,1700.0
2026-03-02,732543829,9,0.0,9.0,1749.99
2026-03-02,756653629,6,0.0,6.0,2100.0
2026-03-02,759970497,12,3.0,9.0,1200.0
2026-03-02,760169672,3,0.0,3.0,1501.0333333333335
2026-03-02,760169673,1,0.0,1.0,1550.0
2026-03-02,760169675,2,1.0,1.0,1550.0
2026-03-02,760169676,2,0.0,2.0,1650.0
2026-03-02,760323301,20,1.0,19.0,1850.0009999999997
2026-03-02,760323302,7,1.0,6.0,2429.577142857143
2026-03-02,760323303,8,0.0,8.0,2150.0
2026-03-02,760323304,4,1.0,3.0,1950.0
2026-03-02,760323305,7,0.0,7.0,2242.8571428571427
2026-03-02,760323306,6,0.0,6.0,2383.3333333333335
2026-03-02,775902154,1,1.0,0.0,1100.0
2026-03-02,775902155,2,0.0,2.0,1000.0
2026-03-02,775902156,1,0.0,1.0,1000.0
2026-03-02,775902157,5,0.0,5.0,999.984
2026-03-02,775902158,7,0.0,7.0,1000.0
2026-03-02,775902160,1,0.0,1.0,1000.0
2026-03-02,783403723,8,1.0,7.0,1899.9850000000001
2026-03-02,783403724,8,0.0,8.0,1944.4566666666667
2026-03-02,783403725,8,2.0,6.0,2100.0
2026-03-02,788921071,3,0.0,3.0,1850.0
2026-03-02,788921072,5,1.0,4.0,1899.998
2026-03-02,788921073,3,2.0,1.0,1900.03
2026-03-02,788940601,2,1.0,1.0,3425.0
2026-03-02,788940602,1,0.0,1.0,5000.0
2026-03-02,788940603,3,0.0,3.0,3366.6666666666665
2026-03-02,788946367,9,1.0,8.0,1938.898888888889
2026-03-02,789090595,4,0.0,4.0,1850.0
2026-03-02,789090596,7,1.0,6.0,1757.142857142857
2026-03-02,789090597,15,0.0,15.0,1726.6753333333334
2026-03-02,790500903,9,0.0,9.0,1661.111111111111
2026-03-02,790500904,4,0.0,4.0,1650.0
2026-03-02,790500905,2,0.0,2.0,1650.0
2026-03-02,790943351,1,0.0,1.0,1480.0
2026-03-02,790943352,5,0.0,5.0,1480.1119999999999
2026-03-02,796326738,1,0.0,1.0,1280.0
2026-03-02,796420740,3,0.0,3.0,720.0
2026-03-02,796420741,8,0.0,8.0,622.2177777777778
2026-03-02,796583762,2,0.0,2.0,2150.0550000000003
2026-03-02,796583763,2,0.0,2.0,2100.0
2026-03-02,800256398,1,0.0,1.0,3200.0
2026-03-02,800270334,1,0.0,1.0,3450.0
2026-03-02,818305600,5,0.0,5.0,1416.0
2026-03-03,218467926,2,0.0,2.0,1015.0
2026-03-03,219033581,10,1.0,9.0,1686.0
2026-03-03,220783118,7,1.0,6.0,1599.5
2026-03-03,220783128,18,0.0,18.0,1520.0
2026-03-03,220796910,2,0.0,2.0,1055.0
2026-03-03,220796916,14,0.0,14.0,1184.0
2026-03-03,220796924,36,0.0,36.0,1085.0
2026-03-03,220796932,21,0.0,21.0,988.9871428571429
2026-03-03,221216505,4,1.0,3.0,1703.0
2026-03-03,221216935,1,0.0,1.0,1697.0
2026-03-03,221217363,8,0.0,8.0,1206.01375
2026-03-03,223302777,7,1.0,6.0,1238.9642857142858
2026-03-03,223615358,5,0.0,5.0,1622.0
2026-03-03,225505021,3,0.0,3.0,427.6666666666667
2026-03-03,247803776,10,0.0,10.0,1309.0
2026-03-03,248166626,104,0.0,104.0,1800.0033653846153
2026-03-03,248173261,42,1.0,41.0,1714.9980952380952
2026-03-03,248591628,38,0.0,38.0,1716.0
2026-03-03,248591629,10,1.0,9.0,1974.0
2026-03-03,248639013,140,0.0,140.0,1643.1446808510639
2026-03-03,248639014,16,0.0,16.0,1721.1835294117645
2026-03-03,251889892,7,0.0,7.0,1702.1342857142859
2026-03-03,251889894,14,0.0,14.0,1785.0
2026-03-03,253236688,18,3.0,15.0,1584.0
2026-03-03,253237666,13,0.0,13.0,1845.07
2026-03-03,278278778,15,1.0,14.0,1815.0
2026-03-03,278837827,2,0.0,2.0,918.1800000000001
2026-03-03,286985384,16,0.0,16.0,1660.0
2026-03-03,286985385,16,0.0,16.0,1660.0125
2026-03-03,296818633,3,0.0,3.0,1001.0
2026-03-03,300294506,6,1.0,5.0,1987.9133333333332
2026-03-03,300294507,3,2.0,1.0,1741.82
2026-03-03,315032004,2,0.0,2.0,1467.0
2026-03-03,331575070,8,0.0,8.0,1127.0
2026-03-03,331575073,7,0.0,7.0,1147.0
2026-03-03,331575074,7,0.0,7.0,1188.0
2026-03-03,331575075,7,0.0,7.0,1170.0
2026-03-03,337308569,6,0.0,6.0,1700.0
2026-03-03,366760796,7,0.0,7.0,1025.0
2026-03-03,366760798,3,0.0,3.0,1003.0
2026-03-03,366813884,8,1.0,7.0,1049.0
2026-03-03,366813885,14,1.0,13.0,1075.0221428571429
2026-03-03,366822996,1,0.0,1.0,1086.0
2026-03-03,370413854,2,0.0,2.0,1424.0
2026-03-03,377241928,2,0.0,2.0,1062.0
2026-03-03,384494968,1,0.0,1.0,1250.11
2026-03-03,384494969,1,0.0,1.0,1260.0
2026-03-03,444461581,104,3.0,101.0,1663.4211320754719
2026-03-03,453167037,1,0.0,1.0,774.0
2026-03-03,462870185,21,0.0,21.0,1539.0
2026-03-03,462870186,17,0.0,17.0,1704.0588235294117
2026-03-03,467007550,19,2.0,17.0,1760.0
2026-03-03,468506772,4,0.0,4.0,1569.5075
2026-03-03,468506773,3,1.0,2.0,1693.0
2026-03-03,471342171,15,2.0,13.0,3562.4
2026-03-03,474397318,122,2.0,120.0,1748.408292682927
2026-03-03,474629420,49,4.0,45.0,1710.0691836734693
2026-03-03,475748707,50,3.0,47.0,1891.6470588235295
2026-03-03,475759397,50,2.0,48.0,1854.0035999999998
2026-03-03,488493915,5,0.0,5.0,3356.6
2026-03-03,504801009,13,0.0,13.0,900.0
2026-03-03,516856408,65,1.0,64.0,2379.8144615384617
2026-03-03,516856409,1,0.0,1.0,1846.0
2026-03-03,528912182,1,0.0,1.0,876.0
2026-03-03,541096165,16,1.0,15.0,2478.0
2026-03-03,541096166,1,0.0,1.0,2700.0
2026-03-03,541096167,42,2.0,40.0,1640.9295348837209
2026-03-03,549254419,3,0.0,3.0,1578.0
2026-03-03,585840780,2,0.0,2.0,771.0
2026-03-03,585840782,1,0.0,1.0,851.96
2026-03-03,649988707,7,0.0,7.0,1800.0
2026-03-03,681642682,9,0.0,9.0,1750.0
2026-03-03,715890126,10,2.0,8.0,1400.0
2026-03-03,715890127,8,0.0,8.0,1440.0
2026-03-03,715890128,4,0.0,4.0,1560.0
2026-03-03,715890129,3,1.0,2.0,1560.0
2026-03-03,724729234,1,0.0,1.0,1640.0
2026-03-03,732543825,7,0.0,7.0,1649.9828571428573
2026-03-03,732543827,6,2.0,4.0,1716.6666666666667
2026-03-03,732543829,11,0.0,11.0,1750.0
2026-03-03,756653629,3,0.0,3.0,2100.0
2026-03-03,759970497,6,1.0,5.0,1300.0
2026-03-03,760169672,5,0.0,5.0,1499.984
2026-03-03,760169673,2,0.0,2.0,1550.0
2026-03-03,760169674,1,0.0,1.0,1700.0
2026-03-03,760169675,1,0.0,1.0,1550.0
2026-03-03,760169676,5,0.0,5.0,1650.0
2026-03-03,760323301,28,1.0,27.0,1850.001785714286
2026-03-03,760323302,5,0.0,5.0,2450.0
2026-03-03,760323303,3,0.0,3.0,2150.03
2026-03-03,760323304,2,1.0,1.0,1950.0
2026-03-03,760323305,5,0.0,5.0,2320.0
2026-03-03,760323306,9,0.0,9.0,2438.8888888888887
2026-03-03,775902154,2,1.0,1.0,1100.0
2026-03-03,775902155,6,0.0,6.0,999.96
2026-03-03,775902156,1,0.0,1.0,1000.0
2026-03-03,775902157,2,0.0,2.0,1000.0
2026-03-03,775902158,4,0.0,4.0,1000.0
2026-03-03,775902160,2,0.0,2.0,1000.0
2026-03-03,783403723,13,1.0,12.0,1900.0
2026-03-03,783403724,9,0.0,9.0,2244.456666666667
2026-03-03,783403725,4,0.0,4.0,2050.0
2026-03-03,788921071,7,0.0,7.0,1871.4285714285713
2026-03-03,788921072,2,0.0,2.0,1900.0
2026-03-03,788921073,4,0.0,4.0,1900.0
2026-03-03,788940602,2,0.0,2.0,3250.0
2026-03-03,788940603,5,1.0,4.0,3360.0
2026-03-03,788940604,2,0.0,2.0,3250.0
2026-03-03,788946367,15,1.0,14.0,1960.0286666666666
2026-03-03,789090595,1,0.0,1.0,1850.0
2026-03-03,789090596,4,0.0,4.0,1750.0
2026-03-03,789090597,11,0.0,11.0,1745.4654545454543
2026-03-03,789090598,3,0.0,3.0,1799.9833333333333
2026-03-03,790500903,12,0.0,12.0,1650.0
2026-03-03,790500904,2,0.0,2.0,1650.0
2026-03-03,790500905,7,1.0,6.0,1649.9914285714287
2026-03-03,790943351,1,0.0,1.0,1520.0
2026-03-03,790943352,2,0.0,2.0,1480.0
2026-03-03,796420740,2,0.0,2.0,720.0
2026-03-03,796420741,8,0.0,8.0,695.0
2026-03-03,796583762,3,0.0,3.0,2150.03
2026-03-03,796583763,1,0.0,1.0,2150.0
2026-03-03,800270334,5,0.0,5.0,3450.0
2026-03-04,218467926,6,0.0,6.0,1015.0
2026-03-04,219033581,7,0.0,7.0,1670.5714285714287
2026-03-04,219037028,1,0.0,1.0,1886.0
2026-03-04,220783118,9,0.0,9.0,1828.0
2026-03-04,220783128,16,0.0,16.0,1525.0
2026-03-04,220796910,6,0.0,6.0,1055.075
2026-03-04,220796916,20,1.0,19.0,1184.0004999999999
2026-03-04,220796924,16,1.0,15.0,1085.03875
2026-03-04,220796932,16,0.0,16.0,932.7758823529412
2026-03-04,221216505,4,0.0,4.0,1703.0
2026-03-04,221216935,2,0.0,2.0,1697.0
2026-03-04,221217363,16,1.0,15.0,1206.0
2026-03-04,223302777,2,1.0,1.0,1239.0
2026-03-04,223615358,4,0.0,4.0,1622.0
2026-03-04,225505021,1,0.0,1.0,450.0
2026-03-04,247803775,3,0.0,3.0,1970.0
2026-03-04,247803776,20,0.0,20.0,1297.0194999999999
2026-03-04,248166626,94,3.0,91.0,1800.0121276595746
2026-03-04,248173261,49,4.0,45.0,1715.0
2026-03-04,248591628,35,2.0,33.0,1715.9848571428572
2026-03-04,248591629,5,2.0,3.0,1974.0
2026-03-04,248639013,95,0.0,95.0,1677.479894736842
2026-03-04,248639014,10,1.0,9.0,1848.0
2026-03-04,251889892,8,1.0,7.0,1702.05875
2026-03-04,251889894,15,2.0,13.0,1785.0
2026-03-04,253236688,13,1.0,12.0,1584.0
2026-03-04,253237666,9,0.0,9.0,1844.99
2026-03-04,258836991,1,0.0,1.0,874.0
2026-03-04,258850896,1,0.0,1.0,715.0
2026-03-04,278278778,13,0.0,13.0,1815.0
2026-03-04,278837544,1,0.0,1.0,1012.0
2026-03-04,286985384,14,1.0,13.0,1549.3333333333333
2026-03-04,286985385,16,0.0,16.0,1659.9975
2026-03-04,296818633,2,0.0,2.0,1001.0
2026-03-04,300294506,4,0.0,4.0,1988.0
2026-03-04,300294507,2,0.0,2.0,1742.0
2026-03-04,331575070,9,0.0,9.0,1094.3333333333333
2026-03-04,331575073,13,0.0,13.0,1135.6553846153847
2026-03-04,331575074,15,0.0,15.0,1141.9913333333332
2026-03-04,331575075,11,0.0,11.0,1116.8181818181818
2026-03-04,337308569,6,1.0,5.0,1700.0
2026-03-04,366760796,11,0.0,11.0,966.9166666666666
2026-03-04,366760798,3,0.0,3.0,1003.0
2026-03-04,366813879,2,0.0,2.0,952.0
2026-03-04,366813884,8,2.0,6.0,1049.0
2026-03-04,366813885,11,1.0,10.0,1075.0
2026-03-04,370413854,1,0.0,1.0,1424.0
2026-03-04,377241928,2,0.0,2.0,1062.025
2026-03-04,384494968,2,0.0,2.0,1250.0
2026-03-04,384494969,1,0.0,1.0,1260.0
2026-03-04,412079857,2,0.0,2.0,546.0
2026-03-04,444461581,82,0.0,82.0,1692.9902439024393
2026-03-04,462870185,13,3.0,10.0,1570.1538461538462
2026-03-04,462870186,6,1.0,5.0,1838.8333333333333
2026-03-04,467007550,22,1.0,21.0,1683.6273913043478
2026-03-04,468506772,6,0.0,6.0,1580.3333333333333
2026-03-04,468506773,6,0.0,6.0,1693.0
2026-03-04,471342171,9,1.0,8.0,3592.222222222222
2026-03-04,474397318,97,2.0,95.0,1739.5082653061224
2026-03-04,474629420,59,2.0,57.0,1681.4959999999999
2026-03-04,475748707,45,2.0,43.0,1920.9824444444446
2026-03-04,475759397,38,0.0,38.0,1854.0536842105262
2026-03-04,488493915,9,0.0,9.0,3332.0622222222223
2026-03-04,504801009,17,1.0,16.0,900.0
2026-03-04,516856408,39,2.0,37.0,2375.998205128205
2026-03-04,528912198,1,0.0,1.0,536.0
2026-03-04,541096165,11,1.0,10.0,2478.0
2026-03-04,541096167,35,2.0,33.0,1690.2854285714286
2026-03-04,549254419,1,0.0,1.0,1578.0
2026-03-04,585840783,1,0.0,1.0,800.0
2026-03-04,649988707,1,0.0,1.0,1800.0
2026-03-04,681642682,12,0.0,12.0,1745.8333333333333
2026-03-04,715890126,8,0.0,8.0,1400.335
2026-03-04,715890127,6,0.0,6.0,1440.0
2026-03-04,715890128,1,1.0,0.0,1560.0
2026-03-04,715890129,6,0.0,6.0,1337.142857142857
2026-03-04,732543825,5,1.0,4.0,1650.0
2026-03-04,732543827,8,0.0,8.0,1700.0
2026-03-04,732543829,2,0.0,2.0,1750.0
2026-03-04,756653629,6,2.0,4.0,2100.0
2026-03-04,759970497,6,0.0,6.0,1300.0
2026-03-04,760169672,1,0.0,1.0,1500.0
2026-03-04,760169673,2,1.0,1.0,1550.0
2026-03-04,760169675,3,0.0,3.0,1550.0
2026-03-04,760169676,3,0.0,3.0,1650.0
2026-03-04,760323301,30,1.0,29.0,1850.0
2026-03-04,760323302,7,2.0,5.0,2450.0
2026-03-04,760323303,7,0.0,7.0,2292.8571428571427
2026-03-04,760323304,1,0.0,1.0,2500.0
2026-03-04,760323305,7,0.0,7.0,2414.2571428571428
2026-03-04,760323306,6,0.0,6.0,2466.6883333333335
2026-03-04,775902154,7,2.0,5.0,1100.0
2026-03-04,775902155,2,0.0,2.0,1000.0
2026-03-04,775902156,1,0.0,1.0,1000.0
2026-03-04,775902157,6,1.0,5.0,1000.0
2026-03-04,775902158,7,0.0,7.0,1000.0
2026-03-04,775902160,6,0.0,6.0,1000.0
2026-03-04,783403723,11,0.0,11.0,1900.0
2026-03-04,783403724,4,0.0,4.0,2225.0
2026-03-04,783403725,10,0.0,10.0,2180.0
2026-03-04,788921071,5,0.0,5.0,1850.0
2026-03-04,788921072,4,0.0,4.0,1900.0
2026-03-04,788921073,12,0.0,12.0,1900.0
2026-03-04,788940601,1,0.0,1.0,3200.0
2026-03-04,788940602,3,0.0,3.0,3250.0
2026-03-04,788940603,3,0.0,3.0,3366.6666666666665
2026-03-04,788940604,2,0.0,2.0,3250.0
2026-03-04,788946367,8,0.0,8.0,1987.5
2026-03-04,789090595,3,0.0,3.0,1850.0
2026-03-04,789090596,3,0.0,3.0,1750.0
2026-03-04,789090597,11,0.0,11.0,1781.8418181818183
2026-03-04,789090598,1,0.0,1.0,1800.0
2026-03-04,790500903,10,0.0,10.0,1670.0
2026-03-04,790500904,4,0.0,4.0,1675.0
2026-03-04,790500905,5,0.0,5.0,1650.0
2026-03-04,790943351,1,0.0,1.0,1440.0
2026-03-04,790943352,3,0.0,3.0,1480.0
2026-03-04,796420740,3,0.0,3.0,720.0
2026-03-04,796420741,5,0.0,5.0,680.0
2026-03-04,796583762,3,0.0,3.0,2150.0
2026-03-04,800256398,2,0.0,2.0,2100.0
2026-03-04,800270334,2,1.0,1.0,3450.0
2026-03-04,806630258,2,0.0,2.0,1240.0
2026-03-04,818305600,2,0.0,2.0,1400.0
2026-03-05,218456964,1,0.0,1.0,902.0
2026-03-05,218467926,2,0.0,2.0,1015.0
2026-03-05,219033581,13,0.0,13.0,1686.0
2026-03-05,219037028,3,0.0,3.0,1886.0
2026-03-05,220783118,9,0.0,9.0,1827.9355555555553
2026-03-05,220783121,1,0.0,1.0,2090.0
2026-03-05,220783128,20,0.0,20.0,1519.998
2026-03-05,220783129,2,1.0,1.0,1732.0
2026-03-05,220796910,2,0.0,2.0,1055.0
2026-03-05,220796916,22,0.0,22.0,1132.5008695652175
2026-03-05,220796924,22,0.0,22.0,1085.0054545454545
2026-03-05,220796932,11,0.0,11.0,989.0
2026-03-05,221216505,2,0.0,2.0,1703.0
2026-03-05,221216935,2,0.0,2.0,1697.0
2026-03-05,221217363,5,1.0,4.0,1206.0
2026-03-05,223302777,4,0.0,4.0,1239.135
2026-03-05,223615358,3,0.0,3.0,1622.0
2026-03-05,225505021,1,0.0,1.0,383.0
2026-03-05,247803775,5,0.0,5.0,1551.8
2026-03-05,247803776,16,0.0,16.0,1290.646875
2026-03-05,248166626,79,5.0,74.0,1800.0053164556964
2026-03-05,248173261,65,6.0,59.0,1689.5875757575757
2026-03-05,248591628,31,3.0,28.0,1669.21875
2026-03-05,248591629,8,0.0,8.0,1973.98625
2026-03-05,248639013,128,4.0,124.0,1623.2007633587784
2026-03-05,248639014,12,0.0,12.0,1856.25
2026-03-05,251889892,3,1.0,2.0,1702.0
2026-03-05,251889894,14,1.0,13.0,1785.0
2026-03-05,253236688,6,1.0,5.0,1584.118333333333
2026-03-05,253237666,8,2.0,6.0,1640.0
2026-03-05,258834337,1,0.0,1.0,956.0
2026-03-05,262595711,1,0.0,1.0,1116.0
2026-03-05,278278778,15,0.0,15.0,1815.0
2026-03-05,286985384,10,0.0,10.0,1660.3139999999999
2026-03-05,286985385,18,0.0,18.0,1572.6315789473683
2026-03-05,296818633,3,0.0,3.0,1001.0
2026-03-05,300294506,3,0.0,3.0,1938.0
2026-03-05,331575070,5,0.0,5.0,1087.8
2026-03-05,331575073,6,0.0,6.0,1130.6666666666667
2026-03-05,331575074,7,0.0,7.0,1089.0
2026-03-05,331575075,16,0.0,16.0,1109.0625
2026-03-05,337308569,5,0.0,5.0,1700.0
2026-03-05,366760796,4,0.0,4.0,1045.5
2026-03-05,366760798,5,0.0,5.0,1051.0
2026-03-05,366813884,12,0.0,12.0,1049.0
2026-03-05,366813885,12,1.0,11.0,1075.0
2026-03-05,377242549,2,0.0,2.0,1002.0
2026-03-05,384494968,3,1.0,2.0,1250.0
2026-03-05,384494969,1,0.0,1.0,1260.0
2026-03-05,412079857,2,0.0,2.0,546.0
2026-03-05,444461581,109,8.0,101.0,1677.6009999999999
2026-03-05,462870185,9,4.0,5.0,1602.0
2026-03-05,462870186,7,1.0,6.0,1837.4285714285713
2026-03-05,462878720,1,0.0,1.0,1833.0
2026-03-05,467007550,22,2.0,20.0,1752.5
2026-03-05,468506772,10,0.0,10.0,1632.3020000000001
2026-03-05,468506773,15,2.0,13.0,1726.5993333333333
2026-03-05,471342171,11,2.0,9.0,3671.090909090909
2026-03-05,474397318,102,6.0,96.0,1758.4775490196077
2026-03-05,474629420,72,1.0,71.0,1686.5909589041096
2026-03-05,475748707,64,3.0,61.0,1922.65625
2026-03-05,475759397,44,2.0,42.0,1853.9986363636365
2026-03-05,488493915,8,0.0,8.0,3331.965
2026-03-05,504801009,11,1.0,10.0,900.0
2026-03-05,516856408,48,2.0,46.0,2384.25
2026-03-05,528912182,1,0.0,1.0,876.0
2026-03-05,528912198,1,0.0,1.0,536.0
2026-03-05,541096165,19,1.0,18.0,2354.1
2026-03-05,541096167,23,0.0,23.0,1695.6513043478262
2026-03-05,549254419,2,0.0,2.0,1578.0
2026-03-05,649988707,9,0.0,9.0,1800.308888888889
2026-03-05,681642682,15,0.0,15.0,1740.0
2026-03-05,715890126,9,0.0,9.0,1400.0
2026-03-05,715890127,10,0.0,10.0,1440.348
2026-03-05,715890128,4,0.0,4.0,1560.0075
2026-03-05,715890129,1,1.0,0.0,1560.0
2026-03-05,732543825,7,0.0,7.0,1443.75
2026-03-05,732543827,2,0.0,2.0,1700.0
2026-03-05,732543829,6,0.0,6.0,1750.0
2026-03-05,756653629,9,0.0,9.0,2116.6666666666665
2026-03-05,759970497,5,0.0,5.0,1300.0
2026-03-05,760169672,4,0.0,4.0,1500.0
2026-03-05,760169673,1,0.0,1.0,1550.0
2026-03-05,760169674,1,0.0,1.0,1700.0
2026-03-05,760169675,3,0.0,3.0,1550.0
2026-03-05,760169676,7,1.0,6.0,1650.0
2026-03-05,760323301,15,3.0,12.0,1850.0033333333333
2026-03-05,760323302,6,1.0,5.0,2425.39
2026-03-05,760323303,4,1.0,3.0,2337.5
2026-03-05,760323304,6,0.0,6.0,2041.6666666666667
2026-03-05,760323305,10,3.0,7.0,2410.0
2026-03-05,760323306,6,1.0,5.0,2500.0
2026-03-05,760323307,1,0.0,1.0,2300.0
2026-03-05,775902154,11,1.0,10.0,1109.090909090909
2026-03-05,775902155,4,0.0,4.0,1000.0
2026-03-05,775902156,5,1.0,4.0,1000.0
2026-03-05,775902157,5,0.0,5.0,1000.0
2026-03-05,775902158,7,0.0,7.0,1000.0
2026-03-05,775902160,5,0.0,5.0,1000.0
2026-03-05,783403723,21,1.0,20.0,1902.3785714285714
2026-03-05,783403724,6,0.0,6.0,2183.3333333333335
2026-03-05,783403725,2,0.0,2.0,2325.0
2026-03-05,788921071,18,0.0,18.0,1850.002777777778
2026-03-05,788921072,6,0.0,6.0,1900.0
2026-03-05,788921073,11,2.0,9.0,1900.0
2026-03-05,788940601,2,0.0,2.0,3375.0
2026-03-05,788940602,2,0.0,2.0,3200.0
2026-03-05,788940603,5,1.0,4.0,3350.0
2026-03-05,788940604,4,0.0,4.0,3212.5
2026-03-05,788946367,1,3.0,-2.0,1900.0
2026-03-05,789090595,8,1.0,7.0,1837.5
2026-03-05,789090596,8,0.0,8.0,1750.0
2026-03-05,789090597,20,2.0,18.0,1787.506
2026-03-05,789090598,3,0.0,3.0,1800.0
2026-03-05,790500903,16,0.0,16.0,1699.994375
2026-03-05,790500904,9,0.0,9.0,1650.0
2026-03-05,790500905,9,0.0,9.0,1649.9933333333333
2026-03-05,790943352,5,0.0,5.0,1480.0
2026-03-05,796326738,1,0.0,1.0,1280.0
2026-03-05,796420740,4,0.0,4.0,720.0175
2026-03-05,796420741,3,0.0,3.0,510.0
2026-03-05,796583762,3,0.0,3.0,2150.0
2026-03-05,796583763,1,0.0,1.0,2100.0
2026-03-05,800256398,2,0.0,2.0,3150.0
2026-03-05,800270334,4,0.0,4.0,3450.0
2026-03-05,806630258,2,0.0,2.0,1160.0
2026-03-06,218456964,1,0.0,1.0,902.0
2026-03-06,218467926,2,0.0,2.0,1015.0
2026-03-06,219033581,5,0.0,5.0,1686.0
2026-03-06,219037028,3,0.0,3.0,1886.0
2026-03-06,220783118,4,0.0,4.0,1828.0
2026-03-06,220783121,1,0.0,1.0,2090.0
2026-03-06,220783128,10,0.0,10.0,1520.0
2026-03-06,220783129,1,0.0,1.0,1732.0
2026-03-06,220796910,2,0.0,2.0,1055.0
2026-03-06,220796916,31,1.0,30.0,1183.9990322580645
2026-03-06,220796924,23,1.0,22.0,1084.9978260869566
2026-03-06,220796932,12,0.0,12.0,912.9230769230769
2026-03-06,221216505,5,1.0,4.0,1703.0
2026-03-06,221216935,1,0.0,1.0,1696.78
2026-03-06,221217363,6,0.0,6.0,1206.0
2026-03-06,223302777,1,0.0,1.0,1239.0
2026-03-06,223615358,4,0.0,4.0,1621.98
2026-03-06,225505021,3,0.0,3.0,383.0
2026-03-06,247803775,4,0.0,4.0,1621.3675
2026-03-06,247803776,12,0.0,12.0,1290.0
2026-03-06,248166626,105,3.0,102.0,1800.0117142857143
2026-03-06,248173261,63,4.0,59.0,1715.0166666666667
2026-03-06,248591628,27,5.0,22.0,1742.9933333333333
2026-03-06,248591629,10,0.0,10.0,1974.0080000000003
2026-03-06,248639013,143,5.0,138.0,1629.79
2026-03-06,248639014,9,0.0,9.0,1912.7777777777778
2026-03-06,251889892,9,0.0,9.0,1702.0
2026-03-06,251889894,21,1.0,20.0,1785.0
2026-03-06,253236688,18,2.0,16.0,1584.0005555555554
2026-03-06,253237666,8,0.0,8.0,1845.0
2026-03-06,258834339,1,0.0,1.0,1118.0
2026-03-06,258836990,1,0.0,1.0,1052.0
2026-03-06,262595711,1,0.0,1.0,1116.0
2026-03-06,262596137,1,0.0,1.0,879.0
2026-03-06,278278778,8,2.0,6.0,1815.0
2026-03-06,278837827,2,0.0,2.0,918.0
2026-03-06,286985384,18,0.0,18.0,1659.9827777777778
2026-03-06,286985385,10,1.0,9.0,1660.0
2026-03-06,296818633,4,0.0,4.0,961.5
2026-03-06,300294506,3,0.0,3.0,1938.0
2026-03-06,300294507,3,0.0,3.0,1742.0
2026-03-06,331575070,17,1.0,16.0,1083.764705882353
2026-03-06,331575073,12,1.0,11.0,1118.5075
2026-03-06,331575074,10,0.0,10.0,1008.0
2026-03-06,331575075,12,1.0,11.0,1107.1625000000001
2026-03-06,337308569,6,0.0,6.0,1700.0
2026-03-06,366760796,4,0.0,4.0,1045.4675
2026-03-06,366760798,5,0.0,5.0,1027.0
2026-03-06,366813879,1,0.0,1.0,952.0
2026-03-06,366813884,15,0.0,15.0,983.576875
2026-03-06,366813885,17,0.0,17.0,1015.2950000000001
2026-03-06,377242549,2,0.0,2.0,1503.0
2026-03-06,384494968,2,0.0,2.0,1250.0
2026-03-06,384494969,1,0.0,1.0,1260.0
2026-03-06,412079855,1,0.0,1.0,540.0
2026-03-06,412079857,2,0.0,2.0,546.0
2026-03-06,444461581,82,3.0,79.0,1664.0267857142858
2026-03-06,462870185,8,1.0,7.0,1670.665
2026-03-06,462870186,4,0.0,4.0,1799.4275
2026-03-06,467007550,25,0.0,25.0,1730.9
2026-03-06,468506772,6,0.0,6.0,1609.1666666666667
2026-03-06,468506773,7,0.0,7.0,1823.8557142857142
2026-03-06,471342171,9,0.0,9.0,3257.4
2026-03-06,474397318,105,4.0,101.0,1740.6659433962263
2026-03-06,474629420,60,2.0,58.0,1710.0028333333332
2026-03-06,475748707,53,3.0,50.0,1851.1405454545454
2026-03-06,475759397,42,1.0,41.0,1769.7288636363637
2026-03-06,488493915,8,0.0,8.0,3332.0
2026-03-06,504801009,15,0.0,15.0,893.3453333333333
2026-03-06,516856408,43,3.0,40.0,2408.232558139535
2026-03-06,541096165,10,0.0,10.0,2478.0
2026-03-06,541096166,2,1.0,1.0,2700.0
2026-03-06,541096167,29,0.0,29.0,1733.7931034482758
2026-03-06,549254419,1,0.0,1.0,1578.0
2026-03-06,585840780,1,0.0,1.0,771.0
2026-03-06,585840782,1,0.0,1.0,850.0
2026-03-06,649988707,9,0.0,9.0,1800.308888888889
2026-03-06,681642682,9,1.0,8.0,1750.0
2026-03-06,715890126,7,0.0,7.0,1400.0
2026-03-06,715890127,5,0.0,5.0,1440.0
2026-03-06,715890128,2,0.0,2.0,1560.0
2026-03-06,715890129,2,0.0,2.0,1560.0
2026-03-06,732543825,2,0.0,2.0,1650.0
2026-03-06,732543827,5,0.0,5.0,1700.0
2026-03-06,732543829,7,0.0,7.0,1750.0
2026-03-06,756653629,5,0.0,5.0,2130.0
2026-03-06,759970497,10,1.0,9.0,1300.0
2026-03-06,760169672,3,0.0,3.0,1500.0
2026-03-06,760169673,2,0.0,2.0,1550.0
2026-03-06,760169674,1,0.0,1.0,1700.0
2026-03-06,760169675,5,0.0,5.0,1550.0
2026-03-06,760169676,6,0.0,6.0,1650.0
2026-03-06,760323301,28,1.0,27.0,1849.9832142857142
2026-03-06,760323302,1,0.0,1.0,2450.0
2026-03-06,760323303,3,1.0,2.0,2399.9733333333334
2026-03-06,760323304,4,0.0,4.0,2362.5125
2026-03-06,760323305,4,0.0,4.0,2312.5
2026-03-06,760323306,6,1.0,5.0,2516.6666666666665
2026-03-06,760323307,5,0.0,5.0,2320.0
2026-03-06,775902154,12,0.0,12.0,1100.0
2026-03-06,775902155,1,0.0,1.0,1000.0
2026-03-06,775902156,1,0.0,1.0,1000.0
2026-03-06,775902157,12,0.0,12.0,1000.0
2026-03-06,775902158,12,0.0,12.0,1000.0
2026-03-06,775902160,5,1.0,4.0,1000.0
2026-03-06,783403723,26,0.0,26.0,1844.4425925925925
2026-03-06,783403724,5,0.0,5.0,2120.0
2026-03-06,783403725,8,0.0,8.0,2250.0
2026-03-06,788921071,11,0.0,11.0,1850.0045454545455
2026-03-06,788921072,9,1.0,8.0,1900.0
2026-03-06,788921073,11,1.0,10.0,1945.4545454545455
2026-03-06,788940601,2,0.0,2.0,3250.0
2026-03-06,788940602,3,1.0,2.0,3216.6666666666665
2026-03-06,788940603,4,1.0,3.0,3350.0
2026-03-06,788940604,1,0.0,1.0,3250.0
2026-03-06,788946367,8,1.0,7.0,2031.25
2026-03-06,789090595,10,0.0,10.0,1850.0
2026-03-06,789090596,5,0.0,5.0,1750.0
2026-03-06,789090597,14,0.0,14.0,1706.6666666666667
2026-03-06,789090598,4,0.0,4.0,1787.5
2026-03-06,790500903,12,2.0,10.0,1708.3333333333333
2026-03-06,790500904,6,1.0,5.0,1650.0
2026-03-06,790500905,12,2.0,10.0,1523.076923076923
2026-03-06,790943351,2,0.0,2.0,1440.0
2026-03-06,790943352,8,0.0,8.0,1484.9850000000001
2026-03-06,796326738,1,0.0,1.0,1080.0
2026-03-06,796420740,5,0.0,5.0,720.014
2026-03-06,796420741,8,0.0,8.0,690.0
2026-03-06,796583762,8,0.0,8.0,2162.5
2026-03-06,796583763,3,0.0,3.0,2100.0
2026-03-06,800256398,2,0.0,2.0,3100.0
2026-03-06,800270334,8,0.0,8.0,3450.0
2026-03-06,806630258,3,0.0,3.0,1186.6666666666667
2026-03-06,818305600,3,0.0,3.0,1400.0
2026-03-07,218467926,7,0.0,7.0,1015.0
2026-03-07,219033581,11,0.0,11.0,1686.0481818181818
2026-03-07,220783118,5,1.0,4.0,1828.0
2026-03-07,220783128,10,1.0,9.0,1520.0
2026-03-07,220783129,4,0.0,4.0,1732.0
2026-03-07,220796910,6,0.0,6.0,1055.0
2026-03-07,220796916,32,0.0,32.0,1183.9990625
2026-03-07,220796924,17,1.0,16.0,1085.0
2026-03-07,220796929,1,0.0,1.0,1291.0
2026-03-07,220796932,13,0.0,13.0,918.3571428571429
2026-03-07,221216505,2,0.0,2.0,1703.0900000000001
2026-03-07,221217363,9,0.0,9.0,1085.4
2026-03-07,223302777,3,0.0,3.0,1239.0
2026-03-07,223615358,9,0.0,9.0,1622.0
2026-03-07,225505021,2,0.0,2.0,416.5
2026-03-07,247803775,14,0.0,14.0,1234.5773333333334
2026-03-07,247803776,21,0.0,21.0,1227.9545454545455
2026-03-07,248166626,99,2.0,97.0,1800.0075757575758
2026-03-07,248173261,66,6.0,60.0,1714.997121212121
2026-03-07,248591628,16,3.0,13.0,1770.69375
2026-03-07,248591629,11,2.0,9.0,1966.3609090909092
2026-03-07,248639013,144,2.0,142.0,1651.941875
2026-03-07,248639014,13,1.0,12.0,1920.7738461538463
2026-03-07,251889892,2,0.0,2.0,1702.0
2026-03-07,251889894,8,0.0,8.0,1785.0
2026-03-07,253236688,15,1.0,14.0,1584.05
2026-03-07,253237666,11,0.0,11.0,1845.0663636363636
2026-03-07,258834337,2,0.0,2.0,955.855
2026-03-07,258836990,4,0.0,4.0,1052.075
2026-03-07,258850894,1,0.0,1.0,666.0
2026-03-07,278278778,16,0.0,16.0,1815.048125
2026-03-07,286985384,15,0.0,15.0,1659.9793333333332
2026-03-07,286985385,25,0.0,25.0,1660.004
2026-03-07,296818633,5,0.0,5.0,906.2
2026-03-07,300294506,4,0.0,4.0,1931.75
2026-03-07,300294507,6,0.0,6.0,1741.9716666666666
2026-03-07,315032004,1,0.0,1.0,1467.69
2026-03-07,331575070,11,0.0,11.0,1082.4545454545455
2026-03-07,331575073,10,0.0,10.0,1107.8
2026-03-07,331575074,15,0.0,15.0,1135.2
2026-03-07,331575075,21,0.0,21.0,1100.6666666666667
2026-03-07,337308569,8,0.0,8.0,1700.0
2026-03-07,366760796,3,0.0,3.0,1107.0
2026-03-07,366760798,3,1.0,2.0,1083.0
2026-03-07,366813879,1,0.0,1.0,952.0
2026-03-07,366813884,10,0.0,10.0,1049.0
2026-03-07,366813885,13,2.0,11.0,1075.023846153846
2026-03-07,366813893,1,0.0,1.0,1120.0
2026-03-07,366813897,1,0.0,1.0,1085.0
2026-03-07,366822996,1,0.0,1.0,1086.0
2026-03-07,370413854,1,0.0,1.0,1424.0
2026-03-07,377241928,1,0.0,1.0,1062.0
2026-03-07,384494968,3,0.0,3.0,1250.0133333333333
2026-03-07,384494969,1,0.0,1.0,1260.0
2026-03-07,444461581,67,2.0,65.0,1719.8822388059702
2026-03-07,462870185,15,0.0,15.0,1663.2093333333332
2026-03-07,462870186,9,1.0,8.0,1848.6666666666667
2026-03-07,467007550,11,3.0,8.0,1729.9672727272728
2026-03-07,468506772,4,0.0,4.0,1677.75
2026-03-07,468506773,6,0.0,6.0,1769.3333333333333
2026-03-07,471342171,10,1.0,9.0,3684.4
2026-03-07,474397318,105,4.0,101.0,1740.1265094339624
2026-03-07,474629420,57,9.0,48.0,1710.003859649123
2026-03-07,475748707,50,1.0,49.0,1920.9876000000002
2026-03-07,475759397,45,1.0,44.0,1853.9986666666666
2026-03-07,488493915,3,0.0,3.0,2499.0
2026-03-07,504801009,12,1.0,11.0,816.6658333333334
2026-03-07,516856408,37,2.0,35.0,2456.268378378378
2026-03-07,528912186,1,0.0,1.0,832.0
2026-03-07,541096165,5,1.0,4.0,2478.0
2026-03-07,541096167,40,3.0,37.0,1748.998
2026-03-07,549254419,5,0.0,5.0,1578.0
2026-03-07,649988707,10,1.0,9.0,1800.0
2026-03-07,681642682,10,1.0,9.0,1750.0
2026-03-07,715890126,2,0.0,2.0,1400.0
2026-03-07,715890127,3,0.0,3.0,1440.0533333333333
2026-03-07,715890128,4,0.0,4.0,1560.0
2026-03-07,715890129,3,0.0,3.0,1560.0
2026-03-07,724729234,1,0.0,1.0,1640.0
2026-03-07,732543825,4,0.0,4.0,1650.0
2026-03-07,732543827,5,0.0,5.0,1700.0
2026-03-07,732543829,9,0.0,9.0,1750.1055555555556
2026-03-07,756653629,5,0.0,5.0,2160.0
2026-03-07,759970497,5,0.0,5.0,1300.012
2026-03-07,760169672,6,0.0,6.0,1499.9833333333333
2026-03-07,760169675,5,0.0,5.0,1550.0
2026-03-07,760169676,1,0.0,1.0,1650.0
2026-03-07,760323301,23,1.0,22.0,1849.997391304348
2026-03-07,760323302,3,0.0,3.0,2450.0
2026-03-07,760323303,4,0.0,4.0,2212.5
2026-03-07,760323304,6,0.0,6.0,2041.6666666666667
2026-03-07,760323305,3,1.0,2.0,2400.0
2026-03-07,760323306,5,0.0,5.0,2470.016
2026-03-07,760323307,6,0.0,6.0,2208.3333333333335
2026-03-07,775902154,10,2.0,8.0,1100.0
2026-03-07,775902155,5,0.0,5.0,1000.0
2026-03-07,775902156,5,0.0,5.0,1000.0
2026-03-07,775902157,9,0.0,9.0,1000.0
2026-03-07,775902158,10,0.0,10.0,1000.025
2026-03-07,775902160,5,0.0,5.0,1000.0
2026-03-07,783403723,20,3.0,17.0,1977.5
2026-03-07,783403724,4,0.0,4.0,2225.0
2026-03-07,783403725,6,0.0,6.0,2291.6666666666665
2026-03-07,788921071,8,0.0,8.0,1899.9925
2026-03-07,788921072,9,2.0,7.0,1911.1233333333334
2026-03-07,788921073,15,3.0,12.0,1843.76375
2026-03-07,788940601,4,0.0,4.0,3337.5
2026-03-07,788940602,7,2.0,5.0,3192.8571428571427
2026-03-07,788940603,2,1.0,1.0,3350.0
2026-03-07,788940604,4,0.0,4.0,3137.5
2026-03-07,788946367,9,0.0,9.0,2027.7777777777778
2026-03-07,789090595,7,1.0,6.0,1587.5
2026-03-07,789090596,7,0.0,7.0,1742.857142857143
2026-03-07,789090597,7,0.0,7.0,1899.9928571428572
2026-03-07,789090598,9,0.0,9.0,1761.1244444444444
2026-03-07,790500903,12,1.0,11.0,1750.0
2026-03-07,790500904,9,0.0,9.0,1650.0
2026-03-07,790500905,12,2.0,10.0,1650.0
2026-03-07,790943351,2,0.0,2.0,1480.0
2026-03-07,790943352,3,0.0,3.0,1480.0
2026-03-07,796326738,2,0.0,2.0,1160.0
2026-03-07,796420740,4,0.0,4.0,740.0
2026-03-07,796420741,4,0.0,4.0,576.0
2026-03-07,796583762,5,0.0,5.0,2169.9900000000002
2026-03-07,796583763,2,0.0,2.0,2100.0
2026-03-07,800256398,4,0.0,4.0,3074.865
2026-03-07,800270333,1,0.0,1.0,3500.0
2026-03-07,800270334,9,0.0,9.0,3450.0
2026-03-07,806630258,4,0.0,4.0,1160.0
2026-03-08,218467926,4,1.0,3.0,1015.0
2026-03-08,219033581,9,0.0,9.0,1686.0933333333332
2026-03-08,219037028,1,0.0,1.0,1886.0
2026-03-08,220783118,5,0.0,5.0,1828.0
2026-03-08,220783121,1,0.0,1.0,2090.0
2026-03-08,220783128,11,0.0,11.0,1520.0
2026-03-08,220783129,1,0.0,1.0,1732.0
2026-03-08,220796910,2,0.0,2.0,1055.0
2026-03-08,220796916,25,0.0,25.0,1184.0104
2026-03-08,220796924,18,0.0,18.0,1085.0
2026-03-08,220796932,12,0.0,12.0,989.0
2026-03-08,221216505,4,1.0,3.0,1703.0
2026-03-08,221217363,9,0.0,9.0,1206.0
2026-03-08,223302777,1,1.0,0.0,1239.0
2026-03-08,223615358,1,0.0,1.0,1621.93
2026-03-08,225505021,8,0.0,8.0,337.84777777777776
2026-03-08,247803775,12,0.0,12.0,1272.9641666666666
2026-03-08,247803776,19,2.0,17.0,1285.0126315789475
2026-03-08,248166626,73,1.0,72.0,1800.0057534246578
2026-03-08,248173261,61,2.0,59.0,1714.9947540983605
2026-03-08,248591628,12,1.0,11.0,1764.6666666666667
2026-03-08,248591629,10,1.0,9.0,1974.0
2026-03-08,248639013,105,3.0,102.0,1614.9510280373834
2026-03-08,248639014,8,0.0,8.0,1959.375
2026-03-08,251889892,1,0.0,1.0,1702.0
2026-03-08,251889894,15,1.0,14.0,1673.411875
2026-03-08,253236688,9,0.0,9.0,1583.9855555555555
2026-03-08,253237666,11,0.0,11.0,1691.25
2026-03-08,258850894,1,0.0,1.0,666.0
2026-03-08,262595711,1,0.0,1.0,1116.0
2026-03-08,278278778,12,0.0,12.0,1815.0
2026-03-08,278837544,1,0.0,1.0,1012.0
2026-03-08,278837827,1,0.0,1.0,918.0
2026-03-08,286985384,3,0.0,3.0,1659.9466666666667
2026-03-08,286985385,6,0.0,6.0,1660.0
2026-03-08,296818633,5,0.0,5.0,937.8
2026-03-08,300294506,3,0.0,3.0,1912.8633333333335
2026-03-08,300294507,2,0.0,2.0,1742.0
2026-03-08,331575070,14,0.0,14.0,1088.4878571428571
2026-03-08,331575073,12,0.0,12.0,1110.25
2026-03-08,331575074,9,0.0,9.0,1100.0
2026-03-08,331575075,8,1.0,7.0,1114.7649999999999
2026-03-08,337308569,4,0.0,4.0,1699.8725
2026-03-08,366760796,3,0.0,3.0,1107.0
2026-03-08,366760798,2,0.0,2.0,1123.0
2026-03-08,366813884,14,1.0,13.0,979.0413333333332
2026-03-08,366813885,4,0.0,4.0,1075.0
2026-03-08,366822996,1,0.0,1.0,1086.0
2026-03-08,377242345,1,0.0,1.0,1134.0
2026-03-08,377242549,1,0.0,1.0,1503.0
2026-03-08,384494968,5,0.0,5.0,1250.0
2026-03-08,444461581,55,2.0,53.0,1735.394909090909
2026-03-08,462870185,4,0.0,4.0,1700.9875
2026-03-08,462870186,6,0.0,6.0,1829.0
2026-03-08,467007550,18,0.0,18.0,1556.5059999999999
2026-03-08,468506772,4,0.0,4.0,1677.75
2026-03-08,468506773,5,0.0,5.0,1876.2
2026-03-08,471342171,8,0.0,8.0,3690.43125
2026-03-08,474397318,86,1.0,85.0,1734.826091954023
2026-03-08,474629420,33,1.0,32.0,1659.7058823529412
2026-03-08,475748707,35,1.0,34.0,1920.9879411764705
2026-03-08,475759397,26,3.0,23.0,1854.0048
2026-03-08,488493915,5,0.0,5.0,3332.0
2026-03-08,504801009,14,0.0,14.0,828.6185714285714
2026-03-08,516856408,30,3.0,27.0,2481.6
2026-03-08,528912182,1,0.0,1.0,876.0
2026-03-08,541096165,10,2.0,8.0,2478.0
2026-03-08,541096167,41,1.0,40.0,1726.8292682926829
2026-03-08,549254419,1,0.0,1.0,1577.04
2026-03-08,585840779,1,0.0,1.0,931.0
2026-03-08,649988707,3,0.0,3.0,1800.0
2026-03-08,681642682,5,0.0,5.0,1750.0
2026-03-08,715890126,5,0.0,5.0,1400.0
2026-03-08,715890127,3,0.0,3.0,1440.0
2026-03-08,715890128,3,0.0,3.0,1560.0
2026-03-08,715890129,2,0.0,2.0,1560.0
2026-03-08,724729234,1,0.0,1.0,1640.0
2026-03-08,732543825,2,0.0,2.0,1650.0
2026-03-08,732543827,5,0.0,5.0,1700.0
2026-03-08,732543829,1,0.0,1.0,1750.0
2026-03-08,756653629,4,2.0,2.0,2212.5
2026-03-08,759970497,6,0.0,6.0,1300.0
2026-03-08,760169672,4,0.0,4.0,1500.0
2026-03-08,760169673,1,0.0,1.0,1550.0
2026-03-08,760169674,1,0.0,1.0,1700.0
2026-03-08,760169675,2,0.0,2.0,1550.0
2026-03-08,760169676,4,0.0,4.0,1650.0
2026-03-08,760323301,15,0.0,15.0,1846.6626666666666
2026-03-08,760323302,1,0.0,1.0,2450.0
2026-03-08,760323303,2,0.0,2.0,2400.0
2026-03-08,760323304,1,0.0,1.0,1950.0
2026-03-08,760323305,4,0.0,4.0,2462.5
2026-03-08,760323306,6,1.0,5.0,2550.0
2026-03-08,760323307,9,0.0,9.0,2172.23
2026-03-08,775902154,9,0.0,9.0,1100.0
2026-03-08,775902155,7,0.0,7.0,1000.0
2026-03-08,775902156,4,0.0,4.0,1000.0
2026-03-08,775902157,3,0.0,3.0,1000.0
2026-03-08,775902158,3,0.0,3.0,1000.0
2026-03-08,775902160,4,0.0,4.0,1000.0
2026-03-08,783403723,13,0.0,13.0,2007.6884615384615
2026-03-08,783403724,2,0.0,2.0,2300.0
2026-03-08,783403725,6,0.0,6.0,2408.32
2026-03-08,788921071,9,2.0,7.0,1916.6666666666667
2026-03-08,788921072,3,1.0,2.0,1900.0
2026-03-08,788921073,5,4.0,1.0,1960.0
2026-03-08,788940601,2,0.0,2.0,3149.99
2026-03-08,788940602,3,0.0,3.0,3183.3333333333335
2026-03-08,788940603,7,0.0,7.0,3350.0
2026-03-08,788940604,2,0.0,2.0,3100.0
2026-03-08,788946367,9,2.0,7.0,2016.6333333333334
2026-03-08,789090595,3,1.0,2.0,1799.96
2026-03-08,789090596,1,0.0,1.0,1750.0
2026-03-08,789090597,7,1.0,6.0,1857.142857142857
2026-03-08,789090598,1,1.0,0.0,1750.0
2026-03-08,790500903,12,0.0,12.0,1800.0
2026-03-08,790500904,5,1.0,4.0,1650.0
2026-03-08,790500905,8,0.0,8.0,1650.0
2026-03-08,790943351,1,0.0,1.0,1440.0
2026-03-08,790943352,4,0.0,4.0,1500.0
2026-03-08,796326738,1,0.0,1.0,1080.0
2026-03-08,796420740,3,0.0,3.0,720.1933333333333
2026-03-08,796420741,5,0.0,5.0,760.0
2026-03-08,796583762,2,0.0,2.0,2200.0
2026-03-08,796583763,2,0.0,2.0,2125.0
2026-03-08,800256398,4,0.0,4.0,3050.0
2026-03-08,800270333,3,0.0,3.0,3500.0
2026-03-08,800270334,13,1.0,12.0,3450.0
2026-03-08,806630258,5,0.0,5.0,1160.0
2026-03-08,847993702,1,0.0,1.0,1450.0
2026-03-09,218467926,1,0.0,1.0,1015.0
2026-03-09,219033581,3,0.0,3.0,1264.5
2026-03-09,220783118,3,0.0,3.0,1827.8733333333332
2026-03-09,220783128,9,0.0,9.0,1520.0
2026-03-09,220796910,4,0.0,4.0,1055.0
2026-03-09,220796916,25,0.0,25.0,1138.4603846153846
2026-03-09,220796924,25,0.0,25.0,1085.0
2026-03-09,220796932,13,0.0,13.0,989.0
2026-03-09,221216505,3,0.0,3.0,1703.0
2026-03-09,221216935,1,1.0,0.0,1697.0
2026-03-09,221217363,12,0.0,12.0,1113.2307692307693
2026-03-09,223302777,3,0.0,3.0,1239.0
2026-03-09,223615358,6,0.0,6.0,1622.0
2026-03-09,225505021,4,0.0,4.0,377.25
2026-03-09,247803775,5,3.0,2.0,1272.9
2026-03-09,247803776,20,1.0,19.0,1286.5104999999999
2026-03-09,248166626,77,1.0,76.0,1754.4356962025317
2026-03-09,248173261,61,4.0,57.0,1687.3367741935485
2026-03-09,248591628,22,4.0,18.0,1779.0181818181818
2026-03-09,248591629,7,0.0,7.0,1902.0
2026-03-09,248639013,104,4.0,100.0,1642.30125
2026-03-09,248639014,11,1.0,10.0,1950.010909090909
2026-03-09,251889892,5,0.0,5.0,1702.518
2026-03-09,251889894,17,4.0,13.0,1685.8100000000002
2026-03-09,253236688,5,0.0,5.0,1319.9766666666667
2026-03-09,253237666,5,0.0,5.0,1844.982
2026-03-09,258834337,1,0.0,1.0,956.0
2026-03-09,258836990,1,0.0,1.0,1052.0
2026-03-09,262595711,1,0.0,1.0,1116.0
2026-03-09,278278778,8,0.0,8.0,1815.0
2026-03-09,286985384,4,0.0,4.0,1660.0
2026-03-09,286985385,7,0.0,7.0,1659.9857142857143
2026-03-09,296818633,4,0.0,4.0,843.0
2026-03-09,300294506,1,1.0,0.0,1913.0
2026-03-09,300294507,7,0.0,7.0,1524.25
2026-03-09,315032004,1,0.0,1.0,1467.0
2026-03-09,331575070,14,2.0,12.0,1081.5
2026-03-09,331575073,5,1.0,4.0,1107.8
2026-03-09,331575074,10,0.0,10.0,1089.009
2026-03-09,331575075,9,2.0,7.0,1112.2222222222222
2026-03-09,337308569,5,1.0,4.0,1700.0
2026-03-09,366760796,5,0.0,5.0,1107.0
2026-03-09,366760798,5,0.0,5.0,1099.0
2026-03-09,366813879,1,0.0,1.0,952.0
2026-03-09,366813884,16,1.0,15.0,1048.846875
2026-03-09,366813885,7,0.0,7.0,1075.0
2026-03-09,366822992,1,0.0,1.0,1147.0
2026-03-09,366822996,1,0.0,1.0,1086.0
2026-03-09,384494968,3,0.0,3.0,1250.0
2026-03-09,444461581,67,0.0,67.0,1765.7505970149252
2026-03-09,462870185,10,1.0,9.0,1741.482
2026-03-09,462870186,8,0.0,8.0,1711.03125
2026-03-09,467007550,14,0.0,14.0,1720.7721428571429
2026-03-09,468506772,3,0.0,3.0,1645.3333333333333
2026-03-09,468506773,3,0.0,3.0,2151.0
2026-03-09,471342171,9,0.0,9.0,3673.48
2026-03-09,474397318,93,3.0,90.0,1700.165
2026-03-09,474629420,36,2.0,34.0,1710.0241666666668
2026-03-09,475748707,37,2.0,35.0,1920.9905405405405
2026-03-09,475759397,34,3.0,31.0,1853.999117647059
2026-03-09,488493915,5,0.0,5.0,2776.6666666666665
2026-03-09,504801009,15,0.0,15.0,820.022
2026-03-09,516856408,26,2.0,24.0,2505.4615384615386
2026-03-09,528912186,1,0.0,1.0,832.0
2026-03-09,541096165,5,0.0,5.0,2477.982
2026-03-09,541096166,1,0.0,1.0,2700.0
2026-03-09,541096167,18,1.0,17.0,1780.0383333333332
2026-03-09,649988707,7,0.0,7.0,1575.0
2026-03-09,681642682,7,0.0,7.0,1750.0
2026-03-09,715890126,8,0.0,8.0,1399.9975
2026-03-09,715890127,5,0.0,5.0,1440.0
2026-03-09,715890128,2,0.0,2.0,1560.0
2026-03-09,715890129,1,0.0,1.0,1560.0
2026-03-09,724729234,2,0.0,2.0,1640.0
2026-03-09,732543825,4,0.0,4.0,1650.0
2026-03-09,732543827,3,0.0,3.0,1700.0
2026-03-09,732543829,8,0.0,8.0,1750.0
2026-03-09,756653629,5,1.0,4.0,2160.0
2026-03-09,759970497,1,0.0,1.0,1300.0
2026-03-09,760169674,1,0.0,1.0,1700.0
2026-03-09,760169675,1,0.0,1.0,1550.0
2026-03-09,760169676,4,0.0,4.0,1650.0
2026-03-09,760323301,12,0.0,12.0,1837.5
2026-03-09,760323302,2,1.0,1.0,2450.0
2026-03-09,760323303,2,0.0,2.0,2400.0
2026-03-09,760323304,6,1.0,5.0,2316.6666666666665
2026-03-09,760323305,12,2.0,10.0,2500.0091666666667
2026-03-09,760323306,6,1.0,5.0,2550.0
2026-03-09,760323307,4,0.0,4.0,2062.5
2026-03-09,775902154,12,0.0,12.0,1100.0
2026-03-09,775902155,6,0.0,6.0,1000.015
2026-03-09,775902156,1,0.0,1.0,1000.0
2026-03-09,775902157,4,0.0,4.0,1000.0
2026-03-09,775902158,5,0.0,5.0,1000.0
2026-03-09,775902160,4,0.0,4.0,1000.0
2026-03-09,783403723,17,0.0,17.0,2008.8235294117646
2026-03-09,783403724,3,0.0,3.0,2200.0
2026-03-09,783403725,3,0.0,3.0,2450.0
2026-03-09,788921071,7,0.0,7.0,1992.8514285714284
2026-03-09,788921072,3,1.0,2.0,1900.0
2026-03-09,788921073,9,0.0,9.0,2022.2222222222222
2026-03-09,788940601,5,0.0,5.0,3160.0
2026-03-09,788940602,4,0.0,4.0,3125.0
2026-03-09,788940603,5,0.0,5.0,3350.0
2026-03-09,788940604,3,0.0,3.0,3150.0
2026-03-09,788946367,6,1.0,5.0,1975.0
2026-03-09,789090595,3,0.0,3.0,1800.0
2026-03-09,789090596,1,0.0,1.0,1749.53
2026-03-09,789090598,1,0.0,1.0,1750.0
2026-03-09,790500903,5,0.0,5.0,1830.0
2026-03-09,790500904,21,2.0,19.0,1673.8095238095239
2026-03-09,790500905,18,0.0,18.0,1649.9677777777777
2026-03-09,790943351,1,0.0,1.0,1440.0
2026-03-09,790943352,2,0.0,2.0,1520.0
2026-03-09,796420740,1,0.0,1.0,800.0
2026-03-09,796420741,2,0.0,2.0,680.0
2026-03-09,796583762,4,0.0,4.0,2187.5
2026-03-09,796583763,2,0.0,2.0,2100.0
2026-03-09,800256398,7,0.0,7.0,3050.0
2026-03-09,800270333,4,0.0,4.0,3499.9925
2026-03-09,800270334,6,1.0,5.0,3466.6666666666665
2026-03-09,806630258,8,0.0,8.0,1031.1677777777777
2026-03-09,818305600,1,0.0,1.0,1400.0
2026-03-09,847993701,1,0.0,1.0,1425.0
2026-03-10,218467926,1,0.0,1.0,1015.0
2026-03-10,219033581,2,0.0,2.0,1686.0
2026-03-10,220783118,3,0.0,3.0,1828.0
2026-03-10,220783128,9,0.0,9.0,1519.9855555555555
2026-03-10,220783129,1,0.0,1.0,1732.0
2026-03-10,220796910,3,0.0,3.0,1055.0
2026-03-10,220796916,16,0.0,16.0,1183.99875
2026-03-10,220796924,17,0.0,17.0,1085.0
2026-03-10,220796932,11,0.0,11.0,906.5833333333334
2026-03-10,221216505,4,0.0,4.0,1702.9524999999999
2026-03-10,221216935,2,0.0,2.0,1697.0
2026-03-10,221217363,13,1.0,12.0,1205.996923076923
2026-03-10,223302777,3,0.0,3.0,1239.0
2026-03-10,223615358,1,0.0,1.0,1622.0
2026-03-10,225505021,6,0.0,6.0,371.5
2026-03-10,247803775,19,0.0,19.0,1309.6842105263158
2026-03-10,247803776,14,0.0,14.0,1287.2392857142856
2026-03-10,248166626,106,2.0,104.0,1800.0032075471697
2026-03-10,248173261,59,4.0,55.0,1715.011186440678
2026-03-10,248591628,18,5.0,13.0,1772.8916666666667
2026-03-10,248591629,12,0.0,12.0,1925.0
2026-03-10,248639013,150,4.0,146.0,1613.4322368421053
2026-03-10,248639014,11,1.0,10.0,1950.0
2026-03-10,251888991,1,0.0,1.0,731.0
2026-03-10,251889892,5,2.0,3.0,1702.0
2026-03-10,251889894,10,2.0,8.0,1785.0
2026-03-10,253236688,11,0.0,11.0,1451.9966666666667
2026-03-10,253237666,9,1.0,8.0,1660.4919999999997
2026-03-10,258834337,4,0.0,4.0,239.0
2026-03-10,258834339,1,0.0,1.0,1118.0
2026-03-10,258850894,3,0.0,3.0,222.01
2026-03-10,262596137,1,0.0,1.0,879.0
2026-03-10,278278778,11,0.0,11.0,1815.0
2026-03-10,278837827,1,0.0,1.0,918.0
2026-03-10,286985384,10,0.0,10.0,1660.0
2026-03-10,286985385,10,1.0,9.0,1660.0
2026-03-10,296818633,4,0.0,4.0,843.0
2026-03-10,300294506,1,0.0,1.0,1913.0
2026-03-10,300294507,6,0.0,6.0,1742.0
2026-03-10,316614614,1,0.0,1.0,507.0
2026-03-10,331575070,9,3.0,6.0,1078.0
2026-03-10,331575073,4,0.0,4.0,1110.25
2026-03-10,331575074,11,0.0,11.0,1006.5058333333333
2026-03-10,331575075,11,1.0,10.0,1092.0
2026-03-10,337308569,4,0.0,4.0,1700.0
2026-03-10,366760796,4,0.0,4.0,1086.5
2026-03-10,366760798,2,0.0,2.0,1123.0
2026-03-10,366813884,11,0.0,11.0,1049.0
2026-03-10,366813885,14,0.0,14.0,1075.0
2026-03-10,370413854,1,0.0,1.0,1424.0
2026-03-10,377242549,1,0.0,1.0,1503.0
2026-03-10,384494968,4,0.0,4.0,1250.0
2026-03-10,384494969,1,0.0,1.0,1260.0
2026-03-10,412079857,1,0.0,1.0,546.0
2026-03-10,444461581,56,3.0,53.0,1772.4664285714284
2026-03-10,462870185,6,0.0,6.0,1768.5
2026-03-10,462870186,16,1.0,15.0,1696.24375
2026-03-10,467007550,16,1.0,15.0,1711.875
2026-03-10,468506772,9,0.0,9.0,1707.89
2026-03-10,468506773,2,0.0,2.0,1692.77
2026-03-10,471342171,10,1.0,9.0,3745.3910000000005
2026-03-10,474397318,106,5.0,101.0,1721.8908490566037
2026-03-10,474629420,41,3.0,38.0,1669.2819047619046
2026-03-10,475748707,52,2.0,50.0,1920.993269230769
2026-03-10,475759397,34,1.0,33.0,1853.9997058823528
2026-03-10,488493915,7,0.0,7.0,3331.9742857142855
2026-03-10,504801009,18,0.0,18.0,816.665
2026-03-10,516856408,28,0.0,28.0,2517.4303571428572
2026-03-10,541096165,7,1.0,6.0,2478.0
2026-03-10,541096166,1,0.0,1.0,2700.0
2026-03-10,541096167,18,1.0,17.0,1753.332777777778
2026-03-10,549254419,1,0.0,1.0,0.0
2026-03-10,585840783,1,0.0,1.0,800.0
2026-03-10,649988707,5,0.0,5.0,1800.0
2026-03-10,681642682,6,0.0,6.0,1750.0
2026-03-10,715890126,5,0.0,5.0,1400.262
2026-03-10,715890127,4,0.0,4.0,1440.0
2026-03-10,715890128,2,0.0,2.0,1560.0
2026-03-10,715890129,1,0.0,1.0,1560.0
2026-03-10,724729234,2,0.0,2.0,1640.0
2026-03-10,732543825,6,0.0,6.0,1650.0
2026-03-10,732543827,2,0.0,2.0,1700.28
2026-03-10,732543829,6,0.0,6.0,1750.0
2026-03-10,756653629,6,0.0,6.0,2250.0
2026-03-10,759970497,2,0.0,2.0,1300.0
2026-03-10,760169672,2,0.0,2.0,1500.0
2026-03-10,760169673,4,0.0,4.0,1550.0
2026-03-10,760169674,1,0.0,1.0,1700.0
2026-03-10,760169675,2,0.0,2.0,1550.0
2026-03-10,760169676,4,0.0,4.0,1650.0
2026-03-10,760323301,22,0.0,22.0,1736.9586956521741
2026-03-10,760323302,3,0.0,3.0,2450.0
2026-03-10,760323303,3,0.0,3.0,2400.0
2026-03-10,760323304,1,0.0,1.0,2500.0
2026-03-10,760323305,1,1.0,0.0,2500.0
2026-03-10,760323306,10,0.0,10.0,2549.987
2026-03-10,760323307,6,0.0,6.0,2008.3333333333333
2026-03-10,775902154,14,0.0,14.0,1100.0035714285714
2026-03-10,775902155,3,0.0,3.0,1000.0
2026-03-10,775902156,4,1.0,3.0,1000.0
2026-03-10,775902157,5,0.0,5.0,1000.0
2026-03-10,775902158,6,0.0,6.0,1000.0
2026-03-10,775902160,5,0.0,5.0,1000.0
2026-03-10,783403723,17,0.0,17.0,2055.895294117647
2026-03-10,783403724,5,0.0,5.0,2300.0
2026-03-10,783403725,6,1.0,5.0,2408.3416666666667
2026-03-10,788921071,8,0.0,8.0,1999.96375
2026-03-10,788921072,4,0.0,4.0,1900.0
2026-03-10,788921073,12,2.0,10.0,2041.6666666666667
2026-03-10,788940601,2,0.0,2.0,3200.1949999999997
2026-03-10,788940602,6,0.0,6.0,3125.0166666666664
2026-03-10,788940603,3,0.0,3.0,3316.6666666666665
2026-03-10,788940604,5,0.0,5.0,2567.015
2026-03-10,788946367,6,3.0,3.0,2016.6666666666667
2026-03-10,789090595,4,0.0,4.0,1837.5
2026-03-10,789090596,4,0.0,4.0,1700.0
2026-03-10,789090597,12,0.0,12.0,1887.5366666666666
2026-03-10,789090598,1,0.0,1.0,1800.0
2026-03-10,790500903,8,0.0,8.0,1887.5
2026-03-10,790500904,11,1.0,10.0,1681.8127272727272
2026-03-10,790500905,25,0.0,25.0,1669.9692000000002
2026-03-10,796420740,6,0.0,6.0,733.2800000000001
2026-03-10,796420741,2,0.0,2.0,760.0
2026-03-10,796583762,3,0.0,3.0,1637.5
2026-03-10,796583763,2,0.0,2.0,2100.0
2026-03-10,800256398,6,0.0,6.0,2614.285714285714
2026-03-10,800270333,5,0.0,5.0,3499.9839999999995
2026-03-10,800270334,17,3.0,14.0,3473.5223529411765
2026-03-10,806630258,4,0.0,4.0,1159.99
2026-03-10,818305600,1,0.0,1.0,1400.0
2026-03-10,847993701,2,0.0,2.0,1425.0
2026-03-10,850497739,1,0.0,1.0,1500.0
2026-03-11,218467926,5,1.0,4.0,1015.0
2026-03-11,219033581,5,0.0,5.0,1686.0
2026-03-11,220783118,7,0.0,7.0,1828.0
2026-03-11,220783121,1,0.0,1.0,2090.0
2026-03-11,220783128,18,0.0,18.0,1520.0016666666666
2026-03-11,220783129,1,0.0,1.0,1732.0
2026-03-11,220796910,5,0.0,5.0,1055.0
2026-03-11,220796916,21,1.0,20.0,1130.1959090909093
2026-03-11,220796924,17,0.0,17.0,1024.7577777777778
2026-03-11,220796932,7,0.0,7.0,989.0
2026-03-11,221216505,2,0.0,2.0,1703.0
2026-03-11,221216935,1,0.0,1.0,1697.0
2026-03-11,221217363,14,0.0,14.0,1194.0628571428572
2026-03-11,223302777,1,0.0,1.0,1239.0
2026-03-11,223615358,2,0.0,2.0,1622.0
2026-03-11,225505021,7,0.0,7.0,363.29285714285714
2026-03-11,247803775,24,0.0,24.0,1175.0384615384614
2026-03-11,247803776,30,0.0,30.0,1286.039
2026-03-11,248166626,88,6.0,82.0,1800.0010227272726
2026-03-11,248173261,62,3.0,59.0,1688.9801587301588
2026-03-11,248591628,17,1.0,16.0,1771.7864705882353
2026-03-11,248591629,6,1.0,5.0,1904.0
2026-03-11,248639013,132,3.0,129.0,1618.2131343283581
2026-03-11,248639014,6,0.0,6.0,1952.5
2026-03-11,251889892,5,2.0,3.0,1702.0
2026-03-11,251889894,8,0.0,8.0,1785.0
2026-03-11,253236688,7,0.0,7.0,1584.0
2026-03-11,253237666,3,1.0,2.0,1845.0
2026-03-11,258834337,1,0.0,1.0,956.0
2026-03-11,278278778,9,0.0,9.0,1814.9977777777776
2026-03-11,286985384,9,0.0,9.0,1660.0222222222224
2026-03-11,286985385,6,0.0,6.0,1660.0
2026-03-11,296818633,10,0.0,10.0,842.992
2026-03-11,300294506,6,0.0,6.0,1925.5
2026-03-11,300294507,2,0.0,2.0,1742.0
2026-03-11,316614614,1,0.0,1.0,507.0
2026-03-11,331575070,8,0.0,8.0,1078.0
2026-03-11,331575073,8,0.0,8.0,1104.0075
2026-03-11,331575074,10,0.0,10.0,1108.809
2026-03-11,331575075,13,2.0,11.0,1120.0
2026-03-11,337308569,7,0.0,7.0,1700.0
2026-03-11,366760796,6,2.0,4.0,1107.0
2026-03-11,366760798,1,0.0,1.0,1123.0
2026-03-11,366813884,10,1.0,9.0,1048.902
2026-03-11,366813885,8,1.0,7.0,1075.0
2026-03-11,377242345,1,0.0,1.0,1134.0
2026-03-11,377242549,1,0.0,1.0,1503.0
2026-03-11,384494968,3,1.0,2.0,1249.9933333333333
2026-03-11,444461581,60,6.0,54.0,1772.4926666666665
2026-03-11,451093486,2,0.0,2.0,1476.0
2026-03-11,453167037,1,0.0,1.0,774.0
2026-03-11,462870185,8,1.0,7.0,1837.875
2026-03-11,462870186,17,1.0,16.0,1568.6776470588236
2026-03-11,467007550,14,1.0,13.0,1591.3333333333333
2026-03-11,468506772,5,2.0,3.0,1862.0
2026-03-11,468506773,2,0.0,2.0,1922.0
2026-03-11,471342171,5,0.0,5.0,3733.2
2026-03-11,474397318,112,7.0,105.0,1755.5284821428572
2026-03-11,474629420,64,3.0,61.0,1710.01171875
2026-03-11,475748707,28,6.0,22.0,1920.9692857142857
2026-03-11,475759397,40,5.0,35.0,1808.7831707317073
2026-03-11,488493915,7,0.0,7.0,3332.0
2026-03-11,504801009,12,0.0,12.0,799.9925
2026-03-11,516856408,27,1.0,26.0,2552.0
2026-03-11,528912186,1,0.0,1.0,416.0
2026-03-11,541096165,10,1.0,9.0,2478.0
2026-03-11,541096167,22,0.0,22.0,1695.6521739130435
2026-03-11,549254419,2,1.0,1.0,1578.0
2026-03-11,585840783,1,0.0,1.0,800.0
2026-03-11,649988707,8,0.0,8.0,1800.00375
2026-03-11,681642682,5,1.0,4.0,1750.0
2026-03-11,715890126,4,0.0,4.0,1400.0
2026-03-11,715890127,2,0.0,2.0,1440.0
2026-03-11,715890128,2,0.0,2.0,1560.0
2026-03-11,715890129,1,1.0,0.0,1560.0
2026-03-11,732543825,1,1.0,0.0,1650.0
2026-03-11,732543827,1,0.0,1.0,1724.11
2026-03-11,732543829,7,0.0,7.0,1531.25
2026-03-11,756653629,2,0.0,2.0,2250.0
2026-03-11,759970497,3,0.0,3.0,1300.01
2026-03-11,760169672,3,0.0,3.0,1500.3533333333332
2026-03-11,760169675,1,0.0,1.0,1551.04
2026-03-11,760169676,2,0.0,2.0,1650.0
2026-03-11,760323301,23,0.0,23.0,1786.9613043478262
2026-03-11,760323302,3,1.0,2.0,2450.0
2026-03-11,760323303,2,0.0,2.0,2400.0
2026-03-11,760323304,4,0.0,4.0,2500.0
2026-03-11,760323305,2,1.0,1.0,2500.0
2026-03-11,760323306,6,1.0,5.0,2550.0
2026-03-11,760323307,13,0.0,13.0,1825.0
2026-03-11,775902154,14,0.0,14.0,1099.9935714285714
2026-03-11,775902155,3,0.0,3.0,1000.0
2026-03-11,775902156,1,1.0,0.0,1000.0
2026-03-11,775902157,4,1.0,3.0,1000.0
2026-03-11,775902158,4,0.0,4.0,1000.0225
2026-03-11,775902160,9,0.0,9.0,900.0
2026-03-11,783403723,20,3.0,17.0,2055.0
2026-03-11,783403724,1,0.0,1.0,2300.0
2026-03-11,783403725,4,0.0,4.0,2450.0125
2026-03-11,788921071,10,0.0,10.0,2030.0
2026-03-11,788921072,5,0.0,5.0,1900.018
2026-03-11,788921073,8,2.0,6.0,2037.5
2026-03-11,788940601,3,0.0,3.0,3100.0
2026-03-11,788940602,11,0.0,11.0,3118.2072727272725
2026-03-11,788940603,11,0.0,11.0,3313.6363636363635
2026-03-11,788940604,6,1.0,5.0,3058.3333333333335
2026-03-11,788946367,3,0.0,3.0,2050.0
2026-03-11,789090595,6,0.0,6.0,1800.0
2026-03-11,789090596,8,0.0,8.0,1668.75
2026-03-11,789090597,10,1.0,9.0,1870.0
2026-03-11,789090598,5,0.0,5.0,1749.9919999999997
2026-03-11,790500903,7,0.0,7.0,2007.142857142857
2026-03-11,790500904,8,0.0,8.0,1768.76125
2026-03-11,790500905,16,1.0,15.0,1693.813125
2026-03-11,790943351,2,0.0,2.0,1440.0
2026-03-11,796326738,2,0.0,2.0,1040.0
2026-03-11,796420740,2,0.0,2.0,760.0
2026-03-11,796583762,1,0.0,1.0,2250.0
2026-03-11,796583763,3,0.0,3.0,2100.0
2026-03-11,800256398,10,0.0,10.0,2818.181818181818
2026-03-11,800270333,3,0.0,3.0,3500.0
2026-03-11,800270334,15,0.0,15.0,3583.300666666667
2026-03-11,806630258,9,0.0,9.0,1160.0
2026-03-11,847993701,1,0.0,1.0,1425.0
2026-03-11,850497739,1,0.0,1.0,1500.0
2026-03-12,218467926,6,0.0,6.0,761.25
2026-03-12,219033581,8,0.0,8.0,1686.0
2026-03-12,219037028,2,0.0,2.0,1886.0
2026-03-12,220783118,7,0.0,7.0,1828.0
2026-03-12,220783128,4,0.0,4.0,1520.0
2026-03-12,220796910,6,0.0,6.0,1054.9733333333334
2026-03-12,220796916,25,1.0,24.0,1184.0016
2026-03-12,220796924,18,0.0,18.0,1085.0
2026-03-12,220796932,12,0.0,12.0,912.9230769230769
2026-03-12,221217363,17,0.0,17.0,1206.0
2026-03-12,223302777,3,0.0,3.0,1239.0
2026-03-12,223615358,4,0.0,4.0,1622.0
2026-03-12,225505021,11,0.0,11.0,362.09090909090907
2026-03-12,247803775,30,0.0,30.0,1272.9166666666667
2026-03-12,247803776,19,1.0,18.0,1220.7604999999999
2026-03-12,248166626,108,1.0,107.0,1783.48623853211
2026-03-12,248173261,76,4.0,72.0,1731.0023684210526
2026-03-12,248591628,17,0.0,17.0,1784.6311764705881
2026-03-12,248591629,13,1.0,12.0,1896.4615384615386
2026-03-12,248639013,171,2.0,169.0,1646.7477906976744
2026-03-12,248639014,7,0.0,7.0,1980.0
2026-03-12,251889892,7,1.0,6.0,1702.0685714285714
2026-03-12,251889894,16,0.0,16.0,1785.0
2026-03-12,253236688,14,0.0,14.0,1583.99
2026-03-12,253237666,1,0.0,1.0,1845.0
2026-03-12,258834337,1,0.0,1.0,956.0
2026-03-12,258836990,1,0.0,1.0,1052.0
2026-03-12,262595711,1,0.0,1.0,1116.0
2026-03-12,278278778,8,0.0,8.0,1814.94875
2026-03-12,278837827,1,0.0,1.0,918.0
2026-03-12,286985384,10,0.0,10.0,1509.090909090909
2026-03-12,286985385,10,0.0,10.0,1659.988
2026-03-12,296818633,5,0.0,5.0,843.0
2026-03-12,300294506,7,0.0,7.0,1945.142857142857
2026-03-12,300294507,1,2.0,-1.0,1742.0
2026-03-12,331575070,15,0.0,15.0,1059.625
2026-03-12,331575073,9,0.0,9.0,1098.0
2026-03-12,331575074,14,0.0,14.0,1117.2985714285714
2026-03-12,331575075,15,0.0,15.0,1122.3333333333333
2026-03-12,337308569,4,1.0,3.0,1699.8425
2026-03-12,337309667,1,0.0,1.0,1177.0
2026-03-12,366760796,8,0.0,8.0,1106.9925
2026-03-12,366760798,4,1.0,3.0,1123.0
2026-03-12,366813884,10,0.0,10.0,1048.951
2026-03-12,366813885,9,0.0,9.0,1075.0
2026-03-12,370413854,2,0.0,2.0,1424.0
2026-03-12,384494968,6,0.0,6.0,1250.9966666666667
2026-03-12,412079857,1,0.0,1.0,546.0
2026-03-12,444461581,58,3.0,55.0,1791.6715517241378
2026-03-12,451093486,2,0.0,2.0,1312.0
2026-03-12,462870185,5,0.0,5.0,1895.8
2026-03-12,462870186,17,1.0,16.0,1801.2311764705883
2026-03-12,467007550,20,1.0,19.0,1705.0
2026-03-12,468506772,3,0.0,3.0,1775.3333333333333
2026-03-12,468506773,2,0.0,2.0,1693.0
2026-03-12,471342171,5,1.0,4.0,3733.2
2026-03-12,474397318,119,6.0,113.0,1755.0113445378151
2026-03-12,474629420,55,6.0,49.0,1718.184909090909
2026-03-12,475748707,37,2.0,35.0,1920.9905405405405
2026-03-12,475759397,42,1.0,41.0,1854.0
2026-03-12,488493915,13,0.0,13.0,3093.9514285714286
2026-03-12,504801009,17,1.0,16.0,755.5405555555556
2026-03-12,516856408,26,1.0,25.0,2551.1876923076925
2026-03-12,541096165,12,0.0,12.0,2477.985
2026-03-12,541096166,2,0.0,2.0,2700.0
2026-03-12,541096167,16,0.0,16.0,1785.0
2026-03-12,549254419,1,0.0,1.0,1578.0
2026-03-12,585840783,2,0.0,2.0,800.0
2026-03-12,649988707,3,1.0,2.0,1800.0
2026-03-12,681642682,5,0.0,5.0,1750.0
2026-03-12,715890126,5,0.0,5.0,1400.0
2026-03-12,715890127,2,0.0,2.0,1440.0
2026-03-12,715890128,3,0.0,3.0,1560.0
2026-03-12,715890129,2,0.0,2.0,1560.0
2026-03-12,724729234,2,0.0,2.0,1640.0
2026-03-12,732543825,2,0.0,2.0,1650.15
2026-03-12,732543827,1,1.0,0.0,1700.0
2026-03-12,732543829,12,0.0,12.0,1750.0
2026-03-12,756653629,5,2.0,3.0,2220.0
2026-03-12,759970497,3,1.0,2.0,1300.0
2026-03-12,760169676,3,0.0,3.0,1650.4666666666665
2026-03-12,760323301,25,0.0,25.0,1784.0004000000001
2026-03-12,760323302,2,0.0,2.0,2450.0
2026-03-12,760323303,5,0.0,5.0,2350.0
2026-03-12,760323304,3,0.0,3.0,2500.0
2026-03-12,760323305,3,1.0,2.0,2500.0
2026-03-12,760323306,14,1.0,13.0,2542.8571428571427
2026-03-12,760323307,15,2.0,13.0,1949.9913333333332
2026-03-12,775902154,14,0.0,14.0,1099.9871428571428
2026-03-12,775902155,3,0.0,3.0,1000.0
2026-03-12,775902156,2,0.0,2.0,1000.0
2026-03-12,775902157,2,0.0,2.0,1000.0
2026-03-12,775902158,6,1.0,5.0,857.1428571428571
2026-03-12,775902160,5,0.0,5.0,1000.0
2026-03-12,783403723,9,2.0,7.0,2116.6666666666665
2026-03-12,783403724,3,0.0,3.0,2300.0
2026-03-12,783403725,4,0.0,4.0,2450.0
2026-03-12,788921071,15,0.0,15.0,2009.9946666666665
2026-03-12,788921072,5,0.0,5.0,1900.0
2026-03-12,788921073,9,2.0,7.0,2033.3333333333333
2026-03-12,788940601,5,1.0,4.0,3100.0
2026-03-12,788940602,16,2.0,14.0,3103.1375
2026-03-12,788940603,2,1.0,1.0,3300.0
2026-03-12,788940604,5,0.0,5.0,3060.0
2026-03-12,788946367,8,0.0,8.0,2125.0
2026-03-12,789090595,4,1.0,3.0,1825.0
2026-03-12,789090596,4,0.0,4.0,1600.0
2026-03-12,789090597,3,0.0,3.0,1900.03
2026-03-12,789090598,10,0.0,10.0,1749.9959999999999
2026-03-12,790500903,4,0.0,4.0,1775.0
2026-03-12,790500904,9,0.0,9.0,1833.3333333333333
2026-03-12,790500905,8,1.0,7.0,1800.0
2026-03-12,790943351,2,0.0,2.0,1440.0
2026-03-12,790943352,1,0.0,1.0,1480.0
2026-03-12,796326738,2,0.0,2.0,1040.0
2026-03-12,796420740,5,0.0,5.0,784.0
2026-03-12,796420741,4,0.0,4.0,760.0
2026-03-12,796583762,2,0.0,2.0,2250.0
2026-03-12,800256398,3,0.0,3.0,3116.683333333333
2026-03-12,800270333,4,0.0,4.0,3500.0
2026-03-12,800270334,25,2.0,23.0,3529.9824
2026-03-12,806630258,6,0.0,6.0,1160.0
2026-03-13,218456964,1,0.0,1.0,902.0
2026-03-13,218467926,5,0.0,5.0,1015.0
2026-03-13,219033581,9,0.0,9.0,1686.0
2026-03-13,220783118,4,0.0,4.0,1828.0
2026-03-13,220783128,8,1.0,7.0,1520.0
2026-03-13,220783129,1,0.0,1.0,1732.0
2026-03-13,220796910,5,0.0,5.0,1055.0
2026-03-13,220796916,27,1.0,26.0,1184.0014814814815
2026-03-13,220796924,24,0.0,24.0,1085.0
2026-03-13,220796932,13,0.0,13.0,989.0
2026-03-13,221216505,1,0.0,1.0,851.5
2026-03-13,221217363,10,0.0,10.0,1205.99
2026-03-13,223302777,4,0.0,4.0,1239.0
2026-03-13,223611903,1,0.0,1.0,1680.0
2026-03-13,223615358,1,0.0,1.0,1622.0
2026-03-13,225505021,8,0.0,8.0,322.55555555555554
2026-03-13,247803775,31,3.0,28.0,1274.9019354838708
2026-03-13,247803776,20,1.0,19.0,1285.0405
2026-03-13,248166626,144,3.0,141.0,1775.345410958904
2026-03-13,248173261,82,2.0,80.0,1745.1226829268292
2026-03-13,248591628,27,2.0,25.0,1786.255925925926
2026-03-13,248591629,12,0.0,12.0,1869.006666666667
2026-03-13,248639013,165,3.0,162.0,1663.514787878788
2026-03-13,248639014,14,1.0,13.0,1976.0714285714287
2026-03-13,251889892,6,0.0,6.0,1702.0
2026-03-13,251889894,25,0.0,25.0,1785.0
2026-03-13,253236688,8,0.0,8.0,1583.98875
2026-03-13,253237666,7,0.0,7.0,1845.0
2026-03-13,258834337,1,0.0,1.0,956.0
2026-03-13,278278778,7,0.0,7.0,1815.0
2026-03-13,286985384,6,0.0,6.0,1660.0
2026-03-13,286985385,5,0.0,5.0,1660.0
2026-03-13,296818633,5,0.0,5.0,843.0
2026-03-13,300294506,5,0.0,5.0,1594.1666666666667
2026-03-13,300294507,4,0.0,4.0,1742.0
2026-03-13,331575070,12,2.0,10.0,1044.076923076923
2026-03-13,331575073,4,1.0,3.0,1147.5
2026-03-13,331575074,8,0.0,8.0,1001.01
2026-03-13,331575075,15,0.0,15.0,1074.9375
2026-03-13,337308569,7,0.0,7.0,1700.0
2026-03-13,366760796,9,0.0,9.0,1097.8822222222223
2026-03-13,366760798,4,0.0,4.0,1093.0
2026-03-13,366813884,15,1.0,14.0,1049.0
2026-03-13,366813885,6,0.0,6.0,1075.0466666666666
2026-03-13,366822996,1,0.0,1.0,1086.0
2026-03-13,370413854,2,0.0,2.0,1424.0
2026-03-13,377242345,1,0.0,1.0,1134.0
2026-03-13,384494968,3,0.0,3.0,1250.0
2026-03-13,444461581,81,5.0,76.0,1789.809259259259
2026-03-13,462870185,8,1.0,7.0,1893.75
2026-03-13,462870186,27,1.0,26.0,1697.8807407407407
2026-03-13,467007550,39,1.0,38.0,1705.0025641025643
2026-03-13,468506772,1,0.0,1.0,1862.0
2026-03-13,468506773,3,2.0,1.0,1998.3333333333333
2026-03-13,471342171,17,1.0,16.0,3782.133529411765
2026-03-13,474397318,151,7.0,144.0,1732.0653594771243
2026-03-13,474629420,50,3.0,47.0,1704.7054901960782
2026-03-13,475748707,51,2.0,49.0,1884.0509615384615
2026-03-13,475759397,35,1.0,34.0,1854.0002857142858
2026-03-13,488493915,6,0.0,6.0,3331.9533333333334
2026-03-13,504801009,13,0.0,13.0,800.0
2026-03-13,516856408,26,2.0,24.0,2573.998076923077
2026-03-13,516856409,1,0.0,1.0,1846.0
2026-03-13,541096165,6,2.0,4.0,2478.02
2026-03-13,541096167,20,0.0,20.0,1782.0
2026-03-13,549254419,1,0.0,1.0,1578.0
2026-03-13,649988707,3,0.0,3.0,1350.0
2026-03-13,681642682,3,0.0,3.0,1750.0
2026-03-13,715890126,6,0.0,6.0,1400.0
2026-03-13,715890127,4,0.0,4.0,1440.0
2026-03-13,715890128,1,0.0,1.0,1560.0
2026-03-13,724729234,2,0.0,2.0,1640.0
2026-03-13,732543825,6,0.0,6.0,1650.0
2026-03-13,732543827,3,0.0,3.0,1700.0
2026-03-13,732543829,7,0.0,7.0,1750.0
2026-03-13,756653629,6,0.0,6.0,2225.0
2026-03-13,759970497,3,0.0,3.0,1300.03
2026-03-13,760169672,5,0.0,5.0,1500.6200000000001
2026-03-13,760169673,5,0.0,5.0,1550.0
2026-03-13,760169674,1,0.0,1.0,1300.0
2026-03-13,760169675,3,0.0,3.0,1550.0
2026-03-13,760323301,26,0.0,26.0,1769.2326923076923
2026-03-13,760323302,8,1.0,7.0,2449.9725
2026-03-13,760323303,1,0.0,1.0,2400.0
2026-03-13,760323304,4,0.0,4.0,2250.0
2026-03-13,760323305,11,1.0,10.0,2500.0
2026-03-13,760323306,18,1.0,17.0,2538.8888888888887
2026-03-13,760323307,24,1.0,23.0,1958.3333333333333
2026-03-13,775902154,22,0.0,22.0,1052.1769565217392
2026-03-13,775902155,6,0.0,6.0,999.9533333333334
2026-03-13,775902156,2,0.0,2.0,1000.0
2026-03-13,775902157,11,0.0,11.0,1000.0081818181818
2026-03-13,775902158,6,0.0,6.0,1000.0
2026-03-13,775902160,10,0.0,10.0,1000.009
2026-03-13,783403723,18,1.0,17.0,1986.842105263158
2026-03-13,783403724,2,1.0,1.0,2300.0
2026-03-13,783403725,2,0.0,2.0,2450.0
2026-03-13,788921071,20,1.0,19.0,2020.0
2026-03-13,788921072,5,1.0,4.0,1900.0
2026-03-13,788921073,21,0.0,21.0,2066.6666666666665
2026-03-13,788940601,8,0.0,8.0,3100.0
2026-03-13,788940602,12,0.0,12.0,3133.3416666666667
2026-03-13,788940603,4,0.0,4.0,3275.0
2026-03-13,788940604,9,1.0,8.0,3072.2255555555553
2026-03-13,788946367,8,0.0,8.0,2100.0
2026-03-13,789090595,7,0.0,7.0,1807.142857142857
2026-03-13,789090596,11,0.0,11.0,1622.7272727272727
2026-03-13,789090597,11,0.0,11.0,1895.4627272727273
2026-03-13,789090598,6,0.0,6.0,1750.0
2026-03-13,790500903,7,0.0,7.0,1964.2857142857142
2026-03-13,790500904,9,0.0,9.0,1650.0970000000002
2026-03-13,790500905,14,1.0,13.0,1900.0
2026-03-13,790943351,1,0.0,1.0,1440.0
2026-03-13,790943352,5,0.0,5.0,1560.012
2026-03-13,796420740,2,0.0,2.0,800.0
2026-03-13,796420741,2,0.0,2.0,760.0
2026-03-13,796583762,1,0.0,1.0,2250.0
2026-03-13,796583763,2,0.0,2.0,2100.0
2026-03-13,800256397,2,0.0,2.0,3750.0
2026-03-13,800256398,11,2.0,9.0,3122.8563636363633
2026-03-13,800270333,8,1.0,7.0,3500.0
2026-03-13,800270334,9,2.0,7.0,3527.7633333333333
2026-03-13,806630258,9,0.0,9.0,1159.9955555555555
2026-03-13,818305600,1,0.0,1.0,1400.0
2026-03-13,847993701,2,0.0,2.0,1375.0
2026-03-13,850497739,3,0.0,3.0,1450.0
2026-03-14,218467926,4,0.0,4.0,1015.0
2026-03-14,219033581,3,0.0,3.0,1686.0
2026-03-14,219037028,1,0.0,1.0,1886.0
2026-03-14,220783118,2,0.0,2.0,1827.795
2026-03-14,220783121,1,0.0,1.0,2090.0
2026-03-14,220783128,5,0.0,5.0,1520.0
2026-03-14,220783129,2,0.0,2.0,1732.0
2026-03-14,220796910,5,0.0,5.0,1055.0
2026-03-14,220796916,18,0.0,18.0,1184.0
2026-03-14,220796924,17,0.0,17.0,1084.9988235294118
2026-03-14,220796932,11,0.0,11.0,989.0
2026-03-14,221216505,1,0.0,1.0,1703.0
2026-03-14,221216935,1,0.0,1.0,1697.0
2026-03-14,221217363,4,0.0,4.0,1206.105
2026-03-14,223302777,2,0.0,2.0,1239.0
2026-03-14,223615358,1,0.0,1.0,1622.0
2026-03-14,225505021,9,1.0,8.0,359.9844444444445
2026-03-14,247803775,46,0.0,46.0,1299.0854347826087
2026-03-14,247803776,39,1.0,38.0,1286.5784615384614
2026-03-14,248166626,168,5.0,163.0,1789.3491124260354
2026-03-14,248173261,67,3.0,64.0,1759.8059701492537
2026-03-14,248591628,17,1.0,16.0,1689.611111111111
2026-03-14,248591629,7,0.0,7.0,1854.0
2026-03-14,248639013,189,6.0,183.0,1650.6823560209425
2026-03-14,248639014,15,1.0,14.0,1950.6666666666667
2026-03-14,251889892,7,1.0,6.0,1702.0
2026-03-14,251889894,19,1.0,18.0,1785.0310526315789
2026-03-14,253236688,8,0.0,8.0,1584.01375
2026-03-14,253237666,7,0.0,7.0,1845.0
2026-03-14,258834337,1,0.0,1.0,956.0
2026-03-14,258836990,2,0.0,2.0,1052.1950000000002
2026-03-14,258850894,1,0.0,1.0,666.03
2026-03-14,262595711,1,0.0,1.0,1116.0
2026-03-14,262596137,1,0.0,1.0,879.0
2026-03-14,278278778,11,0.0,11.0,1815.0
2026-03-14,286985384,5,0.0,5.0,1660.0
2026-03-14,286985385,11,1.0,10.0,1521.6666666666667
2026-03-14,296818633,5,0.0,5.0,842.96
2026-03-14,300294506,4,1.0,3.0,1913.0
2026-03-14,300294507,6,0.0,6.0,1741.9283333333333
2026-03-14,315032004,2,0.0,2.0,1467.0
2026-03-14,331575070,14,0.0,14.0,1140.9971428571428
2026-03-14,331575073,11,0.0,11.0,1152.0
2026-03-14,331575074,18,0.0,18.0,1099.4147368421054
2026-03-14,331575075,8,1.0,7.0,1171.6325
2026-03-14,337308569,4,0.0,4.0,1700.0
2026-03-14,366760796,10,0.0,10.0,1107.0
2026-03-14,366760798,5,0.0,5.0,1099.0
2026-03-14,366813884,15,0.0,15.0,1048.9666666666667
2026-03-14,366813885,9,0.0,9.0,967.5
2026-03-14,370413854,2,0.0,2.0,1424.0
2026-03-14,377242549,1,0.0,1.0,1503.0
2026-03-14,384494968,3,0.0,3.0,1250.0
2026-03-14,412079855,1,0.0,1.0,540.0
2026-03-14,444461581,67,3.0,64.0,1801.3297014925372
2026-03-14,462870185,7,1.0,6.0,1851.652857142857
2026-03-14,462870186,28,0.0,28.0,1590.9662068965515
2026-03-14,462878720,3,0.0,3.0,1365.0
2026-03-14,467007550,30,5.0,25.0,1706.8333333333333
2026-03-14,468506772,3,0.0,3.0,1862.0
2026-03-14,468506773,2,0.0,2.0,2151.0
2026-03-14,471342171,10,1.0,9.0,3733.2
2026-03-14,474397318,159,3.0,156.0,1733.2003726708076
2026-03-14,474629420,62,3.0,59.0,1744.831129032258
2026-03-14,475748707,40,2.0,38.0,1920.98375
2026-03-14,475759397,55,5.0,50.0,1854.0049090909092
2026-03-14,488493915,7,0.0,7.0,3331.9657142857145
2026-03-14,504801009,16,2.0,14.0,752.9411764705883
2026-03-14,516856408,26,0.0,26.0,2449.3333333333335
2026-03-14,528912186,1,0.0,1.0,832.0
2026-03-14,541096165,14,0.0,14.0,2478.0
2026-03-14,541096167,15,0.0,15.0,1784.0
2026-03-14,549254419,1,0.0,1.0,1578.0
2026-03-14,649988707,6,1.0,5.0,1800.0
2026-03-14,681642682,4,0.0,4.0,1750.0
2026-03-14,715890126,3,0.0,3.0,1400.0
2026-03-14,715890127,12,0.0,12.0,1440.0
2026-03-14,715890129,1,0.0,1.0,1560.0
2026-03-14,724729234,2,0.0,2.0,1640.0
2026-03-14,732543825,2,0.0,2.0,1650.0
2026-03-14,732543827,3,0.0,3.0,1700.0
2026-03-14,732543829,11,0.0,11.0,1750.0
2026-03-14,756653629,4,0.0,4.0,2249.9925
2026-03-14,759970497,3,0.0,3.0,1300.0
2026-03-14,760169672,1,0.0,1.0,1500.0
2026-03-14,760169673,2,0.0,2.0,1550.0
2026-03-14,760169674,1,0.0,1.0,1300.0
2026-03-14,760169675,1,0.0,1.0,1550.0
2026-03-14,760169676,2,0.0,2.0,1650.0
2026-03-14,760323301,30,0.0,30.0,1763.326
2026-03-14,760323302,8,0.0,8.0,2450.0
2026-03-14,760323303,2,1.0,1.0,2400.0
2026-03-14,760323304,3,0.0,3.0,1712.5
2026-03-14,760323305,10,0.0,10.0,2455.0
2026-03-14,760323306,10,0.0,10.0,2550.0
2026-03-14,760323307,25,0.0,25.0,1964.0192000000002
2026-03-14,775902154,23,0.0,23.0,1100.0239130434782
2026-03-14,775902155,4,0.0,4.0,1000.0
2026-03-14,775902156,3,0.0,3.0,1000.0
2026-03-14,775902157,1,0.0,1.0,1000.0
2026-03-14,775902158,6,0.0,6.0,1000.0
2026-03-14,775902160,6,0.0,6.0,999.9766666666666
2026-03-14,783403723,19,2.0,17.0,2150.0
2026-03-14,783403724,8,0.0,8.0,2300.00875
2026-03-14,783403725,3,0.0,3.0,2450.0
2026-03-14,788921071,28,3.0,25.0,2021.4271428571428
2026-03-14,788921072,11,1.0,10.0,1900.0
2026-03-14,788921073,14,3.0,11.0,2100.0
2026-03-14,788940601,6,0.0,6.0,3100.0
2026-03-14,788940602,17,0.0,17.0,3117.6511764705883
2026-03-14,788940603,8,1.0,7.0,3262.495
2026-03-14,788940604,9,2.0,7.0,3055.561111111111
2026-03-14,788946367,10,1.0,9.0,2135.0
2026-03-14,789090595,5,0.0,5.0,1810.0
2026-03-14,789090596,6,0.0,6.0,1616.6666666666667
2026-03-14,789090597,7,0.0,7.0,1907.142857142857
2026-03-14,789090598,13,1.0,12.0,1750.0
2026-03-14,790500903,9,0.0,9.0,2000.0
2026-03-14,790500904,4,0.0,4.0,1825.0
2026-03-14,790500905,13,0.0,13.0,1860.7142857142858
2026-03-14,790943351,4,0.0,4.0,1136.0
2026-03-14,790943352,3,0.0,3.0,1559.9533333333331
2026-03-14,796420740,1,0.0,1.0,720.0
2026-03-14,796420741,1,0.0,1.0,760.0
2026-03-14,796583763,4,0.0,4.0,2100.0
2026-03-14,800256397,3,0.0,3.0,3750.0
2026-03-14,800256398,12,1.0,11.0,3237.4933333333333
2026-03-14,800270333,10,0.0,10.0,3520.0
2026-03-14,800270334,10,0.0,10.0,3610.0
2026-03-14,806630258,9,0.0,9.0,1160.0
2026-03-14,847993700,1,0.0,1.0,1450.0
2026-03-14,850497739,1,0.0,1.0,1450.0
2026-03-15,218467926,1,0.0,1.0,1015.0
2026-03-15,219033581,3,0.0,3.0,1686.0
2026-03-15,220783118,3,0.0,3.0,1828.0
2026-03-15,220783128,6,0.0,6.0,1520.0
2026-03-15,220796910,8,1.0,7.0,1054.97625
2026-03-15,220796916,24,0.0,24.0,1184.0029166666666
2026-03-15,220796924,12,0.0,12.0,1085.0533333333333
2026-03-15,220796932,13,0.0,13.0,918.3571428571429
2026-03-15,221216505,2,0.0,2.0,1703.0
2026-03-15,221216935,2,0.0,2.0,1697.0
2026-03-15,221217363,8,0.0,8.0,1205.98625
2026-03-15,223302777,5,0.0,5.0,1238.946
2026-03-15,223611282,1,0.0,1.0,1140.0
2026-03-15,223615358,2,1.0,1.0,1622.0
2026-03-15,225505021,8,0.0,8.0,365.75
2026-03-15,247803775,49,2.0,47.0,1329.4675510204083
2026-03-15,247803776,53,5.0,48.0,1285.0190566037734
2026-03-15,248166626,140,4.0,136.0,1774.6674647887323
2026-03-15,248173261,76,5.0,71.0,1748.987012987013
2026-03-15,248591628,21,2.0,19.0,1785.5238095238096
2026-03-15,248591629,10,1.0,9.0,1660.9181818181817
2026-03-15,248639013,175,1.0,174.0,1665.0014204545455
2026-03-15,248639014,24,0.0,24.0,1861.1996
2026-03-15,251889892,5,0.0,5.0,1702.0
2026-03-15,251889894,25,3.0,22.0,1785.0
2026-03-15,253236688,1,1.0,0.0,1584.0
2026-03-15,253237666,7,0.0,7.0,1845.0
2026-03-15,258834337,2,0.0,2.0,956.0
2026-03-15,258850894,1,0.0,1.0,666.0
2026-03-15,262595711,1,0.0,1.0,1116.0
2026-03-15,278278778,9,0.0,9.0,1815.0
2026-03-15,286985384,9,0.0,9.0,1659.9622222222222
2026-03-15,286985385,7,0.0,7.0,1660.0
2026-03-15,296818633,5,0.0,5.0,843.0
2026-03-15,300294506,8,0.0,8.0,1913.0
2026-03-15,300294507,8,1.0,7.0,1742.0
2026-03-15,300297368,1,0.0,1.0,928.0
2026-03-15,316614621,1,0.0,1.0,520.0
2026-03-15,331575070,10,2.0,8.0,1166.196
2026-03-15,331575073,3,0.0,3.0,1164.0
2026-03-15,331575074,12,1.0,11.0,1146.75
2026-03-15,331575075,15,0.0,15.0,1164.8
2026-03-15,337308569,2,0.0,2.0,1700.0
2026-03-15,366760796,4,1.0,3.0,1107.0
2026-03-15,366760798,1,0.0,1.0,1123.0
2026-03-15,366813884,18,0.0,18.0,1048.9788888888888
2026-03-15,366813885,8,1.0,7.0,1075.0
2026-03-15,384494968,1,1.0,0.0,1250.0
2026-03-15,384494969,1,0.0,1.0,1260.0
2026-03-15,412079855,1,0.0,1.0,540.0
2026-03-15,444461581,64,1.0,63.0,1822.9871875
2026-03-15,451093486,3,0.0,3.0,1312.0
2026-03-15,462870185,7,0.0,7.0,1903.8828571428571
2026-03-15,462870186,28,4.0,24.0,1698.350357142857
2026-03-15,462878720,1,0.0,1.0,1365.0
2026-03-15,467007550,43,2.0,41.0,1707.5632558139534
2026-03-15,468506772,6,0.0,6.0,1862.0
2026-03-15,468506773,5,0.0,5.0,2151.0
2026-03-15,471342171,10,2.0,8.0,3782.0
2026-03-15,474397318,146,0.0,146.0,1755.008287671233
2026-03-15,474629420,53,0.0,53.0,1762.622641509434
2026-03-15,475748707,51,7.0,44.0,1920.9872549019608
2026-03-15,475759397,32,0.0,32.0,1744.9411764705883
2026-03-15,488493915,13,0.0,13.0,3332.0
2026-03-15,504801009,12,1.0,11.0,808.3183333333333
2026-03-15,516856408,23,1.0,22.0,2574.0
2026-03-15,528912182,1,0.0,1.0,876.0
2026-03-15,541096165,14,0.0,14.0,2477.9985714285717
2026-03-15,541096166,2,0.0,2.0,2699.98
2026-03-15,541096167,14,1.0,13.0,1791.4285714285713
2026-03-15,585840783,1,0.0,1.0,800.0
2026-03-15,649988707,5,0.0,5.0,1800.0
2026-03-15,681642682,4,0.0,4.0,1749.9725
2026-03-15,715890126,6,0.0,6.0,1400.0
2026-03-15,715890127,2,0.0,2.0,1440.0
2026-03-15,715890128,1,0.0,1.0,1560.0
2026-03-15,715890129,1,0.0,1.0,1560.0
2026-03-15,724729234,2,0.0,2.0,1641.37
2026-03-15,732543825,1,0.0,1.0,1650.0
2026-03-15,732543827,2,0.0,2.0,1700.0
2026-03-15,732543829,16,0.0,16.0,1749.970625
2026-03-15,756653629,2,0.0,2.0,2250.0
2026-03-15,759970497,4,0.0,4.0,1300.0
2026-03-15,760169672,2,0.0,2.0,1500.0
2026-03-15,760169673,1,0.0,1.0,1550.0
2026-03-15,760169674,2,0.0,2.0,1299.995
2026-03-15,760169675,2,0.0,2.0,1550.0
2026-03-15,760169676,3,0.0,3.0,1650.0
2026-03-15,760323301,39,0.0,39.0,1751.273846153846
2026-03-15,760323302,6,0.0,6.0,2450.0
2026-03-15,760323303,4,0.0,4.0,2337.5
2026-03-15,760323304,9,1.0,8.0,2250.008888888889
2026-03-15,760323305,15,0.0,15.0,2262.5
2026-03-15,760323306,11,1.0,10.0,2550.0054545454545
2026-03-15,760323307,10,0.0,10.0,1772.7272727272727
2026-03-15,775902154,28,0.0,28.0,1099.9996428571428
2026-03-15,775902155,3,0.0,3.0,1000.0
2026-03-15,775902156,2,0.0,2.0,1000.0
2026-03-15,775902157,3,0.0,3.0,1000.0
2026-03-15,775902158,4,0.0,4.0,1000.0
2026-03-15,775902160,11,0.0,11.0,1000.0090909090909
2026-03-15,783403723,26,3.0,23.0,2092.5985185185186
2026-03-15,783403724,7,0.0,7.0,2257.1428571428573
2026-03-15,783403725,5,0.0,5.0,2370.0
2026-03-15,788921071,30,1.0,29.0,2031.6666666666667
2026-03-15,788921072,9,1.0,8.0,1900.0
2026-03-15,788921073,16,1.0,15.0,1976.4705882352941
2026-03-15,788940601,9,0.0,9.0,3100.0
2026-03-15,788940602,9,0.0,9.0,3166.6777777777775
2026-03-15,788940603,10,0.0,10.0,3250.0119999999997
2026-03-15,788940604,8,2.0,6.0,3056.25
2026-03-15,788946367,17,2.0,15.0,2111.764705882353
2026-03-15,789090595,6,0.0,6.0,1808.255
2026-03-15,789090596,11,0.0,11.0,1600.0
2026-03-15,789090597,10,1.0,9.0,1899.986
2026-03-15,789090598,3,2.0,1.0,1750.0
2026-03-15,790500903,4,1.0,3.0,2000.0
2026-03-15,790500904,9,1.0,8.0,1883.4255555555558
2026-03-15,790500905,12,1.0,11.0,1925.0183333333334
2026-03-15,790943351,4,0.0,4.0,1340.0
2026-03-15,790943352,2,0.0,2.0,1660.0
2026-03-15,796420740,1,0.0,1.0,720.0
2026-03-15,796583762,4,0.0,4.0,1780.0
2026-03-15,796583763,2,0.0,2.0,2100.0
2026-03-15,800256397,14,1.0,13.0,3750.0
2026-03-15,800256398,8,0.0,8.0,3181.2475
2026-03-15,800270333,7,0.0,7.0,3557.1428571428573
2026-03-15,800270334,11,0.0,11.0,3595.5400000000004
2026-03-15,806630258,7,0.0,7.0,1171.4285714285713
2026-03-15,847993701,3,0.0,3.0,1375.0
2026-03-15,850497739,1,0.0,1.0,1450.0
2026-03-16,218467926,8,1.0,7.0,1015.0
2026-03-16,219033581,4,0.0,4.0,1686.0
2026-03-16,220783118,3,0.0,3.0,1828.0
2026-03-16,220783128,10,0.0,10.0,1519.988
2026-03-16,220783129,3,0.0,3.0,1732.0
2026-03-16,220796910,8,0.0,8.0,1054.99
2026-03-16,220796916,11,1.0,10.0,1184.0
2026-03-16,220796924,15,0.0,15.0,1085.0
2026-03-16,220796932,9,0.0,9.0,988.9655555555556
2026-03-16,221216505,4,0.0,4.0,1703.0
2026-03-16,221217363,10,1.0,9.0,1206.0
2026-03-16,223302777,3,0.0,3.0,1238.9466666666667
2026-03-16,223615358,1,0.0,1.0,1622.0
2026-03-16,225505021,8,1.0,7.0,362.79875
2026-03-16,247803775,34,3.0,31.0,1319.020588235294
2026-03-16,247803776,27,2.0,25.0,1239.1089285714286
2026-03-16,248166626,141,4.0,137.0,1800.0286524822695
2026-03-16,248173261,83,5.0,78.0,1783.680843373494
2026-03-16,248591628,15,0.0,15.0,1789.0
2026-03-16,248591629,12,0.0,12.0,1809.5
2026-03-16,248639013,153,2.0,151.0,1673.2028104575163
2026-03-16,248639014,21,1.0,20.0,1914.5480952380954
2026-03-16,251889892,6,1.0,5.0,1702.0
2026-03-16,251889894,20,3.0,17.0,1784.9360000000001
2026-03-16,253237666,5,1.0,4.0,1845.0
2026-03-16,258836990,1,0.0,1.0,1052.0
2026-03-16,262596137,1,0.0,1.0,879.0
2026-03-16,278278778,12,0.0,12.0,1815.0
2026-03-16,278837827,1,0.0,1.0,918.0
2026-03-16,286985384,5,0.0,5.0,1660.0
2026-03-16,286985385,6,0.0,6.0,1660.0
2026-03-16,296818633,6,0.0,6.0,843.0
2026-03-16,300294506,7,0.0,7.0,1923.6514285714286
2026-03-16,300294507,3,0.0,3.0,1742.0
2026-03-16,331575070,13,0.0,13.0,1160.923076923077
2026-03-16,331575073,7,0.0,7.0,1168.6299999999999
2026-03-16,331575074,8,2.0,6.0,1188.0
2026-03-16,331575075,13,1.0,12.0,1162.09
2026-03-16,337308569,11,3.0,8.0,1700.0
2026-03-16,366760796,7,0.0,7.0,1107.0
2026-03-16,366760798,8,0.0,8.0,1123.0
2026-03-16,366813879,2,0.0,2.0,951.98
2026-03-16,366813884,13,3.0,10.0,1048.9638461538461
2026-03-16,366813885,6,0.0,6.0,1075.0
2026-03-16,366813891,1,0.0,1.0,1170.0
2026-03-16,366813893,1,0.0,1.0,1120.0
2026-03-16,384494968,1,1.0,0.0,1250.0
2026-03-16,384494969,2,0.0,2.0,1260.0
2026-03-16,444461581,78,1.0,77.0,1800.996835443038
2026-03-16,462870185,5,0.0,5.0,1855.2
2026-03-16,462870186,34,0.0,34.0,1698.8479411764706
2026-03-16,462878720,1,0.0,1.0,1365.0
2026-03-16,467007550,39,0.0,39.0,1706.4133333333332
2026-03-16,468506773,1,0.0,1.0,2151.0
2026-03-16,471342171,15,0.0,15.0,3765.8340000000003
2026-03-16,474397318,129,4.0,125.0,1741.5046923076923
2026-03-16,474629420,46,2.0,44.0,1768.6971739130436
2026-03-16,475748707,46,0.0,46.0,1920.9923913043476
2026-03-16,475759397,53,3.0,50.0,1786.6112727272725
2026-03-16,488493915,8,1.0,7.0,3331.98375
2026-03-16,504801009,15,0.0,15.0,813.37
2026-03-16,516856408,29,1.0,28.0,2488.2
2026-03-16,528912186,1,0.0,1.0,832.0
2026-03-16,541096165,8,0.0,8.0,2202.6666666666665
2026-03-16,541096167,18,0.0,18.0,1800.0
2026-03-16,549254419,1,0.0,1.0,1578.0
2026-03-16,585840780,1,0.0,1.0,771.0
2026-03-16,585840783,1,0.0,1.0,800.0
2026-03-16,649988707,6,0.0,6.0,1800.0
2026-03-16,681642682,5,0.0,5.0,1749.886
2026-03-16,715890126,6,0.0,6.0,1400.2466666666667
2026-03-16,715890127,2,0.0,2.0,1440.0
2026-03-16,715890128,1,0.0,1.0,1560.0
2026-03-16,715890129,3,0.0,3.0,1560.0
2026-03-16,724729234,1,0.0,1.0,1640.0
2026-03-16,732543825,4,0.0,4.0,1650.0
2026-03-16,732543827,2,0.0,2.0,1700.0
2026-03-16,732543829,7,0.0,7.0,1750.0
2026-03-16,756653629,5,0.0,5.0,2250.0
2026-03-16,759970497,2,0.0,2.0,1300.0
2026-03-16,760169672,3,0.0,3.0,1500.0
2026-03-16,760169674,1,0.0,1.0,1300.0
2026-03-16,760169675,1,0.0,1.0,1550.0
2026-03-16,760169676,2,0.0,2.0,1650.0349999999999
2026-03-16,760323301,30,0.0,30.0,1753.3300000000002
2026-03-16,760323302,8,0.0,8.0,2450.0
2026-03-16,760323303,2,0.0,2.0,2400.0
2026-03-16,760323304,10,1.0,9.0,2250.0060000000003
2026-03-16,760323305,12,1.0,11.0,2408.3333333333335
2026-03-16,760323306,15,0.0,15.0,2550.0
2026-03-16,760323307,20,1.0,19.0,1950.011
2026-03-16,775902154,26,0.0,26.0,1100.0
2026-03-16,775902155,5,0.0,5.0,1000.0
2026-03-16,775902156,3,0.0,3.0,1000.0
2026-03-16,775902157,1,0.0,1.0,1000.0
2026-03-16,775902158,6,0.0,6.0,999.9133333333333
2026-03-16,775902160,9,0.0,9.0,1000.0
2026-03-16,783403723,30,1.0,29.0,2193.368
2026-03-16,783403724,12,0.0,12.0,2300.0
2026-03-16,783403725,10,0.0,10.0,2369.998
2026-03-16,788921071,24,2.0,22.0,1938.0
2026-03-16,788921072,15,1.0,14.0,1900.0040000000001
2026-03-16,788921073,23,2.0,21.0,2082.612608695652
2026-03-16,788940601,6,1.0,5.0,3100.0
2026-03-16,788940602,15,1.0,14.0,3240.0066666666667
2026-03-16,788940603,14,1.0,13.0,3250.0235714285714
2026-03-16,788940604,9,2.0,7.0,3049.991111111111
2026-03-16,788946367,13,2.0,11.0,2103.846153846154
2026-03-16,789090595,9,1.0,8.0,1800.0
2026-03-16,789090596,7,1.0,6.0,1600.0128571428572
2026-03-16,789090597,4,1.0,3.0,1975.0
2026-03-16,789090598,6,0.0,6.0,1750.0
2026-03-16,790500903,11,1.0,10.0,2013.6454545454544
2026-03-16,790500904,9,0.0,9.0,1938.888888888889
2026-03-16,790500905,11,1.0,10.0,2068.189090909091
2026-03-16,790943351,4,0.0,4.0,1359.9975
2026-03-16,790943352,3,0.0,3.0,1626.6666666666667
2026-03-16,796326738,2,1.0,1.0,1020.0
2026-03-16,796420741,2,0.0,2.0,840.0
2026-03-16,796583762,1,0.0,1.0,2150.0
2026-03-16,796583763,1,0.0,1.0,2100.0
2026-03-16,800256397,6,0.0,6.0,3750.01
2026-03-16,800256398,4,0.0,4.0,3437.4775
2026-03-16,800270333,12,1.0,11.0,3525.1433333333334
2026-03-16,800270334,5,0.0,5.0,3650.014
2026-03-16,806630258,11,0.0,11.0,1159.9945454545455
2026-03-16,847993701,1,0.0,1.0,1350.0
2026-03-17,218467926,8,1.0,7.0,902.2222222222222
2026-03-17,219033581,5,0.0,5.0,1686.0
2026-03-17,219037028,1,0.0,1.0,1886.0
2026-03-17,220783128,7,1.0,6.0,1520.0071428571428
2026-03-17,220796910,5,0.0,5.0,1055.0
2026-03-17,220796916,15,1.0,14.0,1184.0073333333335
2026-03-17,220796924,23,0.0,23.0,1085.0
2026-03-17,220796932,19,0.0,19.0,988.9568421052631
2026-03-17,221217363,6,0.0,6.0,1205.9950000000001
2026-03-17,223615358,1,0.0,1.0,1622.0
2026-03-17,225505021,15,0.0,15.0,360.0
2026-03-17,247803775,39,0.0,39.0,1318.37675
2026-03-17,247803776,38,3.0,35.0,1252.4989743589742
2026-03-17,248166626,135,5.0,130.0,1793.7277407407407
2026-03-17,248173261,89,6.0,83.0,1778.0362921348317
2026-03-17,248591628,25,1.0,24.0,1722.9615384615386
2026-03-17,248591629,15,0.0,15.0,1789.1713333333332
2026-03-17,248639013,175,3.0,172.0,1673.867443181818
2026-03-17,248639014,25,0.0,25.0,1885.3988
2026-03-17,251889892,4,1.0,3.0,1702.0
2026-03-17,251889894,17,1.0,16.0,1785.0
2026-03-17,253236688,4,0.0,4.0,1583.97
2026-03-17,253237666,6,0.0,6.0,1845.0
2026-03-17,258834337,2,0.0,2.0,478.0
2026-03-17,258836990,1,0.0,1.0,0.0
2026-03-17,258836991,1,0.0,1.0,0.0
2026-03-17,262595711,1,0.0,1.0,0.0
2026-03-17,262596137,3,0.0,3.0,586.0
2026-03-17,278278778,8,0.0,8.0,1815.0
2026-03-17,279005801,1,0.0,1.0,0.0
2026-03-17,286985384,7,0.0,7.0,1659.9885714285715
2026-03-17,286985385,4,0.0,4.0,1660.0
2026-03-17,296818633,6,0.0,6.0,842.9916666666667
2026-03-17,300294506,6,1.0,5.0,1639.7142857142858
2026-03-17,331575070,12,0.0,12.0,1078.0
2026-03-17,331575073,10,0.0,10.0,1177.2
2026-03-17,331575074,9,2.0,7.0,1177.0122222222224
2026-03-17,331575075,21,0.0,21.0,1059.1363636363637
2026-03-17,337308569,6,0.0,6.0,1700.0
2026-03-17,366760796,11,0.0,11.0,1106.9781818181818
2026-03-17,366760798,3,0.0,3.0,1123.0
2026-03-17,366813884,6,1.0,5.0,1048.8416666666667
2026-03-17,366813885,8,0.0,8.0,1075.0
2026-03-17,366813897,1,0.0,1.0,1085.0
2026-03-17,384494968,1,0.0,1.0,1250.0
2026-03-17,384494969,1,0.0,1.0,1260.0
2026-03-17,444461581,57,4.0,53.0,1838.9529824561405
2026-03-17,451093486,3,0.0,3.0,1312.0
2026-03-17,462870185,5,1.0,4.0,1904.0
2026-03-17,462870186,30,2.0,28.0,1718.8663333333332
2026-03-17,462878720,3,0.0,3.0,1365.0
2026-03-17,467007550,55,3.0,52.0,1706.0109090909093
2026-03-17,468506772,4,1.0,3.0,1797.0
2026-03-17,468506773,2,1.0,1.0,2151.0
2026-03-17,471342171,17,1.0,16.0,3782.0
2026-03-17,474397318,137,3.0,134.0,1740.4944525547444
2026-03-17,474629420,37,1.0,36.0,1734.3229729729728
2026-03-17,475748707,63,1.0,62.0,1890.9603125
2026-03-17,475759397,42,5.0,37.0,1854.0076190476193
2026-03-17,488493915,5,0.0,5.0,3332.16
2026-03-17,504801009,10,0.0,10.0,654.5454545454545
2026-03-17,516856408,23,0.0,23.0,2556.782608695652
2026-03-17,541096165,13,2.0,11.0,2478.007692307692
2026-03-17,541096167,18,1.0,17.0,1780.068888888889
2026-03-17,549254419,3,0.0,3.0,1052.0
2026-03-17,649988707,4,0.0,4.0,1800.0
2026-03-17,681642682,4,0.0,4.0,1750.0
2026-03-17,715890126,3,0.0,3.0,1400.0266666666666
2026-03-17,715890127,2,0.0,2.0,1440.0
2026-03-17,715890128,2,0.0,2.0,1560.0
2026-03-17,715890129,1,0.0,1.0,1560.0
2026-03-17,724729234,1,0.0,1.0,1640.0
2026-03-17,732543825,1,0.0,1.0,1650.0
2026-03-17,732543827,4,0.0,4.0,1700.0
2026-03-17,732543829,11,0.0,11.0,1750.0
2026-03-17,756653629,3,0.0,3.0,2250.0
2026-03-17,759970497,1,0.0,1.0,1300.0
2026-03-17,760169672,1,0.0,1.0,1500.0
2026-03-17,760169674,2,0.0,2.0,1300.0
2026-03-17,760169675,1,0.0,1.0,1550.0
2026-03-17,760169676,1,0.0,1.0,1650.0
2026-03-17,760323301,25,0.0,25.0,1752.0
2026-03-17,760323302,7,1.0,6.0,2464.0
2026-03-17,760323303,3,0.0,3.0,2400.0
2026-03-17,760323304,12,0.0,12.0,2270.8333333333335
2026-03-17,760323305,14,3.0,11.0,2400.0
2026-03-17,760323306,15,0.0,15.0,2550.0026666666668
2026-03-17,760323307,17,3.0,14.0,1841.7222222222222
2026-03-17,775902154,23,1.0,22.0,1100.023043478261
2026-03-17,775902155,3,0.0,3.0,1000.0
2026-03-17,775902156,5,0.0,5.0,833.3333333333334
2026-03-17,775902157,5,0.0,5.0,1000.0
2026-03-17,775902158,4,2.0,2.0,1000.0
2026-03-17,775902160,7,0.0,7.0,1000.0
2026-03-17,783403723,22,4.0,18.0,2227.274090909091
2026-03-17,783403724,7,0.0,7.0,2300.0099999999998
2026-03-17,783403725,6,1.0,5.0,2383.3333333333335
2026-03-17,788921071,41,3.0,38.0,2002.4363414634147
2026-03-17,788921072,12,3.0,9.0,1900.0
2026-03-17,788921073,11,1.0,10.0,2100.0
2026-03-17,788940601,18,0.0,18.0,3105.547777777778
2026-03-17,788940602,5,2.0,3.0,3500.0
2026-03-17,788940603,7,1.0,6.0,3250.0128571428572
2026-03-17,788940604,14,2.0,12.0,3049.9914285714285
2026-03-17,788946367,17,0.0,17.0,2094.1176470588234
2026-03-17,789090595,14,0.0,14.0,1799.9964285714286
2026-03-17,789090596,12,0.0,12.0,1608.3333333333333
2026-03-17,789090597,6,1.0,5.0,1958.3333333333333
2026-03-17,789090598,6,0.0,6.0,1750.0
2026-03-17,790500903,7,2.0,5.0,2042.8642857142856
2026-03-17,790500904,10,0.0,10.0,1915.0
2026-03-17,790500905,13,2.0,11.0,2111.5415384615385
2026-03-17,790943351,3,0.0,3.0,1346.66
2026-03-17,796326738,1,0.0,1.0,880.0
2026-03-17,796420740,3,0.0,3.0,800.0
2026-03-17,796583763,2,0.0,2.0,2100.0
2026-03-17,800256397,9,0.0,9.0,3375.0
2026-03-17,800256398,5,0.0,5.0,3620.0
2026-03-17,800270333,10,1.0,9.0,3570.0
2026-03-17,800270334,16,0.0,16.0,3599.991875
2026-03-17,806630258,5,0.0,5.0,1160.0
2026-03-17,847993701,2,0.0,2.0,1362.5
2026-03-17,847993702,2,0.0,2.0,1350.0
2026-03-17,850497739,1,0.0,1.0,1425.0
2026-03-18,218467926,1,0.0,1.0,1015.0
2026-03-18,219033581,5,0.0,5.0,1686.0
2026-03-18,220783118,4,0.0,4.0,1828.0
2026-03-18,220783128,10,0.0,10.0,1520.0
2026-03-18,220783129,1,0.0,1.0,1732.0
2026-03-18,220796910,7,0.0,7.0,1055.0
2026-03-18,220796916,18,1.0,17.0,1184.0
2026-03-18,220796924,13,0.0,13.0,1085.0
2026-03-18,220796932,6,0.0,6.0,989.0
2026-03-18,221216505,1,0.0,1.0,1703.0
2026-03-18,221217363,7,0.0,7.0,1206.0
2026-03-18,223302777,3,0.0,3.0,1239.0
2026-03-18,225505021,12,0.0,12.0,359.9941666666667
2026-03-18,247803775,31,5.0,26.0,1349.1922580645162
2026-03-18,247803776,30,3.0,27.0,1285.032
2026-03-18,248166626,148,8.0,140.0,1786.1467333333335
2026-03-18,248173261,82,6.0,76.0,1775.3915662650602
2026-03-18,248591628,12,1.0,11.0,1794.9258333333335
2026-03-18,248591629,14,0.0,14.0,1776.0092857142859
2026-03-18,248639013,143,2.0,141.0,1707.6957342657342
2026-03-18,248639014,37,0.0,37.0,1887.837027027027
2026-03-18,251889892,2,0.0,2.0,1680.0
2026-03-18,251889894,21,0.0,21.0,1794.7619047619048
2026-03-18,253236688,2,0.0,2.0,1584.0
2026-03-18,253237666,3,0.0,3.0,1845.0
2026-03-18,258834337,1,0.0,1.0,956.0
2026-03-18,262596137,1,0.0,1.0,879.0
2026-03-18,262596138,1,0.0,1.0,900.0
2026-03-18,278278778,5,0.0,5.0,1814.9959999999999
2026-03-18,286985384,6,0.0,6.0,1660.0
2026-03-18,286985385,7,1.0,6.0,1660.0
2026-03-18,296818633,7,0.0,7.0,843.0
2026-03-18,300294506,5,1.0,4.0,1913.0
2026-03-18,300294507,5,0.0,5.0,1742.0
2026-03-18,331575070,10,0.0,10.0,1175.998
2026-03-18,331575073,3,0.0,3.0,1164.0
2026-03-18,331575074,12,1.0,11.0,1179.75
2026-03-18,331575075,8,3.0,5.0,1171.78125
2026-03-18,337308569,4,0.0,4.0,1712.75
2026-03-18,366760796,9,0.0,9.0,1107.0
2026-03-18,366760798,5,0.0,5.0,1123.0
2026-03-18,366813884,14,0.0,14.0,1049.0
2026-03-18,366813885,11,1.0,10.0,1075.0390909090909
2026-03-18,366822996,1,0.0,1.0,1086.0
2026-03-18,370413854,3,0.0,3.0,1424.0
2026-03-18,384494968,3,0.0,3.0,1250.0
2026-03-18,444461581,71,3.0,68.0,1815.9494444444445
2026-03-18,451093486,3,0.0,3.0,1298.3333333333333
2026-03-18,462870185,10,0.0,10.0,1899.9
2026-03-18,462870186,26,4.0,22.0,1649.854814814815
2026-03-18,462878720,2,0.0,2.0,1365.0
2026-03-18,467007550,59,3.0,56.0,1711.5276271186442
2026-03-18,468506772,2,0.0,2.0,1862.0
2026-03-18,468506773,1,0.0,1.0,1693.0
2026-03-18,471342171,18,2.0,16.0,3768.498888888889
2026-03-18,474397318,113,3.0,110.0,1793.3117699115046
2026-03-18,474629420,41,2.0,39.0,1793.4056097560976
2026-03-18,475748707,45,2.0,43.0,1920.9531111111112
2026-03-18,475759397,42,3.0,39.0,1854.0052380952382
2026-03-18,488493915,6,0.0,6.0,3332.0
2026-03-18,504801009,8,0.0,8.0,800.0
2026-03-18,516856408,22,3.0,19.0,2574.0
2026-03-18,528912182,1,0.0,1.0,876.0
2026-03-18,541096165,11,0.0,11.0,2478.0
2026-03-18,541096167,14,0.0,14.0,1722.902142857143
2026-03-18,549254419,2,0.0,2.0,1578.0
2026-03-18,585840779,1,0.0,1.0,931.0
2026-03-18,649988707,2,0.0,2.0,1800.0
2026-03-18,681642682,3,0.0,3.0,1750.0
2026-03-18,715890126,3,0.0,3.0,1050.0
2026-03-18,715890127,3,0.0,3.0,1440.0
2026-03-18,715890128,3,0.0,3.0,1560.0
2026-03-18,715890129,1,0.0,1.0,1560.0
2026-03-18,732543825,4,0.0,4.0,1650.0
2026-03-18,732543827,1,0.0,1.0,1700.0
2026-03-18,732543829,8,0.0,8.0,1750.0
2026-03-18,756653629,3,0.0,3.0,2250.0
2026-03-18,759970497,1,0.0,1.0,1300.0
2026-03-18,760169673,2,0.0,2.0,1550.0
2026-03-18,760169674,7,0.0,7.0,1137.5
2026-03-18,760169675,1,0.0,1.0,1550.0
2026-03-18,760323301,36,0.0,36.0,1752.7694444444444
2026-03-18,760323302,8,0.0,8.0,2474.5
2026-03-18,760323303,1,0.0,1.0,2400.0
2026-03-18,760323304,8,0.0,8.0,2250.195
2026-03-18,760323305,20,2.0,18.0,2405.0015
2026-03-18,760323306,10,0.0,10.0,2550.0
2026-03-18,760323307,22,1.0,21.0,1950.025
2026-03-18,775902154,30,3.0,27.0,1100.0
2026-03-18,775902155,4,0.0,4.0,1000.0175
2026-03-18,775902156,2,0.0,2.0,1000.0
2026-03-18,775902157,3,0.0,3.0,1000.0
2026-03-18,775902158,6,0.0,6.0,1000.0
2026-03-18,775902160,6,0.0,6.0,1000.0
2026-03-18,783403723,14,1.0,13.0,2221.4285714285716
2026-03-18,783403724,11,1.0,10.0,2299.991818181818
2026-03-18,783403725,15,2.0,13.0,2370.0
2026-03-18,788921071,37,7.0,30.0,1998.6456756756756
2026-03-18,788921072,8,2.0,6.0,1900.0075
2026-03-18,788921073,19,5.0,14.0,2105.31
2026-03-18,788940601,20,0.0,20.0,3099.9955
2026-03-18,788940602,13,2.0,11.0,3284.6484615384616
2026-03-18,788940603,7,0.0,7.0,2956.25
2026-03-18,788940604,13,1.0,12.0,3076.913846153846
2026-03-18,788946367,20,2.0,18.0,2109.9995
2026-03-18,789090595,10,0.0,10.0,1799.9869999999999
2026-03-18,789090596,8,1.0,7.0,1618.74125
2026-03-18,789090597,7,1.0,6.0,1957.142857142857
2026-03-18,789090598,7,1.0,6.0,1750.0
2026-03-18,790500903,11,0.0,11.0,1981.8181818181818
2026-03-18,790500904,8,2.0,6.0,1711.111111111111
2026-03-18,790500905,3,1.0,2.0,2116.6666666666665
2026-03-18,790943351,3,0.0,3.0,1360.0
2026-03-18,790943352,3,0.0,3.0,1640.0
2026-03-18,796420740,1,0.0,1.0,719.68
2026-03-18,796420741,1,0.0,1.0,760.0
2026-03-18,796583763,1,0.0,1.0,2100.0
2026-03-18,800256397,6,0.0,6.0,3750.02
2026-03-18,800256398,10,1.0,9.0,3454.9910000000004
2026-03-18,800270333,14,0.0,14.0,3585.7864285714286
2026-03-18,800270334,8,2.0,6.0,3643.75
2026-03-18,806630258,7,0.0,7.0,1159.9914285714287
2026-03-18,847993701,3,0.0,3.0,1350.0
2026-03-19,218456964,1,0.0,1.0,902.0
2026-03-19,218467926,7,0.0,7.0,1014.9685714285714
2026-03-19,220783128,10,1.0,9.0,1520.0880000000002
2026-03-19,220783129,1,0.0,1.0,1732.0
2026-03-19,220796910,6,0.0,6.0,1055.0
2026-03-19,220796916,12,0.0,12.0,1184.0466666666666
2026-03-19,220796924,14,0.0,14.0,1085.0
2026-03-19,220796932,12,1.0,11.0,988.9525
2026-03-19,221216505,2,0.0,2.0,1703.0
2026-03-19,221217363,5,1.0,4.0,1206.0
2026-03-19,223302777,5,0.0,5.0,1239.0
2026-03-19,223615358,2,0.0,2.0,1622.0
2026-03-19,225505021,15,0.0,15.0,366.0
2026-03-19,247803775,30,2.0,28.0,1311.1280645161291
2026-03-19,247803776,25,0.0,25.0,1285.0244
2026-03-19,248166626,149,7.0,142.0,1808.7916666666667
2026-03-19,248173261,83,4.0,79.0,1814.3660240963857
2026-03-19,248591628,21,0.0,21.0,1804.3509523809525
2026-03-19,248591629,6,1.0,5.0,1806.0
2026-03-19,248639013,141,4.0,137.0,1711.831267605634
2026-03-19,248639014,24,1.0,23.0,1872.2916666666667
2026-03-19,251889892,2,2.0,0.0,1658.0
2026-03-19,251889894,20,2.0,18.0,1813.7134999999998
2026-03-19,253236688,7,0.0,7.0,1584.0
2026-03-19,253237666,2,0.0,2.0,1845.0
2026-03-19,258834339,1,0.0,1.0,1118.0
2026-03-19,262596137,1,0.0,1.0,879.0
2026-03-19,278278778,7,0.0,7.0,1815.0
2026-03-19,286985384,8,0.0,8.0,1660.0
2026-03-19,286985385,6,0.0,6.0,1660.0
2026-03-19,296818633,4,1.0,3.0,843.0
2026-03-19,300294506,4,0.0,4.0,1912.84
2026-03-19,300294507,5,0.0,5.0,1741.904
2026-03-19,331575070,9,0.0,9.0,1148.7777777777778
2026-03-19,331575073,2,0.0,2.0,1197.0
2026-03-19,331575074,12,1.0,11.0,1179.75
2026-03-19,331575075,15,3.0,12.0,1176.9213333333332
2026-03-19,337308569,4,0.0,4.0,1712.75
2026-03-19,366760796,10,0.0,10.0,1106.97
2026-03-19,366760798,4,0.0,4.0,1122.9175
2026-03-19,366813879,1,0.0,1.0,952.0
2026-03-19,366813884,8,0.0,8.0,1048.9524999999999
2026-03-19,366813885,5,0.0,5.0,1075.106
2026-03-19,377241928,1,0.0,1.0,1062.0
2026-03-19,384494968,4,0.0,4.0,1250.0
2026-03-19,444461581,67,5.0,62.0,1813.0436764705883
2026-03-19,451093486,1,0.0,1.0,1312.0
2026-03-19,462870185,2,1.0,1.0,1904.0
2026-03-19,462870186,14,5.0,9.0,1715.1992857142857
2026-03-19,462878720,1,0.0,1.0,1365.0
2026-03-19,467007550,64,3.0,61.0,1756.56359375
2026-03-19,468506772,5,0.0,5.0,1887.8
2026-03-19,468506773,1,0.0,1.0,2196.0
2026-03-19,471342171,16,0.0,16.0,3782.005625
2026-03-19,474397318,119,7.0,112.0,1825.790756302521
2026-03-19,474629420,40,2.0,38.0,1800.0217499999999
2026-03-19,475748707,44,0.0,44.0,1925.7790909090909
2026-03-19,475759397,39,1.0,38.0,1853.9956410256411
2026-03-19,488493915,5,0.0,5.0,3331.932
2026-03-19,504801009,6,0.0,6.0,800.0
2026-03-19,516856408,22,2.0,20.0,2565.0
2026-03-19,528912186,1,0.0,1.0,832.0
2026-03-19,541096165,9,1.0,8.0,2478.0
2026-03-19,541096167,14,0.0,14.0,1731.4164285714287
2026-03-19,649988707,3,0.0,3.0,1800.0
2026-03-19,681642682,8,0.0,8.0,1750.0
2026-03-19,715890126,4,0.0,4.0,1400.0
2026-03-19,715890127,1,0.0,1.0,1440.0
2026-03-19,715890128,1,0.0,1.0,1560.0
2026-03-19,715890129,1,0.0,1.0,1560.0
2026-03-19,732543825,3,0.0,3.0,1650.0
2026-03-19,732543827,2,0.0,2.0,1700.455
2026-03-19,732543829,9,0.0,9.0,1574.99
2026-03-19,756653629,1,0.0,1.0,2250.0
2026-03-19,759970497,1,0.0,1.0,1300.0
2026-03-19,760169672,4,0.0,4.0,1500.0
2026-03-19,760169674,5,0.0,5.0,1300.0
2026-03-19,760169675,1,0.0,1.0,1550.0
2026-03-19,760169676,1,0.0,1.0,1650.0
2026-03-19,760323301,37,3.0,34.0,1751.395945945946
2026-03-19,760323302,9,0.0,9.0,2244.2
2026-03-19,760323303,3,0.0,3.0,2400.0
2026-03-19,760323304,11,0.0,11.0,2272.7272727272725
2026-03-19,760323305,20,1.0,19.0,2285.714285714286
2026-03-19,760323306,12,1.0,11.0,2550.0
2026-03-19,760323307,23,0.0,23.0,1958.695652173913
2026-03-19,775902154,22,0.0,22.0,1100.0068181818183
2026-03-19,775902155,1,0.0,1.0,1000.0
2026-03-19,775902156,2,0.0,2.0,999.97
2026-03-19,775902157,4,0.0,4.0,1000.0
2026-03-19,775902158,1,0.0,1.0,1000.0
2026-03-19,775902160,9,0.0,9.0,999.9866666666668
2026-03-19,783403723,28,0.0,28.0,2148.271724137931
2026-03-19,783403724,13,1.0,12.0,2299.993846153846
2026-03-19,783403725,12,2.0,10.0,2350.0
2026-03-19,788921071,39,3.0,36.0,1948.74725
2026-03-19,788921072,14,1.0,13.0,1907.142857142857
2026-03-19,788921073,24,2.0,22.0,2120.8308333333334
2026-03-19,788940601,4,0.0,4.0,3299.9825
2026-03-19,788940602,8,2.0,6.0,3475.0
2026-03-19,788940603,8,1.0,7.0,3362.51125
2026-03-19,788940604,10,0.0,10.0,3140.0
2026-03-19,788946367,23,4.0,19.0,2104.3473913043476
2026-03-19,789090595,8,0.0,8.0,1800.0
2026-03-19,789090596,10,0.0,10.0,1600.0
2026-03-19,789090597,1,0.0,1.0,2000.0
2026-03-19,789090598,7,0.0,7.0,1749.9857142857143
2026-03-19,790500903,11,1.0,10.0,2013.6363636363637
2026-03-19,790500904,9,1.0,8.0,1972.2344444444445
2026-03-19,790500905,9,3.0,6.0,2172.222222222222
2026-03-19,790943351,3,0.0,3.0,1320.0
2026-03-19,796420740,1,0.0,1.0,800.0
2026-03-19,796583763,1,0.0,1.0,2099.99
2026-03-19,800256397,8,0.0,8.0,3756.25
2026-03-19,800256398,9,1.0,8.0,3638.8888888888887
2026-03-19,800270333,12,1.0,11.0,3591.659166666667
2026-03-19,800270334,6,1.0,5.0,3700.0
2026-03-19,806630258,3,1.0,2.0,1160.0
2026-03-19,847993701,4,0.0,4.0,1349.975
2026-03-19,850497739,3,0.0,3.0,1425.0
2026-03-20,218467926,3,0.0,3.0,1015.0
2026-03-20,219033581,2,0.0,2.0,1686.225
2026-03-20,219037028,1,0.0,1.0,1886.11
2026-03-20,220783118,2,0.0,2.0,1828.0
2026-03-20,220783128,6,0.0,6.0,1519.9800000000002
2026-03-20,220783129,1,0.0,1.0,1731.58
2026-03-20,220796910,9,0.0,9.0,1055.0755555555556
2026-03-20,220796916,8,1.0,7.0,1184.0025
2026-03-20,220796924,10,0.0,10.0,1085.0
2026-03-20,220796932,10,1.0,9.0,988.973
2026-03-20,221217363,5,0.0,5.0,1206.0
2026-03-20,223302777,4,0.0,4.0,1239.045
2026-03-20,223615358,3,0.0,3.0,1622.0
2026-03-20,225505021,18,0.0,18.0,360.00166666666667
2026-03-20,247803775,22,0.0,22.0,1355.5563636363638
2026-03-20,247803776,23,0.0,23.0,1285.0652173913043
2026-03-20,248166626,125,3.0,122.0,1825.23448
2026-03-20,248173261,76,5.0,71.0,1827.5119736842105
2026-03-20,248591628,13,1.0,12.0,1808.309230769231
2026-03-20,248591629,12,0.0,12.0,1795.4975000000002
2026-03-20,248639013,118,1.0,117.0,1712.9475630252102
2026-03-20,248639014,39,0.0,39.0,1878.4615384615386
2026-03-20,251889892,3,0.0,3.0,1658.0
2026-03-20,251889894,15,2.0,13.0,1804.1333333333334
2026-03-20,253236688,6,0.0,6.0,1584.1383333333333
2026-03-20,253237666,3,0.0,3.0,1845.0
2026-03-20,258836990,1,0.0,1.0,1052.0
2026-03-20,273080437,1,0.0,1.0,806.73
2026-03-20,278278778,5,0.0,5.0,1815.018
2026-03-20,278837544,1,0.0,1.0,1012.0
2026-03-20,278837827,2,0.0,2.0,918.0
2026-03-20,286985384,5,0.0,5.0,1660.0
2026-03-20,286985385,5,0.0,5.0,1660.0
2026-03-20,296818633,1,0.0,1.0,842.76
2026-03-20,300294506,9,1.0,8.0,1912.9422222222222
2026-03-20,300294507,4,0.0,4.0,1742.0
2026-03-20,331575070,15,0.0,15.0,1169.4720000000002
2026-03-20,331575073,3,1.0,2.0,1164.0
2026-03-20,331575074,13,0.0,13.0,1180.393076923077
2026-03-20,331575075,10,2.0,8.0,1182.991
2026-03-20,337308569,9,1.0,8.0,1728.3333333333333
2026-03-20,366760796,8,1.0,7.0,1107.0
2026-03-20,366760798,2,0.0,2.0,1123.0
2026-03-20,366813879,2,1.0,1.0,952.0
2026-03-20,366813884,15,0.0,15.0,1048.9266666666667
2026-03-20,366813885,9,1.0,8.0,879.5454545454545
2026-03-20,366822992,1,0.0,1.0,1147.0
2026-03-20,377241928,1,0.0,1.0,1062.0
2026-03-20,377242549,1,0.0,1.0,1503.0
2026-03-20,384494968,5,0.0,5.0,1250.0
2026-03-20,444461581,55,4.0,51.0,1845.2545454545455
2026-03-20,451093486,3,0.0,3.0,1284.6666666666667
2026-03-20,462870185,2,0.0,2.0,1904.0
2026-03-20,462870186,27,2.0,25.0,1695.7033333333331
2026-03-20,462878720,2,0.0,2.0,1365.0
2026-03-20,467007550,45,6.0,39.0,1767.3384444444443
2026-03-20,468506772,8,0.0,8.0,1883.5
2026-03-20,468506773,1,0.0,1.0,2196.0
2026-03-20,471342171,16,2.0,14.0,3559.537058823529
2026-03-20,474397318,123,5.0,118.0,1819.7030081300813
2026-03-20,474629420,54,3.0,51.0,1804.9972222222223
2026-03-20,475748707,83,4.0,79.0,1928.420357142857
2026-03-20,475759397,43,6.0,37.0,1853.9995348837208
2026-03-20,488493915,12,0.0,12.0,3331.974166666667
2026-03-20,504801009,12,0.0,12.0,799.9616666666667
2026-03-20,516856408,19,1.0,18.0,2563.5789473684213
2026-03-20,541096165,7,2.0,5.0,2168.25
2026-03-20,541096166,1,0.0,1.0,2700.0
2026-03-20,541096167,9,1.0,8.0,1523.999
2026-03-20,585840783,1,0.0,1.0,800.0
2026-03-20,649988707,1,0.0,1.0,1800.0
2026-03-20,681642682,2,0.0,2.0,1750.0
2026-03-20,715890126,1,0.0,1.0,1400.0
2026-03-20,715890129,1,0.0,1.0,1560.0
2026-03-20,732543825,3,0.0,3.0,1650.3999999999999
2026-03-20,732543829,8,0.0,8.0,1750.0
2026-03-20,756653629,3,0.0,3.0,2249.9566666666665
2026-03-20,760169672,1,0.0,1.0,1500.0
2026-03-20,760169674,7,0.0,7.0,1299.9985714285715
2026-03-20,760169675,2,0.0,2.0,1550.0
2026-03-20,760169676,1,0.0,1.0,1650.0
2026-03-20,760323301,35,1.0,34.0,1749.9917142857144
2026-03-20,760323302,7,1.0,6.0,2520.0
2026-03-20,760323303,1,0.0,1.0,2400.0
2026-03-20,760323304,19,2.0,17.0,2250.0084210526315
2026-03-20,760323305,10,0.0,10.0,2399.9939999999997
2026-03-20,760323306,10,0.0,10.0,2550.0
2026-03-20,760323307,24,1.0,23.0,1872.0044
2026-03-20,775902154,17,1.0,16.0,1100.0
2026-03-20,775902156,5,0.0,5.0,833.3333333333334
2026-03-20,775902157,4,0.0,4.0,1000.0
2026-03-20,775902158,2,0.0,2.0,1000.61
2026-03-20,775902160,10,0.0,10.0,1000.0
2026-03-20,783403723,29,1.0,28.0,2236.1979310344827
2026-03-20,783403724,16,1.0,15.0,2300.004375
2026-03-20,783403725,13,1.0,12.0,2350.0
2026-03-20,788921071,37,5.0,32.0,2004.0494594594595
2026-03-20,788921072,14,1.0,13.0,1925.0107142857144
2026-03-20,788921073,21,0.0,21.0,2036.4345454545453
2026-03-20,788940601,6,0.0,6.0,3333.3333333333335
2026-03-20,788940602,9,1.0,8.0,3455.5555555555557
2026-03-20,788940603,11,2.0,9.0,3522.7390909090905
2026-03-20,788940604,7,0.0,7.0,3178.5714285714284
2026-03-20,788946367,18,2.0,16.0,2100.0049999999997
2026-03-20,789090595,7,1.0,6.0,1799.9857142857143
2026-03-20,789090596,6,1.0,5.0,1599.9883333333335
2026-03-20,789090597,4,1.0,3.0,1975.0
2026-03-20,789090598,12,0.0,12.0,1749.9908333333333
2026-03-20,790500903,5,2.0,3.0,2029.9720000000002
2026-03-20,790500904,9,1.0,8.0,1916.6666666666667
2026-03-20,790500905,8,0.0,8.0,1987.5025
2026-03-20,790943351,3,0.0,3.0,1333.3333333333333
2026-03-20,796326738,2,0.0,2.0,980.0
2026-03-20,796420740,2,0.0,2.0,800.0
2026-03-20,796583762,1,0.0,1.0,2250.0
2026-03-20,796583763,1,1.0,0.0,2100.0
2026-03-20,800256397,10,0.0,10.0,3775.012
2026-03-20,800256398,10,0.0,10.0,3490.022
2026-03-20,800270333,8,2.0,6.0,3600.0
2026-03-20,800270334,5,2.0,3.0,3570.0
2026-03-20,800280518,2,0.0,2.0,2500.0
2026-03-20,806630258,2,0.0,2.0,1160.0
2026-03-20,818305600,1,0.0,1.0,1400.0
2026-03-20,847993701,8,0.0,8.0,1353.125
2026-03-20,847993702,2,0.0,2.0,1350.0149999999999
2026-03-20,850497739,2,0.0,2.0,1425.0
2026-03-20,874138991,1,0.0,1.0,1500.0
2026-03-20,874196283,1,0.0,1.0,1480.0
2026-03-21,218456964,1,0.0,1.0,902.0
2026-03-21,218467926,2,0.0,2.0,1015.0
2026-03-21,219033581,2,0.0,2.0,1686.0
2026-03-21,219037028,1,0.0,1.0,1886.0
2026-03-21,220783118,1,0.0,1.0,1828.0
2026-03-21,220783128,6,0.0,6.0,1520.0
2026-03-21,220796910,5,0.0,5.0,1055.0
2026-03-21,220796916,12,0.0,12.0,1184.0016666666668
2026-03-21,220796924,10,0.0,10.0,1084.998
2026-03-21,220796932,5,0.0,5.0,988.9459999999999
2026-03-21,221217363,6,0.0,6.0,1206.0
2026-03-21,223302777,5,0.0,5.0,1239.0
2026-03-21,223615358,3,0.0,3.0,1622.0
2026-03-21,225505021,15,0.0,15.0,361.5366666666667
2026-03-21,247803775,18,1.0,17.0,1362.2777777777778
2026-03-21,247803776,22,1.0,21.0,1285.019090909091
2026-03-21,248166626,152,4.0,148.0,1812.5841176470587
2026-03-21,248173261,74,4.0,70.0,1793.41
2026-03-21,248591628,12,2.0,10.0,1810.0
2026-03-21,248591629,8,0.0,8.0,1784.99875
2026-03-21,248639013,125,2.0,123.0,1713.974365079365
2026-03-21,248639014,28,0.0,28.0,1873.9321428571427
2026-03-21,251889892,3,0.0,3.0,1658.0
2026-03-21,251889894,14,3.0,11.0,1817.2142857142858
2026-03-21,253236688,1,0.0,1.0,1584.0
2026-03-21,253237666,2,0.0,2.0,1845.0
2026-03-21,258834337,2,0.0,2.0,956.0
2026-03-21,262595711,1,0.0,1.0,1116.0
2026-03-21,278278778,10,0.0,10.0,1815.0
2026-03-21,286985384,4,0.0,4.0,1660.0
2026-03-21,286985385,3,0.0,3.0,1660.0
2026-03-21,296818633,8,0.0,8.0,842.99375
2026-03-21,300294506,4,0.0,4.0,1913.0
2026-03-21,300294507,8,0.0,8.0,1742.0
2026-03-21,331575070,8,1.0,7.0,1163.8025
2026-03-21,331575073,6,0.0,6.0,1188.6666666666667
2026-03-21,331575074,4,0.0,4.0,1188.0
2026-03-21,331575075,13,1.0,12.0,1175.9730769230769
2026-03-21,337308569,5,0.0,5.0,1730.6
2026-03-21,366760796,7,0.0,7.0,1107.0
2026-03-21,366760798,4,0.0,4.0,1123.0
2026-03-21,366813884,7,0.0,7.0,1049.0
2026-03-21,366813885,1,0.0,1.0,1075.0
2026-03-21,384494968,4,0.0,4.0,1249.9625
2026-03-21,444461581,53,3.0,50.0,1847.9922641509434
2026-03-21,451093486,3,0.0,3.0,1271.0
2026-03-21,462870185,6,0.0,6.0,1883.6666666666667
2026-03-21,462870186,21,1.0,20.0,1725.050476190476
2026-03-21,462878720,1,0.0,1.0,1365.0
2026-03-21,467007550,49,4.0,45.0,1770.109387755102
2026-03-21,468506772,2,1.0,1.0,1883.38
2026-03-21,468506773,3,1.0,2.0,2196.0
2026-03-21,471342171,18,2.0,16.0,3782.0
2026-03-21,474397318,117,4.0,113.0,1817.478220338983
2026-03-21,474629420,53,2.0,51.0,1778.3394444444446
2026-03-21,475748707,41,4.0,37.0,1972.7124390243905
2026-03-21,475759397,29,1.0,28.0,1792.2243333333333
2026-03-21,488493915,4,1.0,3.0,3332.0
2026-03-21,504801009,8,0.0,8.0,800.0
2026-03-21,516856408,20,1.0,19.0,2574.0
2026-03-21,541096165,8,1.0,7.0,2478.0
2026-03-21,541096167,17,2.0,15.0,1687.0588235294117
2026-03-21,549254419,2,0.0,2.0,1578.0
2026-03-21,649988707,1,0.0,1.0,1800.0
2026-03-21,681642682,1,0.0,1.0,1749.9
2026-03-21,715890126,3,0.0,3.0,1400.0
2026-03-21,715890127,2,0.0,2.0,1440.0
2026-03-21,715890128,1,0.0,1.0,1560.0
2026-03-21,732543825,1,0.0,1.0,1650.0
2026-03-21,732543827,3,0.0,3.0,1700.0
2026-03-21,732543829,10,0.0,10.0,1749.9900000000002
2026-03-21,756653629,3,0.0,3.0,2250.0
2026-03-21,760169672,3,0.0,3.0,1500.0
2026-03-21,760169673,1,0.0,1.0,1550.0
2026-03-21,760169674,7,0.0,7.0,1300.0
2026-03-21,760169675,2,0.0,2.0,1550.0
2026-03-21,760169676,1,0.0,1.0,1650.0
2026-03-21,760323301,34,0.0,34.0,1701.4454285714285
2026-03-21,760323302,6,0.0,6.0,2531.6583333333333
2026-03-21,760323303,3,0.0,3.0,2400.0
2026-03-21,760323304,7,0.0,7.0,2264.2799999999997
2026-03-21,760323305,23,1.0,22.0,2404.3478260869565
2026-03-21,760323306,8,0.0,8.0,2549.97125
2026-03-21,760323307,18,0.0,18.0,1950.0022222222224
2026-03-21,775902154,26,0.0,26.0,1100.0
2026-03-21,775902155,1,0.0,1.0,1000.0
2026-03-21,775902156,3,0.0,3.0,1000.0300000000001
2026-03-21,775902158,3,0.0,3.0,1000.0
2026-03-21,775902160,7,0.0,7.0,1000.0
2026-03-21,783403723,23,1.0,22.0,2232.608695652174
2026-03-21,783403724,11,1.0,10.0,2300.0063636363634
2026-03-21,783403725,14,2.0,12.0,2350.0
2026-03-21,788921071,30,1.0,29.0,2001.714
2026-03-21,788921072,15,2.0,13.0,1923.3373333333334
2026-03-21,788921073,14,1.0,13.0,2150.0
2026-03-21,788940601,7,0.0,7.0,3328.5714285714284
2026-03-21,788940602,9,4.0,5.0,3455.5555555555557
2026-03-21,788940603,13,1.0,12.0,3503.849230769231
2026-03-21,788940604,11,2.0,9.0,3213.6363636363635
2026-03-21,788946367,26,1.0,25.0,2088.4615384615386
2026-03-21,789090595,7,0.0,7.0,1799.9928571428572
2026-03-21,789090596,17,0.0,17.0,1511.1444444444444
2026-03-21,789090597,5,0.0,5.0,1910.0
2026-03-21,789090598,4,1.0,3.0,1750.0
2026-03-21,790500903,14,0.0,14.0,2021.4285714285713
2026-03-21,790500904,8,1.0,7.0,1818.75
2026-03-21,790500905,16,0.0,16.0,1928.121875
2026-03-21,790943351,3,0.0,3.0,1346.6666666666667
2026-03-21,790943352,1,0.0,1.0,1800.0
2026-03-21,796326738,3,1.0,2.0,826.6666666666666
2026-03-21,796420740,1,0.0,1.0,800.0
2026-03-21,796583762,1,0.0,1.0,2250.0
2026-03-21,796583763,2,0.0,2.0,2100.0
2026-03-21,800256397,7,1.0,6.0,3300.0
2026-03-21,800256398,7,0.0,7.0,3714.2957142857144
2026-03-21,800270333,14,0.0,14.0,3600.0764285714286
2026-03-21,800270334,7,1.0,6.0,3692.8571428571427
2026-03-21,800280518,1,0.0,1.0,2500.0
2026-03-21,806630258,3,0.0,3.0,1160.0
2026-03-21,847993700,1,0.0,1.0,1450.0
2026-03-21,847993701,4,0.0,4.0,1350.0
2026-03-21,847993702,1,0.0,1.0,1350.0
2026-03-21,874196283,1,0.0,1.0,1480.0
2026-03-22,218467926,2,0.0,2.0,1015.0
2026-03-22,219033581,6,0.0,6.0,1686.0
2026-03-22,220783118,2,0.0,2.0,1827.8049999999998
2026-03-22,220783128,4,0.0,4.0,1520.0
2026-03-22,220796910,5,0.0,5.0,1055.0
2026-03-22,220796916,10,0.0,10.0,1184.0
2026-03-22,220796924,13,0.0,13.0,1085.0
2026-03-22,220796932,7,0.0,7.0,989.0
2026-03-22,221216505,1,0.0,1.0,1703.0
2026-03-22,221216935,1,0.0,1.0,1697.0
2026-03-22,221217363,6,0.0,6.0,1206.0
2026-03-22,223302777,6,0.0,6.0,1239.1766666666665
2026-03-22,225505021,12,0.0,12.0,360.00333333333333
2026-03-22,247803775,29,0.0,29.0,1357.6196551724138
2026-03-22,247803776,25,2.0,23.0,1285.0
2026-03-22,248166626,149,5.0,144.0,1822.8528
2026-03-22,248173261,66,6.0,60.0,1872.5025757575756
2026-03-22,248591628,10,3.0,7.0,1821.4
2026-03-22,248591629,7,2.0,5.0,1805.98
2026-03-22,248639013,134,1.0,133.0,1681.1952611940299
2026-03-22,248639014,47,0.0,47.0,1870.0
2026-03-22,251889892,3,0.0,3.0,1672.6666666666667
2026-03-22,251889894,16,1.0,15.0,1810.58875
2026-03-22,253236688,1,0.0,1.0,1584.0
2026-03-22,253237666,2,0.0,2.0,1845.0
2026-03-22,258834337,1,0.0,1.0,956.0
2026-03-22,262595711,1,0.0,1.0,1116.0
2026-03-22,278278778,3,0.0,3.0,1815.3433333333332
2026-03-22,286985384,5,0.0,5.0,1660.0
2026-03-22,286985385,3,0.0,3.0,1660.0
2026-03-22,296818633,7,0.0,7.0,737.625
2026-03-22,300294506,8,0.0,8.0,1913.0
2026-03-22,300294507,7,2.0,5.0,1742.0
2026-03-22,315032004,1,0.0,1.0,1468.49
2026-03-22,331575070,14,1.0,13.0,1176.0057142857145
2026-03-22,331575073,7,0.0,7.0,931.0
2026-03-22,331575074,18,1.0,17.0,1188.0
2026-03-22,331575075,23,2.0,21.0,1179.05
2026-03-22,337308569,5,2.0,3.0,1740.8
2026-03-22,366760796,7,0.0,7.0,1107.0
2026-03-22,366760798,2,0.0,2.0,1123.0
2026-03-22,366813879,1,0.0,1.0,952.0
2026-03-22,366813884,6,2.0,4.0,1048.7316666666668
2026-03-22,366813885,4,0.0,4.0,1075.0
2026-03-22,377241928,1,0.0,1.0,1062.0
2026-03-22,377242343,1,0.0,1.0,1063.0
2026-03-22,384494968,2,1.0,1.0,1250.0
2026-03-22,444461581,60,1.0,59.0,1848.4576666666667
2026-03-22,451093486,4,0.0,4.0,1271.0
2026-03-22,453167036,1,0.0,1.0,1260.0
2026-03-22,462870185,4,0.0,4.0,1904.0
2026-03-22,462870186,14,2.0,12.0,1778.4285714285713
2026-03-22,462878720,2,2.0,0.0,1365.0
2026-03-22,467007550,48,3.0,45.0,1790.9529166666669
2026-03-22,468506772,8,0.0,8.0,1899.625
2026-03-22,468506773,1,0.0,1.0,2196.0
2026-03-22,471342171,17,0.0,17.0,3782.0
2026-03-22,474397318,111,6.0,105.0,1848.8091891891893
2026-03-22,474629420,45,1.0,44.0,1793.9993333333334
2026-03-22,475748707,42,3.0,39.0,1989.1288095238097
2026-03-22,475759397,42,3.0,39.0,1854.0016666666668
2026-03-22,488493915,5,0.0,5.0,2776.7549999999997
2026-03-22,504801009,5,0.0,5.0,800.0
2026-03-22,516856408,16,1.0,15.0,2574.0
2026-03-22,528912182,1,0.0,1.0,438.0
2026-03-22,541096165,10,1.0,9.0,2478.0
2026-03-22,541096167,35,0.0,35.0,1690.2785714285715
2026-03-22,549254419,1,0.0,1.0,1578.0
2026-03-22,649988707,3,0.0,3.0,1800.0
2026-03-22,681642682,2,0.0,2.0,1750.0
2026-03-22,715890126,4,0.0,4.0,1400.0
2026-03-22,715890127,3,0.0,3.0,1440.0
2026-03-22,715890128,2,0.0,2.0,1560.0
2026-03-22,715890129,2,0.0,2.0,1560.0
2026-03-22,724729234,1,0.0,1.0,1640.0
2026-03-22,732543825,1,0.0,1.0,1650.0
2026-03-22,732543829,5,0.0,5.0,1750.0
2026-03-22,756653629,4,0.0,4.0,2250.0
2026-03-22,760169674,8,0.0,8.0,1300.0
2026-03-22,760169675,1,0.0,1.0,1550.0
2026-03-22,760169676,2,0.0,2.0,1650.0
2026-03-22,760323301,28,1.0,27.0,1689.648275862069
2026-03-22,760323302,3,1.0,2.0,2548.0
2026-03-22,760323303,3,0.0,3.0,2400.0
2026-03-22,760323304,10,0.0,10.0,2275.0
2026-03-22,760323305,12,1.0,11.0,2400.0
2026-03-22,760323306,11,0.0,11.0,2550.0
2026-03-22,760323307,28,1.0,27.0,1950.0
2026-03-22,775902154,22,1.0,21.0,1099.9945454545455
2026-03-22,775902155,4,0.0,4.0,1000.0
2026-03-22,775902156,1,0.0,1.0,1000.0
2026-03-22,775902157,2,0.0,2.0,1000.0
2026-03-22,775902158,4,0.0,4.0,1000.0
2026-03-22,775902160,5,0.0,5.0,1000.0
2026-03-22,783403723,19,1.0,18.0,2026.1904761904761
2026-03-22,783403724,9,1.0,8.0,2300.0
2026-03-22,783403725,13,1.0,12.0,2350.0007692307695
2026-03-22,788921071,20,3.0,17.0,2000.0
2026-03-22,788921072,16,3.0,13.0,1946.875
2026-03-22,788921073,23,3.0,20.0,2169.5647826086956
2026-03-22,788940601,6,1.0,5.0,2885.714285714286
2026-03-22,788940602,9,2.0,7.0,3411.172222222222
2026-03-22,788940603,12,1.0,11.0,3525.0
2026-03-22,788940604,9,0.0,9.0,3216.6666666666665
2026-03-22,788946367,33,1.0,32.0,2034.8484848484848
2026-03-22,789090595,14,0.0,14.0,1800.0
2026-03-22,789090596,16,0.0,16.0,1637.508125
2026-03-22,789090597,13,0.0,13.0,1873.076153846154
2026-03-22,789090598,12,0.0,12.0,1749.9883333333335
2026-03-22,790500903,8,1.0,7.0,2031.25
2026-03-22,790500904,12,1.0,11.0,1804.1666666666667
2026-03-22,790500905,16,1.0,15.0,1871.87
2026-03-22,790943351,2,0.0,2.0,1360.0
2026-03-22,796420740,2,0.0,2.0,760.0
2026-03-22,796420741,1,0.0,1.0,760.0
2026-03-22,796583762,2,0.0,2.0,2350.0
2026-03-22,796583763,1,1.0,0.0,2100.0
2026-03-22,800256397,6,1.0,5.0,3791.6666666666665
2026-03-22,800256398,6,0.0,6.0,3625.0
2026-03-22,800270333,9,2.0,7.0,3622.222222222222
2026-03-22,800270334,12,1.0,11.0,3758.3225
2026-03-22,800280518,1,0.0,1.0,2500.0
2026-03-22,806630258,2,0.0,2.0,1160.0
2026-03-22,818305600,1,0.0,1.0,1400.0
2026-03-22,847993701,2,0.0,2.0,1350.0
2026-03-22,847993702,3,0.0,3.0,1233.3333333333333
2026-03-22,850497739,1,0.0,1.0,1375.0
2026-03-22,874138991,1,0.0,1.0,1250.0
2026-03-22,874138996,1,0.0,1.0,1200.0
2026-03-22,874196283,1,0.0,1.0,1480.0
2026-03-23,218467926,2,0.0,2.0,1015.0
2026-03-23,219033581,3,0.0,3.0,1686.1633333333332
2026-03-23,220783118,1,0.0,1.0,1828.0
2026-03-23,220783121,1,0.0,1.0,2090.0
2026-03-23,220783128,3,0.0,3.0,1520.0
2026-03-23,220783129,1,0.0,1.0,1732.0
2026-03-23,220796910,5,0.0,5.0,1055.0
2026-03-23,220796916,6,1.0,5.0,1184.0
2026-03-23,220796924,7,0.0,7.0,1085.0
2026-03-23,220796932,4,0.0,4.0,988.7675
2026-03-23,221216505,2,0.0,2.0,1702.905
2026-03-23,221217363,4,0.0,4.0,1206.0
2026-03-23,223302777,1,0.0,1.0,1239.0
2026-03-23,223615358,2,0.0,2.0,1622.0
2026-03-23,225505021,19,1.0,18.0,360.00105263157894
2026-03-23,247803775,18,2.0,16.0,1363.8844444444444
2026-03-23,247803776,21,2.0,19.0,1285.047142857143
2026-03-23,248166626,146,7.0,139.0,1832.279387755102
2026-03-23,248173261,84,6.0,78.0,1886.5921176470588
2026-03-23,248591628,10,1.0,9.0,1825.0
2026-03-23,248591629,7,0.0,7.0,1799.98
2026-03-23,248639013,140,8.0,132.0,1733.059219858156
2026-03-23,248639014,56,0.0,56.0,1869.9991071428572
2026-03-23,251889892,2,0.0,2.0,1658.0
2026-03-23,251889894,10,1.0,9.0,1821.896
2026-03-23,253236688,3,0.0,3.0,1584.0
2026-03-23,253237666,2,0.0,2.0,1845.04
2026-03-23,262595711,1,0.0,1.0,1116.0
2026-03-23,278278778,1,0.0,1.0,1815.0
2026-03-23,278837827,1,0.0,1.0,918.0
2026-03-23,286985384,2,0.0,2.0,1660.0
2026-03-23,286985385,4,0.0,4.0,1660.3525
2026-03-23,296818633,7,0.0,7.0,843.0
2026-03-23,300294506,12,1.0,11.0,1765.8461538461538
2026-03-23,300294507,3,0.0,3.0,1742.0
2026-03-23,315032004,1,0.0,1.0,1467.0
2026-03-23,331575070,11,1.0,10.0,1175.999090909091
2026-03-23,331575073,6,1.0,5.0,1197.0
2026-03-23,331575074,9,1.0,8.0,1188.0
2026-03-23,331575075,6,1.0,5.0,1182.9766666666667
2026-03-23,337308569,8,1.0,7.0,1744.75625
2026-03-23,366760796,4,0.0,4.0,1107.0
2026-03-23,366760798,5,0.0,5.0,1122.968
2026-03-23,366813879,2,0.0,2.0,952.0
2026-03-23,366813884,7,0.0,7.0,1049.0
2026-03-23,366813885,5,1.0,4.0,1075.0
2026-03-23,377241928,1,0.0,1.0,1062.0
2026-03-23,384494968,7,0.0,7.0,1250.0
2026-03-23,444461581,62,5.0,57.0,1820.0503174603175
2026-03-23,451093486,2,0.0,2.0,1271.04
2026-03-23,462870185,5,0.0,5.0,1903.9260000000002
2026-03-23,462870186,10,0.0,10.0,1840.812
2026-03-23,462878720,1,0.0,1.0,1365.0
2026-03-23,467007550,46,2.0,44.0,1794.673043478261
2026-03-23,468506772,2,0.0,2.0,1905.0
2026-03-23,468506773,1,0.0,1.0,1693.0
2026-03-23,471342171,13,2.0,11.0,3782.012307692308
2026-03-23,474397318,98,3.0,95.0,1840.0944444444444
2026-03-23,474629420,49,1.0,48.0,1735.606862745098
2026-03-23,475748707,47,2.0,45.0,1995.4327659574467
2026-03-23,475759397,29,1.0,28.0,1854.0027586206897
2026-03-23,488493915,5,0.0,5.0,3553.9739999999997
2026-03-23,504801009,7,1.0,6.0,800.0
2026-03-23,516856408,15,2.0,13.0,2574.0
2026-03-23,541096165,6,0.0,6.0,2478.0
2026-03-23,541096166,1,0.0,1.0,2700.0
2026-03-23,541096167,31,2.0,29.0,1683.8709677419354
2026-03-23,649988707,3,0.0,3.0,1800.0
2026-03-23,681642682,2,0.0,2.0,1750.0
2026-03-23,715890126,1,0.0,1.0,1400.0
2026-03-23,715890127,1,0.0,1.0,1440.0
2026-03-23,715890128,1,0.0,1.0,1560.0
2026-03-23,715890129,1,0.0,1.0,1560.0
2026-03-23,724729234,1,0.0,1.0,1640.0
2026-03-23,732543825,1,0.0,1.0,1650.0
2026-03-23,732543829,7,0.0,7.0,1749.9857142857143
2026-03-23,756653629,1,0.0,1.0,2250.0
2026-03-23,759970497,3,0.0,3.0,1300.0
2026-03-23,760169672,1,0.0,1.0,1500.0
2026-03-23,760169674,6,0.0,6.0,1300.0
2026-03-23,760169675,1,0.0,1.0,1550.0
2026-03-23,760323301,24,3.0,21.0,1749.99125
2026-03-23,760323302,5,1.0,4.0,2528.4
2026-03-23,760323303,1,0.0,1.0,2400.0
2026-03-23,760323304,10,1.0,9.0,2275.0
2026-03-23,760323305,7,0.0,7.0,2399.9828571428575
2026-03-23,760323306,18,4.0,14.0,2550.007222222222
2026-03-23,760323307,20,6.0,14.0,1950.0035
2026-03-23,775902154,19,1.0,18.0,1100.3436842105264
2026-03-23,775902155,2,1.0,1.0,1000.0
2026-03-23,775902156,1,0.0,1.0,1000.0
2026-03-23,775902157,1,0.0,1.0,1000.0
2026-03-23,775902160,7,0.0,7.0,999.9799999999999
2026-03-23,783403723,31,2.0,29.0,2243.548387096774
2026-03-23,783403724,10,1.0,9.0,2300.0
2026-03-23,783403725,20,2.0,18.0,2350.0005
2026-03-23,788921071,44,3.0,41.0,2018.1818181818182
2026-03-23,788921072,22,4.0,18.0,1950.0
2026-03-23,788921073,15,2.0,13.0,2180.0
2026-03-23,788940601,8,1.0,7.0,3450.0012500000003
2026-03-23,788940602,7,1.0,6.0,3614.27
2026-03-23,788940603,6,1.0,5.0,3550.0
2026-03-23,788940604,8,4.0,4.0,3312.5125
2026-03-23,788946367,32,4.0,28.0,1969.6890909090907
2026-03-23,789090595,9,1.0,8.0,1800.0
2026-03-23,789090596,13,0.0,13.0,1542.857142857143
2026-03-23,789090597,13,1.0,12.0,1850.0069230769232
2026-03-23,789090598,12,1.0,11.0,1750.0
2026-03-23,790500903,6,1.0,5.0,1925.0
2026-03-23,790500904,14,3.0,11.0,1660.0
2026-03-23,790500905,18,2.0,16.0,1811.1122222222223
2026-03-23,790943351,1,0.0,1.0,1360.0
2026-03-23,790943352,2,0.0,2.0,1800.0
2026-03-23,796326738,1,0.0,1.0,800.0
2026-03-23,796420740,1,0.0,1.0,800.0
2026-03-23,796420741,2,0.0,2.0,920.0
2026-03-23,796583762,2,0.0,2.0,2300.0
2026-03-23,800256397,6,0.0,6.0,3791.6766666666667
2026-03-23,800256398,6,0.0,6.0,3649.978333333333
2026-03-23,800270333,10,1.0,9.0,3679.9910000000004
2026-03-23,800270334,2,0.0,2.0,3825.0
2026-03-23,800280518,4,0.0,4.0,2500.0
2026-03-23,806630258,4,0.0,4.0,1160.0
2026-03-23,847993700,1,0.0,1.0,1275.0
2026-03-23,847993701,6,0.0,6.0,1316.6666666666667
2026-03-23,847993702,3,0.0,3.0,1175.0
2026-03-23,874138996,2,0.0,2.0,1200.0
2026-03-24,218467926,2,0.0,2.0,1015.0
2026-03-24,219033581,1,0.0,1.0,1686.0
2026-03-24,219037028,1,0.0,1.0,1886.0
2026-03-24,220783118,2,0.0,2.0,1828.0
2026-03-24,220783128,3,0.0,3.0,1520.0
2026-03-24,220783129,1,0.0,1.0,1732.0
2026-03-24,220796910,4,0.0,4.0,1055.0
2026-03-24,220796916,4,0.0,4.0,1184.0
2026-03-24,220796924,9,0.0,9.0,1085.0
2026-03-24,220796932,4,0.0,4.0,989.0
2026-03-24,221217363,7,0.0,7.0,1206.0
2026-03-24,223302777,2,0.0,2.0,1239.0
2026-03-24,223615358,1,0.0,1.0,1622.0
2026-03-24,225505021,12,0.0,12.0,360.0
2026-03-24,247803775,18,0.0,18.0,1362.2494444444446
2026-03-24,247803776,21,1.0,20.0,1226.6054545454544
2026-03-24,248166626,132,3.0,129.0,1855.1816666666668
2026-03-24,248173261,57,4.0,53.0,1909.4013793103447
2026-03-24,248591628,13,1.0,12.0,1813.923076923077
2026-03-24,248591629,11,2.0,9.0,1813.6363636363637
2026-03-24,248639013,142,1.0,141.0,1763.3847183098592
2026-03-24,248639014,49,5.0,44.0,1832.5936
2026-03-24,251889892,2,0.0,2.0,1105.3333333333333
2026-03-24,251889894,12,1.0,11.0,1826.0
2026-03-24,253236688,3,0.0,3.0,1584.0
2026-03-24,253237666,1,0.0,1.0,1845.0
2026-03-24,258836990,1,0.0,1.0,0.0
2026-03-24,262595711,1,0.0,1.0,1116.0
2026-03-24,262596137,1,0.0,1.0,0.0
2026-03-24,273080437,1,0.0,1.0,0.0
2026-03-24,278278778,4,0.0,4.0,1361.25
2026-03-24,286985384,5,0.0,5.0,1660.0
2026-03-24,286985385,1,0.0,1.0,1660.0
2026-03-24,296818633,11,1.0,10.0,843.0
2026-03-24,300294506,6,2.0,4.0,1912.9266666666665
2026-03-24,300294507,6,0.0,6.0,1742.0
2026-03-24,315032004,1,0.0,1.0,1467.0
2026-03-24,331575070,12,2.0,10.0,1192.3333333333333
2026-03-24,331575073,4,0.0,4.0,1222.0
2026-03-24,331575074,9,1.0,8.0,1199.0
2026-03-24,331575075,11,1.0,10.0,1199.5454545454545
2026-03-24,337308569,6,1.0,5.0,1742.5
2026-03-24,337309667,1,0.0,1.0,1177.0
2026-03-24,366760796,3,0.0,3.0,1107.0
2026-03-24,366760798,3,0.0,3.0,1123.0
2026-03-24,366813879,1,0.0,1.0,951.84
2026-03-24,366813884,2,0.0,2.0,1049.0
2026-03-24,366813885,1,0.0,1.0,1075.0
2026-03-24,366813891,1,0.0,1.0,1170.0
2026-03-24,384494968,2,0.0,2.0,1250.0
2026-03-24,444461581,53,1.0,52.0,1850.9737735849058
2026-03-24,451093486,3,0.0,3.0,1271.0
2026-03-24,462870185,4,0.0,4.0,1904.0
2026-03-24,462870186,17,2.0,15.0,1898.4523529411763
2026-03-24,467007550,45,7.0,38.0,1763.6189130434782
2026-03-24,468506772,4,0.0,4.0,1894.19
2026-03-24,468506773,3,1.0,2.0,2196.0
2026-03-24,471342171,15,1.0,14.0,3782.0
2026-03-24,474397318,89,6.0,83.0,1816.7086813186813
2026-03-24,474629420,46,4.0,42.0,1818.588043478261
2026-03-24,475748707,38,5.0,33.0,2001.8947368421052
2026-03-24,475759397,27,3.0,24.0,1854.002962962963
2026-03-24,488493915,4,0.0,4.0,3517.0
2026-03-24,504801009,6,0.0,6.0,666.6666666666666
2026-03-24,516856408,13,0.0,13.0,2573.9976923076924
2026-03-24,516856409,2,0.0,2.0,923.0
2026-03-24,528912182,2,0.0,2.0,438.0
2026-03-24,528912186,2,0.0,2.0,0.0
2026-03-24,528912198,1,0.0,1.0,0.0
2026-03-24,541096165,3,0.0,3.0,2478.0
2026-03-24,541096167,34,3.0,31.0,1687.065
2026-03-24,549254419,2,0.0,2.0,1578.0
2026-03-24,649988707,2,0.0,2.0,1800.0
2026-03-24,681642682,1,0.0,1.0,1750.0
2026-03-24,715890126,1,0.0,1.0,1400.0
2026-03-24,715890127,4,0.0,4.0,1440.0
2026-03-24,715890128,2,0.0,2.0,1560.0
2026-03-24,732543825,1,0.0,1.0,1650.0
2026-03-24,732543829,5,0.0,5.0,1750.0
2026-03-24,759970497,2,0.0,2.0,1300.0
2026-03-24,760169672,1,0.0,1.0,1500.0
2026-03-24,760169674,11,0.0,11.0,1191.6666666666667
2026-03-24,760169676,5,0.0,5.0,1650.19
2026-03-24,760323301,29,1.0,28.0,1750.0168965517241
2026-03-24,760323302,9,2.0,7.0,2537.1111111111113
2026-03-24,760323303,2,0.0,2.0,2400.0
2026-03-24,760323304,11,2.0,9.0,2250.0
2026-03-24,760323305,19,0.0,19.0,2400.0452631578946
2026-03-24,760323306,11,1.0,10.0,2550.0
2026-03-24,760323307,35,0.0,35.0,1950.0214285714285
2026-03-24,775902154,21,1.0,20.0,1100.0309523809524
2026-03-24,775902156,4,0.0,4.0,1000.0
2026-03-24,775902157,1,1.0,0.0,1000.0
2026-03-24,775902158,1,0.0,1.0,1000.0
2026-03-24,775902160,3,0.0,3.0,1000.0
2026-03-24,783403723,16,3.0,13.0,2250.0
2026-03-24,783403724,13,0.0,13.0,2300.0
2026-03-24,783403725,14,0.0,14.0,2350.0
2026-03-24,788921071,30,6.0,24.0,1966.1299999999999
2026-03-24,788921072,13,0.0,13.0,1946.1538461538462
2026-03-24,788921073,21,2.0,19.0,2190.4761904761904
2026-03-24,788940601,8,0.0,8.0,3300.00125
2026-03-24,788940602,10,1.0,9.0,3580.0
2026-03-24,788940603,12,1.0,11.0,3525.0
2026-03-24,788940604,13,2.0,11.0,3257.6923076923076
2026-03-24,788946367,32,7.0,25.0,2015.625
2026-03-24,789090595,11,0.0,11.0,1800.0
2026-03-24,789090596,12,1.0,11.0,1700.01
2026-03-24,789090597,8,3.0,5.0,1850.0
2026-03-24,789090598,8,0.0,8.0,1750.0
2026-03-24,790500903,6,0.0,6.0,1841.6866666666665
2026-03-24,790500904,8,0.0,8.0,1787.5
2026-03-24,790500905,18,2.0,16.0,1749.9944444444445
2026-03-24,790943351,1,0.0,1.0,1320.0
2026-03-24,796420741,1,0.0,1.0,920.0
2026-03-24,796583761,1,0.0,1.0,2100.0
2026-03-24,796583763,1,0.0,1.0,2100.0
2026-03-24,800256397,8,1.0,7.0,3800.0
2026-03-24,800256398,6,0.0,6.0,3608.3333333333335
2026-03-24,800270333,11,0.0,11.0,3727.2845454545454
2026-03-24,800270334,4,1.0,3.0,3825.0
2026-03-24,800280518,3,0.0,3.0,2500.0
2026-03-24,806630258,2,0.0,2.0,1160.0
2026-03-24,847993700,3,0.0,3.0,1275.0
2026-03-24,847993701,2,0.0,2.0,1325.0
2026-03-24,847993702,3,0.0,3.0,1175.0
2026-03-24,850497739,2,0.0,2.0,1375.0
2026-03-24,874138996,1,1.0,0.0,1200.0
2026-03-24,874196283,1,0.0,1.0,1360.0
2026-03-25,218467926,2,0.0,2.0,676.6666666666666
2026-03-25,219033581,2,0.0,2.0,1686.0
2026-03-25,220783118,1,0.0,1.0,1828.0
2026-03-25,220783128,2,0.0,2.0,1520.0
2026-03-25,220783129,2,0.0,2.0,1732.0
2026-03-25,220796910,4,0.0,4.0,1055.0
2026-03-25,220796916,6,0.0,6.0,1184.0
2026-03-25,220796924,7,0.0,7.0,1085.0
2026-03-25,220796932,4,1.0,3.0,989.0
2026-03-25,221216505,1,0.0,1.0,1703.0
2026-03-25,221217363,3,0.0,3.0,1206.0
2026-03-25,223302777,2,0.0,2.0,1239.0
2026-03-25,225505021,11,0.0,11.0,360.0
2026-03-25,247803775,17,1.0,16.0,1360.3235294117646
2026-03-25,247803776,18,4.0,14.0,1285.0355555555554
2026-03-25,248166626,135,8.0,127.0,1854.7093382352941
2026-03-25,248173261,64,8.0,56.0,1988.2659375
2026-03-25,248591628,8,3.0,5.0,1824.995
2026-03-25,248591629,9,1.0,8.0,1796.6666666666667
2026-03-25,248639013,122,5.0,117.0,1750.8952032520324
2026-03-25,248639014,45,0.0,45.0,1869.9908888888888
2026-03-25,251889892,1,1.0,0.0,1658.0
2026-03-25,251889894,12,1.0,11.0,1826.006666666667
2026-03-25,253236688,3,0.0,3.0,1584.0
2026-03-25,253237666,1,0.0,1.0,1845.0
2026-03-25,258836990,1,0.0,1.0,1052.0
2026-03-25,262595711,2,0.0,2.0,1116.0
2026-03-25,262596137,2,0.0,2.0,879.0
2026-03-25,278278778,3,0.0,3.0,1815.0
2026-03-25,286985384,1,0.0,1.0,1660.0
2026-03-25,286985385,2,0.0,2.0,1660.04
2026-03-25,296818633,13,0.0,13.0,842.9861538461538
2026-03-25,300294506,4,2.0,2.0,1912.8675
2026-03-25,300294507,9,1.0,8.0,1741.9499999999998
2026-03-25,331575070,14,0.0,14.0,1211.0
2026-03-25,331575073,4,0.0,4.0,1272.0
2026-03-25,331575074,6,0.0,6.0,1204.5
2026-03-25,331575075,14,1.0,13.0,1116.2686666666666
2026-03-25,337308569,5,0.0,5.0,1751.0
2026-03-25,366760796,7,0.0,7.0,1107.02
2026-03-25,366760798,2,0.0,2.0,1129.47
2026-03-25,366813879,1,0.0,1.0,952.0
2026-03-25,366813884,3,1.0,2.0,1049.0
2026-03-25,366813893,1,0.0,1.0,1120.0
2026-03-25,366822996,1,0.0,1.0,1086.0
2026-03-25,377242549,1,0.0,1.0,1503.0
2026-03-25,384494968,3,0.0,3.0,1250.0
2026-03-25,444461581,54,1.0,53.0,1850.0177777777778
2026-03-25,451093486,3,2.0,1.0,1271.0
2026-03-25,462870185,6,0.0,6.0,1904.0
2026-03-25,462870186,12,0.0,12.0,1907.6666666666667
2026-03-25,467007550,48,7.0,41.0,1801.2768749999998
2026-03-25,468506772,4,2.0,2.0,1515.458
2026-03-25,468506773,1,0.0,1.0,2196.0
2026-03-25,471342171,20,3.0,17.0,3781.999
2026-03-25,474397318,103,5.0,98.0,1843.8975961538463
2026-03-25,474629420,42,1.0,41.0,1781.1623255813952
2026-03-25,475748707,51,1.0,50.0,2002.0519607843137
2026-03-25,475759397,34,2.0,32.0,1853.9979411764707
2026-03-25,488493915,2,0.0,2.0,3702.0
2026-03-25,504801009,4,0.0,4.0,800.0
2026-03-25,516856408,12,0.0,12.0,2574.0
2026-03-25,541096165,5,0.0,5.0,2478.0
2026-03-25,541096167,27,0.0,27.0,1684.4459259259258
2026-03-25,649988707,1,0.0,1.0,1800.0
2026-03-25,681642682,6,0.0,6.0,1750.0
2026-03-25,715890126,3,0.0,3.0,1050.0
2026-03-25,715890127,1,0.0,1.0,1440.0
2026-03-25,724729234,2,0.0,2.0,1640.0
2026-03-25,732543829,6,0.0,6.0,1750.0
2026-03-25,756653629,4,0.0,4.0,2249.9674999999997
2026-03-25,760169672,3,0.0,3.0,1500.0
2026-03-25,760169674,6,0.0,6.0,1300.0
2026-03-25,760169675,1,0.0,1.0,1550.0
2026-03-25,760169676,1,0.0,1.0,1650.0
2026-03-25,760323301,26,1.0,25.0,1749.9865384615384
2026-03-25,760323302,8,0.0,8.0,2535.75375
2026-03-25,760323303,3,0.0,3.0,2400.0
2026-03-25,760323304,21,0.0,21.0,2249.9914285714285
2026-03-25,760323305,8,4.0,4.0,2400.0
2026-03-25,760323306,2,0.0,2.0,2550.0
2026-03-25,760323307,22,0.0,22.0,1950.028181818182
2026-03-25,775902154,25,1.0,24.0,1100.0052
2026-03-25,775902155,1,0.0,1.0,1000.0
2026-03-25,775902156,1,0.0,1.0,1000.0
2026-03-25,775902157,1,0.0,1.0,1000.0
2026-03-25,775902158,1,0.0,1.0,1000.0
2026-03-25,775902160,4,0.0,4.0,1000.0
2026-03-25,783403723,15,2.0,13.0,2250.0
2026-03-25,783403724,15,1.0,14.0,2300.0080000000003
2026-03-25,783403725,11,2.0,9.0,2350.1
2026-03-25,788921071,31,4.0,27.0,2064.5222580645163
2026-03-25,788921072,14,5.0,9.0,1950.0
2026-03-25,788921073,16,4.0,12.0,2193.75
2026-03-25,788940601,11,0.0,11.0,3463.6363636363635
2026-03-25,788940602,9,0.0,9.0,3655.5444444444447
2026-03-25,788940603,9,3.0,6.0,3549.9977777777776
2026-03-25,788940604,19,0.0,19.0,3318.4694736842102
2026-03-25,788946367,33,3.0,30.0,2009.090909090909
2026-03-25,789090595,11,1.0,10.0,1650.0
2026-03-25,789090596,10,0.0,10.0,1740.0
2026-03-25,789090597,17,2.0,15.0,1858.8235294117646
2026-03-25,789090598,12,0.0,12.0,1750.0
2026-03-25,790500903,16,2.0,14.0,1865.625
2026-03-25,790500904,11,0.0,11.0,1845.4545454545455
2026-03-25,790500905,17,1.0,16.0,1773.5294117647059
2026-03-25,790943352,1,0.0,1.0,1800.0
2026-03-25,796326738,1,0.0,1.0,880.0
2026-03-25,796420740,2,0.0,2.0,800.0
2026-03-25,796583762,1,0.0,1.0,2251.69
2026-03-25,796583763,2,0.0,2.0,2100.785
2026-03-25,800256397,10,0.0,10.0,3790.118
2026-03-25,800256398,5,2.0,3.0,3670.0260000000003
2026-03-25,800270333,8,2.0,6.0,3725.0
2026-03-25,800270334,2,0.0,2.0,3650.0
2026-03-25,800280518,4,0.0,4.0,2500.0
2026-03-25,800280519,2,0.0,2.0,2700.0
2026-03-25,806630258,3,0.0,3.0,1160.0
2026-03-25,847993700,3,1.0,2.0,1333.3233333333335
2026-03-25,847993701,9,0.0,9.0,1311.2144444444446
2026-03-25,847993702,2,0.0,2.0,1175.0
2026-03-25,850497739,1,0.0,1.0,1375.0
2026-03-25,874138996,1,0.0,1.0,1200.0
2026-03-25,874196283,2,0.0,2.0,1420.0
2026-03-26,218467926,2,0.0,2.0,1015.0
2026-03-26,219033581,3,0.0,3.0,1686.0
2026-03-26,220783128,4,0.0,4.0,1520.0
2026-03-26,220796910,10,0.0,10.0,1054.968
2026-03-26,220796916,8,0.0,8.0,1183.91875
2026-03-26,220796924,7,0.0,7.0,1085.0
2026-03-26,220796932,6,0.0,6.0,989.0
2026-03-26,221216505,1,0.0,1.0,1703.0
2026-03-26,221216935,1,0.0,1.0,1697.0
2026-03-26,221217363,5,0.0,5.0,1206.0
2026-03-26,223302777,2,0.0,2.0,1239.0
2026-03-26,225505021,3,0.0,3.0,360.0
2026-03-26,247803775,19,1.0,18.0,1363.9736842105262
2026-03-26,247803776,18,1.0,17.0,1285.0
2026-03-26,248166626,135,9.0,126.0,1903.6193333333333
2026-03-26,248173261,59,1.0,58.0,2031.3837288135594
2026-03-26,248591628,8,1.0,7.0,1825.0
2026-03-26,248591629,8,0.0,8.0,1805.9825
2026-03-26,248639013,99,3.0,96.0,1783.4380808080807
2026-03-26,248639014,46,4.0,42.0,1869.9952173913043
2026-03-26,251889892,2,0.0,2.0,1658.0
2026-03-26,251889894,13,1.0,12.0,1822.8461538461538
2026-03-26,253237666,2,0.0,2.0,1845.0
2026-03-26,258834339,1,0.0,1.0,1118.0
2026-03-26,258850894,2,0.0,2.0,665.815
2026-03-26,278278778,3,0.0,3.0,1815.0
2026-03-26,286985384,3,0.0,3.0,1660.0
2026-03-26,286985385,2,0.0,2.0,1660.0
2026-03-26,296818633,3,0.0,3.0,843.0
2026-03-26,300294506,15,0.0,15.0,1912.9746666666665
2026-03-26,300294507,1,2.0,-1.0,1742.0
2026-03-26,315032004,1,0.0,1.0,1467.0
2026-03-26,331575070,7,0.0,7.0,1218.0
2026-03-26,331575073,3,0.0,3.0,1230.3333333333333
2026-03-26,331575074,8,1.0,7.0,1237.47
2026-03-26,331575075,8,1.0,7.0,1262.625
2026-03-26,337308569,2,0.0,2.0,1751.0
2026-03-26,366760796,5,1.0,4.0,1107.0
2026-03-26,366760798,4,1.0,3.0,1123.0
2026-03-26,366813884,4,0.0,4.0,1049.0
2026-03-26,366813885,6,0.0,6.0,1075.0116666666665
2026-03-26,366822994,1,0.0,1.0,937.0
2026-03-26,384494968,5,0.0,5.0,1041.6566666666668
2026-03-26,412079857,1,0.0,1.0,546.0
2026-03-26,444461581,56,0.0,56.0,1849.130892857143
2026-03-26,451093486,1,0.0,1.0,1271.0
2026-03-26,462870186,5,3.0,2.0,1970.672
2026-03-26,462878720,1,0.0,1.0,1365.0
2026-03-26,467007550,43,4.0,39.0,1771.258409090909
2026-03-26,468506772,6,0.0,6.0,1869.1666666666667
2026-03-26,468506773,5,0.0,5.0,2187.0
2026-03-26,471342171,25,2.0,23.0,3636.537692307692
2026-03-26,474397318,108,4.0,104.0,1862.2484259259259
2026-03-26,474629420,26,5.0,21.0,1765.0
2026-03-26,475748707,32,1.0,31.0,2017.0625
2026-03-26,475759397,30,1.0,29.0,1854.0
2026-03-26,504801009,7,0.0,7.0,800.0
2026-03-26,516856408,9,1.0,8.0,2574.0
2026-03-26,528912182,1,0.0,1.0,876.0
2026-03-26,541096165,6,0.0,6.0,2478.0
2026-03-26,541096167,16,2.0,14.0,1695.004375
2026-03-26,585840782,1,0.0,1.0,849.94
2026-03-26,649988707,2,0.0,2.0,1800.26
2026-03-26,681642682,3,0.0,3.0,1750.0
2026-03-26,715890126,5,0.0,5.0,1400.0819999999999
2026-03-26,715890127,2,0.0,2.0,1440.0
2026-03-26,715890128,1,0.0,1.0,1560.0
2026-03-26,724729234,1,0.0,1.0,1640.0
2026-03-26,732543829,5,0.0,5.0,1750.0
2026-03-26,756653629,1,0.0,1.0,2250.0
2026-03-26,759970497,1,0.0,1.0,1300.0
2026-03-26,760169672,1,0.0,1.0,1500.0
2026-03-26,760169673,1,0.0,1.0,1550.0
2026-03-26,760169674,12,0.0,12.0,1300.0
2026-03-26,760169675,2,0.0,2.0,1550.0
2026-03-26,760169676,3,0.0,3.0,1650.0
2026-03-26,760323301,29,3.0,26.0,1749.9951724137932
2026-03-26,760323302,4,2.0,2.0,2548.0
2026-03-26,760323303,2,0.0,2.0,2400.0
2026-03-26,760323304,19,2.0,17.0,2249.993157894737
2026-03-26,760323305,10,2.0,8.0,2400.0
2026-03-26,760323306,7,1.0,6.0,2549.9928571428572
2026-03-26,760323307,25,1.0,24.0,1950.0007999999998
2026-03-26,775902154,27,0.0,27.0,1100.012962962963
2026-03-26,775902156,4,0.0,4.0,1000.0
2026-03-26,775902157,3,0.0,3.0,1000.0
2026-03-26,775902158,3,0.0,3.0,1000.0666666666666
2026-03-26,775902160,5,0.0,5.0,1000.142
2026-03-26,783403723,13,2.0,11.0,2250.0
2026-03-26,783403724,15,3.0,12.0,2300.0
2026-03-26,783403725,16,1.0,15.0,2356.25
2026-03-26,788921071,51,3.0,48.0,2070.587843137255
2026-03-26,788921072,16,0.0,16.0,1950.000625
2026-03-26,788921073,25,1.0,24.0,2192.0
2026-03-26,788940601,11,1.0,10.0,3468.181818181818
2026-03-26,788940602,11,5.0,6.0,3663.627272727273
2026-03-26,788940603,8,0.0,8.0,3550.0
2026-03-26,788940604,4,2.0,2.0,3350.0
2026-03-26,788946367,33,2.0,31.0,2015.1515151515152
2026-03-26,789090595,11,0.0,11.0,1650.0075
2026-03-26,789090596,15,1.0,14.0,1773.3839999999998
2026-03-26,789090597,19,3.0,16.0,1857.8947368421052
2026-03-26,789090598,18,2.0,16.0,1750.0016666666666
2026-03-26,790500903,15,1.0,14.0,1830.0
2026-03-26,790500904,2,1.0,1.0,1850.0
2026-03-26,790500905,16,0.0,16.0,1750.0
2026-03-26,790943351,2,0.0,2.0,1360.0
2026-03-26,796326738,1,0.0,1.0,800.0
2026-03-26,796583763,1,0.0,1.0,2100.0
2026-03-26,800256397,9,0.0,9.0,3415.0
2026-03-26,800256398,10,0.0,10.0,3770.0
2026-03-26,800270333,8,0.0,8.0,3800.01625
2026-03-26,800270334,7,0.0,7.0,3900.0
2026-03-26,800280518,6,0.0,6.0,2500.0
2026-03-26,800280519,1,0.0,1.0,2700.0
2026-03-26,806630258,4,0.0,4.0,1160.0
2026-03-26,847993701,4,0.0,4.0,1300.0
2026-03-26,847993702,2,0.0,2.0,1175.0
2026-03-26,850497739,2,1.0,1.0,1375.0
2026-03-26,874138991,2,0.0,2.0,1250.0
2026-03-26,874138995,1,0.0,1.0,1360.0
2026-03-26,874138996,2,0.0,2.0,1200.0
2026-03-26,874196280,1,0.0,1.0,1280.0
2026-03-26,874196283,2,0.0,2.0,1420.0
2026-03-27,218467926,1,0.0,1.0,1015.0
2026-03-27,220783118,2,0.0,2.0,1828.0
2026-03-27,220783128,4,0.0,4.0,1520.0
2026-03-27,220783129,2,0.0,2.0,1732.0
2026-03-27,220796910,4,0.0,4.0,1055.17
2026-03-27,220796916,11,0.0,11.0,1085.3316666666667
2026-03-27,220796924,19,1.0,18.0,1084.9942105263158
2026-03-27,220796932,3,0.0,3.0,989.0
2026-03-27,221217363,8,0.0,8.0,1206.0
2026-03-27,223615358,2,0.0,2.0,1622.0
2026-03-27,225505021,4,0.0,4.0,360.0
2026-03-27,247803775,20,1.0,19.0,1364.0030000000002
2026-03-27,247803776,20,0.0,20.0,1285.0594999999998
2026-03-27,248166626,169,7.0,162.0,1936.0807692307694
2026-03-27,248173261,72,6.0,66.0,2031.926111111111
2026-03-27,248591628,10,0.0,10.0,1825.014
2026-03-27,248591629,10,0.0,10.0,1806.0
2026-03-27,248639013,140,1.0,139.0,1779.4291428571428
2026-03-27,248639014,36,4.0,32.0,1869.998888888889
2026-03-27,251889892,1,0.0,1.0,1658.0
2026-03-27,251889894,12,2.0,10.0,1819.1666666666667
2026-03-27,253236688,6,0.0,6.0,1584.0
2026-03-27,253237666,2,0.0,2.0,1844.9650000000001
2026-03-27,258834339,1,0.0,1.0,1118.0
2026-03-27,262595711,1,0.0,1.0,1116.0
2026-03-27,278278778,2,0.0,2.0,1815.0
2026-03-27,286985384,2,0.0,2.0,1659.9299999999998
2026-03-27,286985385,1,0.0,1.0,1660.0
2026-03-27,296818633,7,0.0,7.0,737.625
2026-03-27,300294506,13,3.0,10.0,1912.9276923076925
2026-03-27,300294507,4,1.0,3.0,1741.895
2026-03-27,331575070,15,1.0,14.0,1157.616875
2026-03-27,331575073,2,1.0,1.0,1297.0
2026-03-27,331575074,11,0.0,11.0,1260.0
2026-03-27,331575075,5,1.0,4.0,1201.2
2026-03-27,337308569,5,0.0,5.0,1751.0
2026-03-27,366760796,4,1.0,3.0,1106.975
2026-03-27,366760798,3,0.0,3.0,1122.9533333333331
2026-03-27,366813879,3,0.0,3.0,952.0
2026-03-27,366813884,3,0.0,3.0,1049.0
2026-03-27,366813885,1,0.0,1.0,1075.0
2026-03-27,366822996,1,0.0,1.0,1085.43
2026-03-27,384494968,6,1.0,5.0,1250.0
2026-03-27,384494969,3,0.0,3.0,1259.99
2026-03-27,444461581,49,2.0,47.0,1814.9422
2026-03-27,451093486,3,0.0,3.0,1271.0
2026-03-27,462870185,3,0.0,3.0,1907.6833333333334
2026-03-27,462870186,11,1.0,10.0,1893.351818181818
2026-03-27,462878720,1,0.0,1.0,1365.0
2026-03-27,467007550,62,10.0,52.0,1809.6959677419354
2026-03-27,468506772,8,0.0,8.0,1883.5
2026-03-27,468506773,1,0.0,1.0,2197.83
2026-03-27,471342171,14,0.0,14.0,3782.0
2026-03-27,474397318,95,4.0,91.0,1868.3032631578947
2026-03-27,474629420,47,2.0,45.0,1829.7093617021276
2026-03-27,475748707,43,0.0,43.0,2017.1302325581396
2026-03-27,475759397,40,1.0,39.0,1853.997
2026-03-27,477860583,1,0.0,1.0,990.0
2026-03-27,488493915,6,0.0,6.0,3517.2166666666667
2026-03-27,504801009,9,0.0,9.0,800.12
2026-03-27,516856408,15,0.0,15.0,2574.0
2026-03-27,528912186,1,0.0,1.0,832.0
2026-03-27,541096165,5,0.0,5.0,2478.0
2026-03-27,541096167,32,2.0,30.0,1683.744375
2026-03-27,549254419,2,0.0,2.0,1577.8049999999998
2026-03-27,585840783,1,0.0,1.0,800.0
2026-03-27,649988707,3,0.0,3.0,1800.0
2026-03-27,681642682,1,0.0,1.0,1750.0
2026-03-27,715890126,1,0.0,1.0,1400.0
2026-03-27,715890127,2,0.0,2.0,1440.0
2026-03-27,715890128,1,0.0,1.0,1560.0
2026-03-27,724729234,1,0.0,1.0,1640.0
2026-03-27,732543825,1,0.0,1.0,1650.0
2026-03-27,732543827,4,0.0,4.0,1360.0
2026-03-27,732543829,10,0.0,10.0,1590.909090909091
2026-03-27,759970497,2,0.0,2.0,1300.0549999999998
2026-03-27,760169672,1,0.0,1.0,1500.0
2026-03-27,760169673,2,0.0,2.0,1550.0
2026-03-27,760169674,6,0.0,6.0,1300.0
2026-03-27,760169675,3,0.0,3.0,1550.0
2026-03-27,760323301,29,0.0,29.0,1750.0055172413795
2026-03-27,760323302,7,0.0,7.0,2520.0
2026-03-27,760323303,1,0.0,1.0,2400.0
2026-03-27,760323304,24,0.0,24.0,2250.03125
2026-03-27,760323305,7,0.0,7.0,2100.0
2026-03-27,760323306,7,1.0,6.0,2549.9828571428575
2026-03-27,760323307,36,1.0,35.0,1950.0022222222224
2026-03-27,775902154,24,2.0,22.0,1100.0
2026-03-27,775902156,1,0.0,1.0,1000.0
2026-03-27,775902157,2,1.0,1.0,1000.0
2026-03-27,775902158,2,0.0,2.0,1000.0
2026-03-27,775902160,3,0.0,3.0,1000.0
2026-03-27,783403723,18,1.0,17.0,2250.0
2026-03-27,783403724,17,0.0,17.0,2300.0099999999998
2026-03-27,783403725,13,3.0,10.0,2355.036923076923
2026-03-27,788921071,55,8.0,47.0,2083.632909090909
2026-03-27,788921072,21,2.0,19.0,1950.0
2026-03-27,788921073,22,3.0,19.0,2195.4545454545455
2026-03-27,788940601,12,2.0,10.0,3450.0074999999997
2026-03-27,788940602,8,0.0,8.0,3700.005
2026-03-27,788940603,10,1.0,9.0,3520.1150000000002
2026-03-27,788940604,8,2.0,6.0,3312.77
2026-03-27,788946367,24,2.0,22.0,2008.33125
2026-03-27,789090595,18,1.0,17.0,1800.0133333333333
2026-03-27,789090596,17,1.0,16.0,1800.005294117647
2026-03-27,789090597,24,0.0,24.0,1856.2387500000002
2026-03-27,789090598,17,0.0,17.0,1755.8823529411766
2026-03-27,790500903,15,0.0,15.0,1830.012
2026-03-27,790500904,10,4.0,6.0,1840.0
2026-03-27,790500905,19,1.0,18.0,1794.7368421052631
2026-03-27,790943351,5,0.0,5.0,1352.0
2026-03-27,796420740,2,0.0,2.0,780.0
2026-03-27,796420741,1,0.0,1.0,920.0
2026-03-27,796583761,1,0.0,1.0,2100.0
2026-03-27,796583762,1,0.0,1.0,2350.0
2026-03-27,800256397,10,1.0,9.0,3795.0
2026-03-27,800256398,5,1.0,4.0,3800.0099999999998
2026-03-27,800270333,7,1.0,6.0,3757.1428571428573
2026-03-27,800270334,4,1.0,3.0,4000.52
2026-03-27,800280518,5,0.0,5.0,2500.0
2026-03-27,800280519,3,0.0,3.0,2700.0
2026-03-27,806630258,2,0.0,2.0,1160.0
2026-03-27,847993700,2,0.0,2.0,1350.0
2026-03-27,847993701,4,0.0,4.0,1312.5
2026-03-27,847993702,2,0.0,2.0,1175.02
2026-03-27,874138991,2,0.0,2.0,1250.0
2026-03-27,874138995,1,0.0,1.0,1480.0
2026-03-27,874196280,1,0.0,1.0,1280.0
2026-03-27,874196281,1,0.0,1.0,1320.0
2026-03-27,874196283,2,0.0,2.0,1360.0
2026-03-27,876141603,3,0.0,3.0,1666.6666666666667
2026-03-27,876141605,1,0.0,1.0,1600.0
2026-03-27,892657953,2,0.0,2.0,3700.0
2026-03-28,220783128,4,0.0,4.0,1520.0
2026-03-28,220796910,5,0.0,5.0,1055.0
2026-03-28,220796916,16,1.0,15.0,1184.0
2026-03-28,220796924,13,0.0,13.0,1085.0
2026-03-28,220796932,1,0.0,1.0,989.0
2026-03-28,221216505,2,0.0,2.0,1703.0
2026-03-28,221217363,5,0.0,5.0,1206.0
2026-03-28,223302777,3,0.0,3.0,1239.0
2026-03-28,223615358,3,0.0,3.0,1622.0
2026-03-28,225505021,8,0.0,8.0,360.0
2026-03-28,247803775,30,1.0,29.0,1360.988
2026-03-28,247803776,17,0.0,17.0,1285.015294117647
2026-03-28,248166626,116,5.0,111.0,1966.8638793103448
2026-03-28,248173261,66,5.0,61.0,2074.6163636363635
2026-03-28,248591628,17,2.0,15.0,1825.0005882352941
2026-03-28,248591629,14,0.0,14.0,1805.9950000000001
2026-03-28,248639013,106,5.0,101.0,1784.153679245283
2026-03-28,248639014,52,2.0,50.0,1869.9982692307692
2026-03-28,251889892,4,1.0,3.0,1657.9125
2026-03-28,251889894,20,1.0,19.0,1823.955
2026-03-28,253236688,2,0.0,2.0,1584.0
2026-03-28,253237666,2,0.0,2.0,1845.0
2026-03-28,278278778,2,0.0,2.0,1815.0
2026-03-28,278837544,1,0.0,1.0,1012.0
2026-03-28,286985384,3,0.0,3.0,1659.9333333333334
2026-03-28,286985385,3,0.0,3.0,1660.0
2026-03-28,296818633,6,0.0,6.0,842.8733333333333
2026-03-28,300294506,10,1.0,9.0,1913.0
2026-03-28,300294507,3,0.0,3.0,1741.8500000000001
2026-03-28,315032004,1,0.0,1.0,1467.0
2026-03-28,331575070,7,0.0,7.0,1232.0
2026-03-28,331575073,3,0.0,3.0,1297.0
2026-03-28,331575074,11,0.0,11.0,1251.0
2026-03-28,331575075,11,1.0,10.0,1249.1818181818182
2026-03-28,337308569,4,1.0,3.0,1751.0
2026-03-28,366760796,5,0.0,5.0,1131.584
2026-03-28,366760798,4,0.0,4.0,1122.965
2026-03-28,366813879,1,0.0,1.0,952.0
2026-03-28,366813884,7,0.0,7.0,1075.5714285714287
2026-03-28,366813885,3,0.0,3.0,1075.0
2026-03-28,370413854,1,0.0,1.0,1424.0
2026-03-28,377241928,1,0.0,1.0,1062.0
2026-03-28,384494968,1,0.0,1.0,1250.0
2026-03-28,384494969,2,0.0,2.0,1260.0
2026-03-28,444461581,60,3.0,57.0,1851.9625
2026-03-28,451093486,4,0.0,4.0,1271.0
2026-03-28,462870185,11,0.0,11.0,1948.1818181818182
2026-03-28,462870186,19,1.0,18.0,1873.2268421052631
2026-03-28,462878720,2,0.0,2.0,1365.03
2026-03-28,467007550,51,6.0,45.0,1810.6850980392157
2026-03-28,468506772,12,0.0,12.0,1869.1633333333332
2026-03-28,468506773,3,0.0,3.0,2196.0
2026-03-28,471342171,15,2.0,13.0,3781.9933333333333
2026-03-28,474397318,103,4.0,99.0,1828.542380952381
2026-03-28,474629420,37,2.0,35.0,1827.972972972973
2026-03-28,475748707,48,1.0,47.0,2020.3793750000002
2026-03-28,475759397,32,2.0,30.0,1857.22
2026-03-28,488493915,3,0.0,3.0,3456.0066666666667
2026-03-28,504801009,7,0.0,7.0,800.0057142857142
2026-03-28,516856408,19,0.0,19.0,2542.736315789474
2026-03-28,528912182,2,0.0,2.0,876.0
2026-03-28,541096165,6,1.0,5.0,2478.021666666667
2026-03-28,541096167,23,2.0,21.0,1685.2121739130434
2026-03-28,549254419,2,0.0,2.0,1578.0
2026-03-28,649988707,2,0.0,2.0,1800.0
2026-03-28,681642682,1,0.0,1.0,1750.0
2026-03-28,715890126,1,0.0,1.0,1400.0
2026-03-28,715890127,1,0.0,1.0,1440.0
2026-03-28,724729234,1,0.0,1.0,1640.0
2026-03-28,732543825,3,0.0,3.0,1650.0
2026-03-28,732543827,1,0.0,1.0,1700.0
2026-03-28,732543829,6,0.0,6.0,1750.0
2026-03-28,759970497,1,0.0,1.0,1300.0
2026-03-28,760169672,1,0.0,1.0,1500.0
2026-03-28,760169674,1,0.0,1.0,1300.93
2026-03-28,760169675,1,0.0,1.0,1550.0
2026-03-28,760169676,1,0.0,1.0,1650.0
2026-03-28,760323301,21,0.0,21.0,1749.9933333333333
2026-03-28,760323303,2,0.0,2.0,2400.0
2026-03-28,760323304,18,0.0,18.0,2250.0
2026-03-28,760323305,6,2.0,4.0,2400.0
2026-03-28,760323306,5,0.0,5.0,2550.0
2026-03-28,760323307,24,0.0,24.0,1872.0004000000001
2026-03-28,775902154,15,0.0,15.0,1100.0
2026-03-28,775902155,2,0.0,2.0,1000.0
2026-03-28,775902156,4,1.0,3.0,1000.0
2026-03-28,775902157,5,0.0,5.0,1000.0
2026-03-28,775902158,4,1.0,3.0,1000.0
2026-03-28,775902160,5,0.0,5.0,1000.0
2026-03-28,783403723,13,0.0,13.0,2249.9946153846154
2026-03-28,783403724,15,0.0,15.0,2300.002
2026-03-28,783403725,13,1.0,12.0,2350.0
2026-03-28,788921071,42,7.0,35.0,2034.880465116279
2026-03-28,788921072,20,2.0,18.0,1947.5
2026-03-28,788921073,27,0.0,27.0,2199.9992592592594
2026-03-28,788940601,5,0.0,5.0,3450.0
2026-03-28,788940602,8,0.0,8.0,3700.09875
2026-03-28,788940603,7,1.0,6.0,3550.0
2026-03-28,788940604,10,2.0,8.0,3319.988
2026-03-28,788946367,19,3.0,16.0,2005.3178947368422
2026-03-28,789090595,14,1.0,13.0,1800.0
2026-03-28,789090596,8,0.0,8.0,1800.0
2026-03-28,789090597,19,0.0,19.0,1857.8884210526314
2026-03-28,789090598,13,0.0,13.0,1788.4615384615386
2026-03-28,790500903,17,1.0,16.0,1844.1176470588234
2026-03-28,790500904,13,2.0,11.0,1819.2238461538461
2026-03-28,790500905,19,1.0,18.0,1839.5347368421055
2026-03-28,790943351,3,0.0,3.0,1020.135
2026-03-28,796583763,1,0.0,1.0,2100.0
2026-03-28,800256397,8,0.0,8.0,3775.0
2026-03-28,800256398,4,0.0,4.0,3800.0
2026-03-28,800270333,5,0.0,5.0,3760.0
2026-03-28,800270334,4,0.0,4.0,3912.5
2026-03-28,800280518,5,0.0,5.0,2500.0
2026-03-28,800280519,3,0.0,3.0,2666.6666666666665
2026-03-28,806630258,4,0.0,4.0,1160.0
2026-03-28,847993700,3,0.0,3.0,1275.0
2026-03-28,847993701,4,1.0,3.0,1312.5
2026-03-28,847993702,2,0.0,2.0,1175.0
2026-03-28,874138991,1,0.0,1.0,1250.0
2026-03-28,874138995,2,0.0,2.0,1360.0
2026-03-28,874138996,1,0.0,1.0,1200.0
2026-03-28,874196280,1,0.0,1.0,1280.0
2026-03-28,874196281,1,0.0,1.0,1320.0
2026-03-28,874196283,4,1.0,3.0,1360.0
2026-03-28,876141603,4,0.0,4.0,1640.0
2026-03-28,876141604,1,0.0,1.0,1600.0
2026-03-28,876141605,1,0.0,1.0,1600.0
2026-03-28,892657953,3,1.0,2.0,3700.0
2026-03-29,218467926,1,0.0,1.0,1015.0
2026-03-29,220783128,1,0.0,1.0,1520.0
2026-03-29,220783129,3,0.0,3.0,1732.0
2026-03-29,220796910,3,0.0,3.0,1055.0
2026-03-29,220796916,11,0.0,11.0,1184.009090909091
2026-03-29,220796924,11,0.0,11.0,1085.0
2026-03-29,220796932,2,0.0,2.0,989.0
2026-03-29,221216505,1,0.0,1.0,1703.0
2026-03-29,221216935,1,0.0,1.0,1697.0
2026-03-29,221217363,5,0.0,5.0,1206.0
2026-03-29,223302777,2,0.0,2.0,1239.0
2026-03-29,223615358,2,0.0,2.0,1622.0
2026-03-29,225505021,3,0.0,3.0,360.0
2026-03-29,247803775,31,0.0,31.0,1363.8929032258065
2026-03-29,247803776,21,3.0,18.0,1285.047619047619
2026-03-29,248166626,132,6.0,126.0,1955.0347368421053
2026-03-29,248173261,57,5.0,52.0,2022.9983050847457
2026-03-29,248591628,10,2.0,8.0,1825.0
2026-03-29,248591629,8,2.0,6.0,1800.75
2026-03-29,248639013,119,1.0,118.0,1778.3413333333333
2026-03-29,248639014,47,5.0,42.0,1869.9921276595746
2026-03-29,251889892,2,0.0,2.0,1657.825
2026-03-29,251889894,14,0.0,14.0,1823.0714285714287
2026-03-29,258836990,2,0.0,2.0,1052.0
2026-03-29,262595711,1,0.0,1.0,1116.0
2026-03-29,278278778,2,0.0,2.0,1815.0
2026-03-29,278837544,1,0.0,1.0,1012.0
2026-03-29,286985384,2,0.0,2.0,1660.0
2026-03-29,286985385,8,0.0,8.0,1660.0
2026-03-29,296818633,2,0.0,2.0,843.0
2026-03-29,300294506,5,0.0,5.0,1912.9119999999998
2026-03-29,300294507,9,0.0,9.0,1742.0
2026-03-29,331575070,7,0.0,7.0,1102.5
2026-03-29,331575073,5,0.0,5.0,1237.2
2026-03-29,331575074,11,1.0,10.0,1286.9945454545455
2026-03-29,331575075,10,2.0,8.0,1264.9
2026-03-29,337308569,5,0.0,5.0,1751.0
2026-03-29,366760796,4,1.0,3.0,1168.5
2026-03-29,366760798,1,0.0,1.0,1243.0
2026-03-29,366813884,2,0.0,2.0,1142.0
2026-03-29,366813885,4,0.0,4.0,1075.0
2026-03-29,384494968,1,0.0,1.0,1250.0
2026-03-29,444461581,42,0.0,42.0,1808.8923255813952
2026-03-29,451093486,6,1.0,5.0,1271.0
2026-03-29,462870185,13,0.0,13.0,1912.3495833333332
2026-03-29,462870186,21,2.0,19.0,1842.4286363636363
2026-03-29,462878720,2,0.0,2.0,1365.0
2026-03-29,467007550,54,3.0,51.0,1815.017222222222
2026-03-29,468506772,12,1.0,11.0,1862.0
2026-03-29,468506773,5,1.0,4.0,2196.108
2026-03-29,471342171,20,0.0,20.0,3601.935714285714
2026-03-29,474397318,97,6.0,91.0,1829.4570707070707
2026-03-29,474629420,30,1.0,29.0,1779.6767741935485
2026-03-29,475748707,32,1.0,31.0,2023.6875
2026-03-29,475759397,29,4.0,25.0,1868.7144642857143
2026-03-29,488493915,6,0.0,6.0,3578.683333333333
2026-03-29,504801009,1,0.0,1.0,800.0
2026-03-29,516856408,22,1.0,21.0,2501.998181818182
2026-03-29,528912182,1,0.0,1.0,876.0
2026-03-29,541096165,3,1.0,2.0,1858.5
2026-03-29,541096166,1,0.0,1.0,2700.0
2026-03-29,541096167,14,0.0,14.0,1679.99
2026-03-29,549254419,2,0.0,2.0,1578.0
2026-03-29,585840779,1,0.0,1.0,931.0
2026-03-29,585840780,1,0.0,1.0,771.0
2026-03-29,681642682,1,0.0,1.0,1750.0
2026-03-29,715890126,2,0.0,2.0,1400.0
2026-03-29,715890127,1,0.0,1.0,1440.0
2026-03-29,715890129,1,0.0,1.0,1560.0
2026-03-29,732543825,1,0.0,1.0,1650.0
2026-03-29,732543829,5,0.0,5.0,1750.0
2026-03-29,756653629,4,0.0,4.0,2250.0
2026-03-29,759970497,1,0.0,1.0,1300.0
2026-03-29,760169673,1,0.0,1.0,1550.0
2026-03-29,760169674,6,0.0,6.0,1300.0
2026-03-29,760323301,36,0.0,36.0,1749.9983333333334
2026-03-29,760323302,10,1.0,9.0,2548.0
2026-03-29,760323303,2,0.0,2.0,2400.0
2026-03-29,760323304,20,0.0,20.0,2250.0
2026-03-29,760323305,5,1.0,4.0,2400.018
2026-03-29,760323306,8,0.0,8.0,2550.0
2026-03-29,760323307,25,1.0,24.0,1950.0035999999998
2026-03-29,775902154,20,1.0,19.0,1100.0
2026-03-29,775902155,2,0.0,2.0,1000.0
2026-03-29,775902156,4,0.0,4.0,1000.0
2026-03-29,775902157,4,0.0,4.0,1000.0
2026-03-29,775902158,2,0.0,2.0,1000.0
2026-03-29,775902160,4,0.0,4.0,1000.0
2026-03-29,783403723,16,0.0,16.0,2117.6470588235293
2026-03-29,783403724,19,0.0,19.0,2300.0
2026-03-29,783403725,10,2.0,8.0,2350.0
2026-03-29,788921071,52,2.0,50.0,2050.945283018868
2026-03-29,788921072,15,1.0,14.0,1950.0026666666668
2026-03-29,788921073,31,1.0,30.0,2200.0
2026-03-29,788940601,8,1.0,7.0,3543.75
2026-03-29,788940602,16,1.0,15.0,3662.5
2026-03-29,788940603,15,2.0,13.0,3550.0
2026-03-29,788940604,16,2.0,14.0,3350.064375
2026-03-29,788946367,28,2.0,26.0,2050.017142857143
2026-03-29,789090595,19,5.0,14.0,1800.0063157894738
2026-03-29,789090596,10,0.0,10.0,1800.0
2026-03-29,789090597,17,0.0,17.0,1850.0
2026-03-29,789090598,16,4.0,12.0,1787.5
2026-03-29,790500903,20,1.0,19.0,1852.5
2026-03-29,790500904,13,1.0,12.0,1773.076923076923
2026-03-29,790500905,23,1.0,22.0,1932.608695652174
2026-03-29,790943351,4,0.0,4.0,1360.0
2026-03-29,800256397,6,0.0,6.0,3800.0
2026-03-29,800256398,5,2.0,3.0,3800.0
2026-03-29,800270333,6,0.0,6.0,3800.0
2026-03-29,800270334,5,0.0,5.0,3999.976
2026-03-29,800280518,6,0.0,6.0,2500.0733333333333
2026-03-29,800280519,5,1.0,4.0,2200.0
2026-03-29,806630258,1,0.0,1.0,1160.0
2026-03-29,847993701,9,0.0,9.0,1288.888888888889
2026-03-29,847993702,1,0.0,1.0,1175.0
2026-03-29,850497739,2,0.0,2.0,1400.0
2026-03-29,874138991,3,0.0,3.0,1233.3333333333333
2026-03-29,874138996,2,0.0,2.0,1200.0
2026-03-29,874196280,1,0.0,1.0,1240.0
2026-03-29,874196281,2,0.0,2.0,1320.0
2026-03-29,874196283,2,0.0,2.0,1360.0
2026-03-29,876141603,4,0.0,4.0,1640.0
2026-03-29,876141604,1,0.0,1.0,1600.0
2026-03-29,876141606,1,0.0,1.0,1600.0
2026-03-29,876153167,1,0.0,1.0,1200.0
2026-03-29,892657953,2,0.0,2.0,3700.0
2026-03-30,219033581,1,0.0,1.0,1686.0
2026-03-30,220783118,1,0.0,1.0,1828.0
2026-03-30,220783121,1,0.0,1.0,2090.0
2026-03-30,220783128,3,0.0,3.0,1520.0
2026-03-30,220783129,1,0.0,1.0,1732.0
2026-03-30,220796910,10,0.0,10.0,1054.982
2026-03-30,220796916,14,0.0,14.0,1184.0
2026-03-30,220796924,8,0.0,8.0,1085.0
2026-03-30,220796932,2,0.0,2.0,989.0
2026-03-30,221216935,1,0.0,1.0,848.5
2026-03-30,221217363,5,0.0,5.0,1206.0
2026-03-30,223302777,2,0.0,2.0,1239.0
2026-03-30,223615358,1,0.0,1.0,1622.0
2026-03-30,225505021,3,0.0,3.0,360.0
2026-03-30,247803775,25,0.0,25.0,1363.9576000000002
2026-03-30,247803776,13,2.0,11.0,1285.0461538461536
2026-03-30,248166626,151,5.0,146.0,1988.0913245033112
2026-03-30,248173261,55,4.0,51.0,2080.084
2026-03-30,248591628,19,1.0,18.0,1825.0
2026-03-30,248591629,6,2.0,4.0,1806.0
2026-03-30,248639013,106,3.0,103.0,1774.2180373831775
2026-03-30,248639014,55,2.0,53.0,1869.9959999999999
2026-03-30,251889892,1,0.0,1.0,1658.0
2026-03-30,251889894,12,1.0,11.0,1822.5833333333333
2026-03-30,253237666,1,0.0,1.0,1845.0
2026-03-30,278278778,1,0.0,1.0,1815.0
2026-03-30,278837827,3,0.0,3.0,918.0
2026-03-30,279007387,1,0.0,1.0,1815.0
2026-03-30,286985384,3,0.0,3.0,1660.0
2026-03-30,296818633,8,0.0,8.0,843.0
2026-03-30,300294506,9,0.0,9.0,1913.0
2026-03-30,300294507,5,1.0,4.0,1741.9099999999999
2026-03-30,331575070,12,0.0,12.0,1274.0
2026-03-30,331575073,3,1.0,2.0,1230.3333333333333
2026-03-30,331575074,18,0.0,18.0,1208.8347368421053
2026-03-30,331575075,12,2.0,10.0,1274.0
2026-03-30,337308569,1,0.0,1.0,1751.0
2026-03-30,366760796,4,0.0,4.0,1199.29
2026-03-30,366760798,4,0.0,4.0,1153.0
2026-03-30,366813884,5,0.0,5.0,1086.2
2026-03-30,366813885,2,0.0,2.0,1245.0
2026-03-30,384494968,4,0.0,4.0,1250.0
2026-03-30,444461581,40,3.0,37.0,1851.9907500000002
2026-03-30,451093486,3,0.0,3.0,1271.0
2026-03-30,462870185,14,0.0,14.0,1912.4285714285713
2026-03-30,462870186,23,0.0,23.0,1844.391304347826
2026-03-30,462878720,2,0.0,2.0,1365.0
2026-03-30,467007550,54,4.0,50.0,1819.0924074074076
2026-03-30,468506772,9,0.0,9.0,1862.128888888889
2026-03-30,468506773,2,0.0,2.0,2196.0
2026-03-30,471342171,15,2.0,13.0,3782.0
2026-03-30,474397318,103,2.0,101.0,1869.7382524271845
2026-03-30,474629420,40,1.0,39.0,1836.0
2026-03-30,475748707,30,0.0,30.0,2019.9453333333333
2026-03-30,475759397,32,3.0,29.0,1854.0
2026-03-30,488493915,3,0.0,3.0,3702.096666666667
2026-03-30,504801009,2,0.0,2.0,800.0
2026-03-30,516856408,9,0.0,9.0,2442.0
2026-03-30,541096165,1,0.0,1.0,2478.0
2026-03-30,541096167,20,0.0,20.0,1680.006
2026-03-30,549254419,1,0.0,1.0,1578.0
2026-03-30,649988707,3,0.0,3.0,1800.0
2026-03-30,681642682,5,0.0,5.0,1750.0
2026-03-30,715890126,4,0.0,4.0,1400.085
2026-03-30,715890127,2,0.0,2.0,1440.0
2026-03-30,715890128,1,0.0,1.0,1560.0
2026-03-30,715890129,2,0.0,2.0,1560.0
2026-03-30,732543825,2,0.0,2.0,1650.0
2026-03-30,732543827,1,0.0,1.0,1700.0
2026-03-30,732543829,3,0.0,3.0,1312.5
2026-03-30,756653629,1,0.0,1.0,2250.0
2026-03-30,760169672,1,0.0,1.0,1500.0
2026-03-30,760169673,1,0.0,1.0,1550.0
2026-03-30,760169674,10,0.0,10.0,1300.0059999999999
2026-03-30,760169675,4,0.0,4.0,1550.3025
2026-03-30,760323301,20,1.0,19.0,1749.993
2026-03-30,760323302,4,0.0,4.0,2548.0075
2026-03-30,760323303,4,0.0,4.0,2400.0
2026-03-30,760323304,14,3.0,11.0,2100.0
2026-03-30,760323305,11,2.0,9.0,2400.0054545454545
2026-03-30,760323306,3,1.0,2.0,2550.0
2026-03-30,760323307,21,0.0,21.0,1949.9980952380952
2026-03-30,775902154,24,1.0,23.0,1100.0491666666667
2026-03-30,775902155,2,0.0,2.0,1000.0
2026-03-30,775902156,3,0.0,3.0,1000.0
2026-03-30,775902160,2,1.0,1.0,1000.0
2026-03-30,783403723,18,2.0,16.0,2131.575263157895
2026-03-30,783403724,10,1.0,9.0,2300.011
2026-03-30,783403725,7,0.0,7.0,2350.0
2026-03-30,788921071,59,4.0,55.0,2092.374406779661
2026-03-30,788921072,17,2.0,15.0,1950.0
2026-03-30,788921073,35,3.0,32.0,2200.0
2026-03-30,788940601,8,2.0,6.0,3543.76375
2026-03-30,788940602,15,1.0,14.0,3700.1226666666666
2026-03-30,788940603,6,1.0,5.0,3575.0
2026-03-30,788940604,10,2.0,8.0,3380.023
2026-03-30,788946367,22,3.0,19.0,2045.4781818181816
2026-03-30,789090595,15,1.0,14.0,1800.0
2026-03-30,789090596,14,2.0,12.0,1800.0835714285713
2026-03-30,789090597,33,3.0,30.0,1795.5935294117646
2026-03-30,789090598,21,1.0,20.0,1811.904761904762
2026-03-30,790500903,25,3.0,22.0,1844.0367999999999
2026-03-30,790500904,15,1.0,14.0,1776.7606666666666
2026-03-30,790500905,31,3.0,28.0,1937.0967741935483
2026-03-30,790943351,1,0.0,1.0,1360.0
2026-03-30,796326738,3,0.0,3.0,800.0
2026-03-30,796420740,2,0.0,2.0,720.0
2026-03-30,796583763,1,0.0,1.0,2100.0
2026-03-30,800256397,8,1.0,7.0,3800.0
2026-03-30,800256398,4,2.0,2.0,3799.985
2026-03-30,800270333,7,1.0,6.0,3757.1428571428573
2026-03-30,800270334,8,0.0,8.0,4000.0
2026-03-30,800280518,7,0.0,7.0,2485.714285714286
2026-03-30,800280519,2,0.0,2.0,2600.0
2026-03-30,806630258,2,0.0,2.0,1160.0
2026-03-30,847993701,5,0.0,5.0,1280.018
2026-03-30,874138995,1,0.0,1.0,1320.0
2026-03-30,874196280,4,0.0,4.0,1260.0
2026-03-30,874196281,3,0.0,3.0,1280.0
2026-03-30,874196283,13,0.0,13.0,1341.5361538461539
2026-03-30,876141603,10,1.0,9.0,1640.0
2026-03-30,876141604,7,2.0,5.0,1600.0
2026-03-30,876141605,1,0.0,1.0,1600.0
2026-03-30,876141606,6,0.0,6.0,1600.0
2026-03-30,892657953,4,0.0,4.0,3700.0
2026-03-31,219033581,1,0.0,1.0,1686.0
2026-03-31,220783118,1,0.0,1.0,1828.0
2026-03-31,220783128,5,0.0,5.0,1520.0
2026-03-31,220783129,1,0.0,1.0,1732.0
2026-03-31,220796910,4,0.0,4.0,1055.0075
2026-03-31,220796916,26,1.0,25.0,1140.1525925925926
2026-03-31,220796924,14,0.0,14.0,1084.9678571428572
2026-03-31,221216505,1,0.0,1.0,1703.0
2026-03-31,221217363,5,0.0,5.0,1206.02
2026-03-31,223302777,1,0.0,1.0,1239.0
2026-03-31,223615358,1,0.0,1.0,1622.0
2026-03-31,225505021,2,0.0,2.0,360.0
2026-03-31,247803775,25,1.0,24.0,1363.9807999999998
2026-03-31,247803776,15,1.0,14.0,1285.0586666666668
2026-03-31,248166626,156,5.0,151.0,2004.1897435897433
2026-03-31,248173261,75,8.0,67.0,2093.472133333333
2026-03-31,248591628,15,1.0,14.0,1825.0
2026-03-31,248591629,7,0.0,7.0,1806.0
2026-03-31,248639013,101,3.0,98.0,1721.1920792079206
2026-03-31,248639014,54,2.0,52.0,1803.2142857142858
2026-03-31,251889892,3,0.0,3.0,1105.3333333333333
2026-03-31,251889894,14,2.0,12.0,1826.0071428571428
2026-03-31,262596137,1,0.0,1.0,0.0
2026-03-31,278278778,2,0.0,2.0,1815.0
2026-03-31,286985384,3,0.0,3.0,1660.0
2026-03-31,296818633,9,0.0,9.0,842.9844444444444
2026-03-31,300294506,14,0.0,14.0,1912.9607142857144
2026-03-31,300294507,7,1.0,6.0,1741.935714285714
2026-03-31,315032004,1,0.0,1.0,1467.0
2026-03-31,331575070,15,0.0,15.0,1267.464
2026-03-31,331575073,4,0.0,4.0,1297.0
2026-03-31,331575074,16,1.0,15.0,1287.0
2026-03-31,331575075,12,2.0,10.0,1274.0674999999999
2026-03-31,337308569,2,0.0,2.0,1725.5
2026-03-31,366760796,6,0.0,6.0,1189.0
2026-03-31,366760798,3,0.0,3.0,1163.0
2026-03-31,366813884,3,0.0,3.0,1235.0
2026-03-31,377241928,1,0.0,1.0,1062.0
2026-03-31,377242549,1,0.0,1.0,1503.0
2026-03-31,384494968,2,0.0,2.0,1250.0
2026-03-31,384494969,1,0.0,1.0,1260.0
2026-03-31,444461581,39,2.0,37.0,1852.0
2026-03-31,462870185,3,0.0,3.0,1876.6666666666667
2026-03-31,462870186,32,1.0,31.0,1889.8390625
2026-03-31,462878720,1,0.0,1.0,1365.0
2026-03-31,467007550,42,4.0,38.0,1856.9409523809525
2026-03-31,468506772,9,1.0,8.0,1861.9977777777776
2026-03-31,471342171,26,0.0,26.0,3782.0038461538466
2026-03-31,474397318,102,3.0,99.0,1813.5069607843136
2026-03-31,474629420,36,3.0,33.0,1843.75
2026-03-31,475748707,51,1.0,50.0,2024.9256862745099
2026-03-31,475759397,15,4.0,11.0,1908.9846666666667
2026-03-31,488493915,3,0.0,3.0,3702.0
2026-03-31,504801009,6,0.0,6.0,800.0
2026-03-31,516856408,18,1.0,17.0,2343.0
2026-03-31,516856409,3,0.0,3.0,615.3333333333334
2026-03-31,528912198,1,0.0,1.0,0.0
2026-03-31,541096165,2,0.0,2.0,2478.0
2026-03-31,541096167,16,0.0,16.0,1687.5
2026-03-31,649988707,4,0.0,4.0,1800.19
2026-03-31,681642682,2,0.0,2.0,1750.0
2026-03-31,715890127,1,0.0,1.0,1440.0
2026-03-31,715890128,1,0.0,1.0,1560.0
2026-03-31,715890129,1,0.0,1.0,1560.0
2026-03-31,732543825,2,0.0,2.0,1650.0
2026-03-31,732543827,1,0.0,1.0,1700.0
2026-03-31,732543829,3,0.0,3.0,1750.0
2026-03-31,759970497,2,0.0,2.0,1300.0
2026-03-31,760169672,1,0.0,1.0,1500.0
2026-03-31,760169674,4,0.0,4.0,1300.0149999999999
2026-03-31,760169675,1,0.0,1.0,1550.0
2026-03-31,760169676,1,0.0,1.0,1650.0
2026-03-31,760323301,27,2.0,25.0,1687.514642857143
2026-03-31,760323302,6,0.0,6.0,2548.0
2026-03-31,760323304,11,0.0,11.0,2249.9881818181816
2026-03-31,760323305,12,1.0,11.0,2215.3846153846152
2026-03-31,760323306,4,0.0,4.0,2550.0
2026-03-31,760323307,26,1.0,25.0,1950.0
2026-03-31,775902154,21,1.0,20.0,1100.0047619047618
2026-03-31,775902155,2,0.0,2.0,1000.0
2026-03-31,775902156,2,0.0,2.0,1000.0
2026-03-31,775902160,2,0.0,2.0,1000.0
2026-03-31,783403723,19,1.0,18.0,2250.03
2026-03-31,783403724,16,0.0,16.0,2300.0
2026-03-31,783403725,15,0.0,15.0,2350.0
2026-03-31,788921071,54,7.0,47.0,2078.1852727272726
2026-03-31,788921072,14,1.0,13.0,1950.0064285714286
2026-03-31,788921073,37,3.0,34.0,2200.008108108108
2026-03-31,788940601,6,1.0,5.0,3541.6666666666665
2026-03-31,788940602,17,1.0,16.0,3699.994705882353
2026-03-31,788940603,12,1.0,11.0,3624.9925000000003
2026-03-31,788940604,9,2.0,7.0,3450.0
2026-03-31,788946367,20,3.0,17.0,2180.0
2026-03-31,789090595,20,0.0,20.0,1800.0040000000001
2026-03-31,789090596,15,3.0,12.0,1800.0
2026-03-31,789090597,30,0.0,30.0,1734.3721875
2026-03-31,789090598,20,2.0,18.0,1834.9985000000001
2026-03-31,790500903,30,1.0,29.0,1861.6666666666667
2026-03-31,790500904,12,1.0,11.0,1783.3333333333333
2026-03-31,790500905,24,1.0,23.0,1985.4166666666667
2026-03-31,790943351,2,1.0,1.0,1360.0
2026-03-31,796326738,3,0.0,3.0,800.0
2026-03-31,796420740,1,0.0,1.0,680.0
2026-03-31,796583761,1,0.0,1.0,2100.1
2026-03-31,796583763,2,0.0,2.0,2100.0
2026-03-31,800256397,6,1.0,5.0,3800.0
2026-03-31,800256398,6,1.0,5.0,3783.3333333333335
2026-03-31,800270333,8,0.0,8.0,3749.98875
2026-03-31,800270334,10,1.0,9.0,4000.16
2026-03-31,800280518,2,0.0,2.0,2500.0
2026-03-31,800280519,6,0.0,6.0,2600.0
2026-03-31,806630258,2,0.0,2.0,1160.0
2026-03-31,847993700,1,0.0,1.0,1250.06
2026-03-31,847993701,10,0.0,10.0,1279.956
2026-03-31,847993702,2,0.0,2.0,1162.5
2026-03-31,874138991,1,0.0,1.0,1200.0
2026-03-31,874196280,3,0.0,3.0,1306.6666666666667
2026-03-31,874196281,10,0.0,10.0,1300.0
2026-03-31,874196283,21,0.0,21.0,1344.767619047619
2026-03-31,876141603,8,0.0,8.0,1639.98875
2026-03-31,876141604,5,0.0,5.0,1600.0
2026-03-31,876141605,6,0.0,6.0,1600.0116666666665
2026-03-31,876141606,3,0.0,3.0,1600.0
2026-03-31,876153167,2,0.0,2.0,1200.0
2026-03-31,892657953,5,0.0,5.0,3720.0
2026-04-01,218467926,2,0.0,2.0,1015.0
2026-04-01,219033581,1,0.0,1.0,1686.0
2026-04-01,219037028,2,0.0,2.0,1886.0
2026-04-01,220783118,1,0.0,1.0,1828.0
2026-04-01,220783128,5,0.0,5.0,1520.0
2026-04-01,220783129,1,0.0,1.0,1732.0
2026-04-01,220796910,6,0.0,6.0,1055.0
2026-04-01,220796916,17,1.0,16.0,1184.0070588235294
2026-04-01,220796924,13,0.0,13.0,940.3333333333334
2026-04-01,220796932,2,0.0,2.0,989.0
2026-04-01,221217363,7,0.0,7.0,1206.0114285714285
2026-04-01,223615358,2,0.0,2.0,1622.0
2026-04-01,225505021,4,0.0,4.0,360.0
2026-04-01,247803775,21,0.0,21.0,1363.9542857142858
2026-04-01,247803776,20,0.0,20.0,1285.0
2026-04-01,248166626,128,5.0,123.0,2027.978125
2026-04-01,248173261,71,5.0,66.0,2106.7295774647887
2026-04-01,248591628,19,1.0,18.0,1825.0
2026-04-01,248591629,15,0.0,15.0,1806.0
2026-04-01,248639013,100,5.0,95.0,1761.5853465346534
2026-04-01,248639014,62,3.0,59.0,1869.9951612903226
2026-04-01,251889892,4,0.0,4.0,1658.0
2026-04-01,251889894,12,0.0,12.0,1825.9925
2026-04-01,253237666,1,0.0,1.0,1845.0
2026-04-01,278278778,2,0.0,2.0,1815.0
2026-04-01,278837827,2,0.0,2.0,918.125
2026-04-01,286985384,2,0.0,2.0,1660.115
2026-04-01,286985385,3,0.0,3.0,1660.0
2026-04-01,296818633,7,0.0,7.0,843.0
2026-04-01,300294506,13,1.0,12.0,1776.33
2026-04-01,300294507,5,1.0,4.0,1742.0
2026-04-01,331575070,12,0.0,12.0,1265.83
2026-04-01,331575073,3,1.0,2.0,1230.7266666666667
2026-04-01,331575074,16,1.0,15.0,1286.983125
2026-04-01,331575075,15,0.0,15.0,1188.6875
2026-04-01,337308569,5,0.0,5.0,1751.0
2026-04-01,366760796,6,0.0,6.0,1209.5
2026-04-01,366760798,2,0.0,2.0,1183.0
2026-04-01,366813884,3,0.0,3.0,1111.0
2026-04-01,377242549,2,0.0,2.0,1503.0
2026-04-01,384494968,3,0.0,3.0,1250.0
2026-04-01,384494969,1,0.0,1.0,1260.0
2026-04-01,444461581,46,1.0,45.0,1851.9882608695655
2026-04-01,451093486,7,0.0,7.0,1270.9914285714287
2026-04-01,453167037,1,0.0,1.0,774.0
2026-04-01,462870185,10,2.0,8.0,1863.0
2026-04-01,462870186,39,0.0,39.0,1851.1232499999999
2026-04-01,467007550,44,0.0,44.0,1870.0020454545454
2026-04-01,468506772,8,0.0,8.0,1861.9875
2026-04-01,468506773,2,0.0,2.0,1464.0
2026-04-01,471342171,28,0.0,28.0,3782.02
2026-04-01,474397318,90,5.0,85.0,1870.7236666666668
2026-04-01,474629420,33,3.0,30.0,1834.1393939393938
2026-04-01,475748707,42,1.0,41.0,1979.862093023256
2026-04-01,475759397,27,4.0,23.0,1922.7177777777777
2026-04-01,488493915,2,0.0,2.0,3702.0
2026-04-01,504801009,1,0.0,1.0,800.0
2026-04-01,516856408,16,1.0,15.0,2437.8725
2026-04-01,516856409,1,0.0,1.0,1846.0
2026-04-01,541096165,3,0.0,3.0,2478.0
2026-04-01,541096167,16,0.0,16.0,1680.000625
2026-04-01,585840783,2,0.0,2.0,800.0
2026-04-01,649988707,1,0.0,1.0,1800.0
2026-04-01,715890126,3,0.0,3.0,1400.0
2026-04-01,715890127,2,0.0,2.0,1440.0
2026-04-01,715890128,1,0.0,1.0,1560.0
2026-04-01,715890129,1,0.0,1.0,1560.0
2026-04-01,732543825,1,0.0,1.0,1650.0
2026-04-01,732543829,4,0.0,4.0,1750.0
2026-04-01,759970497,1,0.0,1.0,1300.0
2026-04-01,760169672,2,0.0,2.0,1500.0
2026-04-01,760169674,5,0.0,5.0,1083.3333333333333
2026-04-01,760169675,1,0.0,1.0,1550.0
2026-04-01,760169676,1,0.0,1.0,1650.0
2026-04-01,760323301,25,2.0,23.0,1750.0051999999998
2026-04-01,760323302,2,1.0,1.0,2548.0
2026-04-01,760323303,1,0.0,1.0,2400.0
2026-04-01,760323304,15,3.0,12.0,2250.002
2026-04-01,760323305,8,2.0,6.0,2400.0
2026-04-01,760323306,8,0.0,8.0,2550.0
2026-04-01,760323307,26,2.0,24.0,1950.0019230769233
2026-04-01,775902154,18,1.0,17.0,1100.0655555555556
2026-04-01,775902155,1,0.0,1.0,1000.0
2026-04-01,775902156,2,1.0,1.0,1000.0
2026-04-01,775902158,1,0.0,1.0,1000.0
2026-04-01,775902160,4,1.0,3.0,1000.0
2026-04-01,783403723,16,1.0,15.0,2250.0
2026-04-01,783403724,10,0.0,10.0,2300.0
2026-04-01,783403725,12,0.0,12.0,2350.0091666666667
2026-04-01,788921071,47,4.0,43.0,2128.723404255319
2026-04-01,788921072,19,3.0,16.0,1947.3684210526317
2026-04-01,788921073,36,3.0,33.0,2206.931111111111
2026-04-01,788940601,5,0.0,5.0,3550.0
2026-04-01,788940602,10,0.0,10.0,3700.0
2026-04-01,788940603,10,2.0,8.0,3295.4545454545455
2026-04-01,788940604,12,2.0,10.0,3462.5
2026-04-01,788946367,23,0.0,23.0,2200.0052173913045
2026-04-01,789090595,16,1.0,15.0,1800.0
2026-04-01,789090596,18,0.0,18.0,1788.888888888889
2026-04-01,789090597,26,2.0,24.0,1850.0
2026-04-01,789090598,13,0.0,13.0,1834.6153846153845
2026-04-01,790500903,34,2.0,32.0,1863.2767647058824
2026-04-01,790500904,11,0.0,11.0,1768.1818181818182
2026-04-01,790500905,16,1.0,15.0,2025.0
2026-04-01,790943351,2,0.0,2.0,1360.0
2026-04-01,790943352,2,1.0,1.0,1800.0
2026-04-01,796420740,2,0.0,2.0,720.0
2026-04-01,796420741,1,0.0,1.0,920.0
2026-04-01,800256397,2,1.0,1.0,3799.9700000000003
2026-04-01,800256398,2,1.0,1.0,3751.1800000000003
2026-04-01,800270333,7,0.0,7.0,3800.2571428571428
2026-04-01,800270334,3,0.0,3.0,3000.0
2026-04-01,800280518,5,0.0,5.0,2400.0
2026-04-01,800280519,4,0.0,4.0,2600.06
2026-04-01,806630258,2,0.0,2.0,1160.0
2026-04-01,847993700,3,0.0,3.0,1258.3333333333333
2026-04-01,847993701,10,2.0,8.0,1255.0
2026-04-01,847993702,3,0.0,3.0,1141.6666666666667
2026-04-01,874138991,3,0.0,3.0,1200.0
2026-04-01,874138995,1,0.0,1.0,1360.0
2026-04-01,874138996,3,0.0,3.0,1173.3333333333333
2026-04-01,874196280,4,0.0,4.0,1280.0
2026-04-01,874196281,12,0.0,12.0,1349.9916666666666
2026-04-01,874196283,14,0.0,14.0,1428.5714285714287
2026-04-01,876141603,10,0.0,10.0,1640.03
2026-04-01,876141604,7,0.0,7.0,1600.01
2026-04-01,876141605,5,0.0,5.0,1592.0
2026-04-01,876141606,6,0.0,6.0,1600.0
2026-04-01,876153167,1,0.0,1.0,1160.0
2026-04-01,892657953,7,1.0,6.0,3728.842857142857
2026-04-02,218467926,3,0.0,3.0,1015.0
2026-04-02,220783118,1,0.0,1.0,1828.0
2026-04-02,220783128,1,0.0,1.0,1520.0
2026-04-02,220796910,5,0.0,5.0,1055.0
2026-04-02,220796916,17,0.0,17.0,1184.0
2026-04-02,220796924,11,0.0,11.0,1085.0
2026-04-02,220796932,2,0.0,2.0,989.0
2026-04-02,221216505,1,0.0,1.0,1703.0
2026-04-02,221217363,5,0.0,5.0,1206.0
2026-04-02,223302777,2,0.0,2.0,1238.83
2026-04-02,223615358,3,0.0,3.0,1622.0
2026-04-02,225505021,5,0.0,5.0,360.0
2026-04-02,247803775,23,1.0,22.0,1307.0679166666666
2026-04-02,247803776,14,1.0,13.0,1285.0314285714285
2026-04-02,248166626,123,1.0,122.0,2036.3200806451614
2026-04-02,248173261,55,3.0,52.0,2080.2910714285713
2026-04-02,248591628,34,2.0,32.0,1825.0011764705882
2026-04-02,248591629,9,0.0,9.0,1806.0
2026-04-02,248639013,99,1.0,98.0,1777.379595959596
2026-04-02,248639014,58,2.0,56.0,1870.003448275862
2026-04-02,251889894,8,0.0,8.0,1847.0
2026-04-02,253237666,1,0.0,1.0,1845.0
2026-04-02,258836990,1,0.0,1.0,1052.0
2026-04-02,286985385,1,0.0,1.0,1660.0
2026-04-02,296818633,7,0.0,7.0,842.9399999999999
2026-04-02,300294506,11,1.0,10.0,1913.0
2026-04-02,300294507,5,0.0,5.0,1742.0
2026-04-02,331575070,19,2.0,17.0,1152.7228571428573
2026-04-02,331575073,4,3.0,1.0,1297.0
2026-04-02,331575074,18,1.0,17.0,1281.4927777777777
2026-04-02,331575075,16,0.0,16.0,1274.0
2026-04-02,337308569,4,1.0,3.0,1751.0
2026-04-02,366760796,2,0.0,2.0,1168.5
2026-04-02,366760798,1,0.0,1.0,1243.0
2026-04-02,366813884,4,0.0,4.0,1142.0
2026-04-02,366813885,4,1.0,3.0,1202.5
2026-04-02,366822996,1,0.0,1.0,1086.0
2026-04-02,370413854,1,0.0,1.0,1424.0
2026-04-02,377241928,1,0.0,1.0,1062.0
2026-04-02,384494968,3,0.0,3.0,1250.0
2026-04-02,384494969,1,0.0,1.0,1260.0
2026-04-02,444461581,43,3.0,40.0,1851.9597674418605
2026-04-02,451093486,4,0.0,4.0,1271.0
2026-04-02,462870185,14,1.0,13.0,1874.642857142857
2026-04-02,462870186,24,1.0,23.0,2084.6666666666665
2026-04-02,467007550,41,4.0,37.0,1898.2078048780488
2026-04-02,468506772,12,0.0,12.0,1865.5591666666667
2026-04-02,468506773,3,0.0,3.0,2196.0
2026-04-02,471342171,12,1.0,11.0,3782.0
2026-04-02,474397318,100,2.0,98.0,1816.3477669902913
2026-04-02,474629420,27,1.0,26.0,1814.9962962962964
2026-04-02,475748707,32,2.0,30.0,2027.0409375
2026-04-02,475759397,22,4.0,18.0,1914.8545454545456
2026-04-02,488493915,4,0.0,4.0,3702.0
2026-04-02,504801009,3,0.0,3.0,800.0
2026-04-02,516856408,9,1.0,8.0,2138.4
2026-04-02,541096165,5,0.0,5.0,2478.0
2026-04-02,541096167,14,2.0,12.0,1680.0728571428572
2026-04-02,549254419,1,0.0,1.0,1578.0
2026-04-02,649988707,2,0.0,2.0,1800.0
2026-04-02,715890126,2,0.0,2.0,1400.0
2026-04-02,715890127,3,1.0,2.0,1439.9633333333334
2026-04-02,715890128,2,0.0,2.0,1560.0
2026-04-02,756653629,1,0.0,1.0,2250.0
2026-04-02,759970497,1,0.0,1.0,1300.0
2026-04-02,760169673,2,0.0,2.0,1549.915
2026-04-02,760169674,6,0.0,6.0,1300.06
2026-04-02,760169675,1,0.0,1.0,1550.0
2026-04-02,760169676,2,0.0,2.0,1650.0
2026-04-02,760323301,22,0.0,22.0,1673.9117391304349
2026-04-02,760323302,5,0.0,5.0,2548.0
2026-04-02,760323304,16,0.0,16.0,2250.0
2026-04-02,760323305,7,0.0,7.0,2399.9857142857145
2026-04-02,760323306,10,1.0,9.0,2550.0119999999997
2026-04-02,760323307,17,1.0,16.0,1950.0052941176468
2026-04-02,775902154,15,0.0,15.0,1099.9933333333333
2026-04-02,775902156,1,0.0,1.0,1000.0
2026-04-02,783403723,19,2.0,17.0,2250.0
2026-04-02,783403724,9,0.0,9.0,2300.007777777778
2026-04-02,783403725,14,2.0,12.0,2350.007857142857
2026-04-02,788921071,51,8.0,43.0,2141.203137254902
2026-04-02,788921072,10,2.0,8.0,1950.0
2026-04-02,788921073,28,4.0,24.0,2219.6439285714287
2026-04-02,788940601,3,2.0,1.0,3550.0
2026-04-02,788940602,17,1.0,16.0,3700.0
2026-04-02,788940603,5,0.0,5.0,3640.0
2026-04-02,788940604,9,0.0,9.0,3449.988888888889
2026-04-02,788946367,15,1.0,14.0,2146.697333333333
2026-04-02,789090595,11,0.0,11.0,1800.007272727273
2026-04-02,789090596,13,0.0,13.0,1784.6046153846155
2026-04-02,789090597,23,0.0,23.0,1850.0039130434782
2026-04-02,789090598,14,2.0,12.0,1850.0064285714286
2026-04-02,790500903,41,0.0,41.0,1834.5280952380951
2026-04-02,790500904,12,0.0,12.0,1758.3333333333333
2026-04-02,790500905,23,1.0,22.0,2082.608695652174
2026-04-02,790943351,1,0.0,1.0,1360.0
2026-04-02,796326738,2,0.0,2.0,800.0
2026-04-02,796420740,1,0.0,1.0,340.0
2026-04-02,796420741,2,0.0,2.0,920.0
2026-04-02,796583762,1,0.0,1.0,2350.0
2026-04-02,796583763,1,0.0,1.0,2100.0
2026-04-02,800256397,6,0.0,6.0,3800.0
2026-04-02,800256398,2,0.0,2.0,3800.0
2026-04-02,800270333,6,0.0,6.0,3800.008333333333
2026-04-02,800270334,8,0.0,8.0,4000.0
2026-04-02,800280518,5,0.0,5.0,2420.0
2026-04-02,800280519,6,0.0,6.0,2616.6666666666665
2026-04-02,806630258,3,0.0,3.0,1160.0
2026-04-02,847993700,1,0.0,1.0,1275.0
2026-04-02,847993701,7,0.0,7.0,1264.2942857142857
2026-04-02,847993702,4,0.0,4.0,1112.5
2026-04-02,850497739,1,0.0,1.0,1325.0
2026-04-02,874138991,1,0.0,1.0,1200.0
2026-04-02,874138995,1,0.0,1.0,1320.0
2026-04-02,874138996,1,0.0,1.0,1159.86
2026-04-02,874196280,6,0.0,6.0,1273.3333333333333
2026-04-02,874196281,14,0.0,14.0,1365.7178571428572
2026-04-02,874196283,12,2.0,10.0,1400.0
2026-04-02,876141603,13,0.0,13.0,1639.9930769230768
2026-04-02,876141604,6,0.0,6.0,1600.0
2026-04-02,876141605,3,0.0,3.0,1573.3333333333333
2026-04-02,876141606,13,1.0,12.0,1600.0
2026-04-02,892643724,1,0.0,1.0,1680.0
2026-04-02,892657953,10,2.0,8.0,3720.0
2026-04-03,218467926,1,0.0,1.0,1015.0
2026-04-03,219033581,2,0.0,2.0,1686.0
2026-04-03,220673471,1,0.0,1.0,2173.0
2026-04-03,220783128,7,0.0,7.0,1520.0
2026-04-03,220783129,1,0.0,1.0,1732.0
2026-04-03,220796910,5,0.0,5.0,1055.0
2026-04-03,220796916,20,0.0,20.0,1127.6190476190477
2026-04-03,220796924,8,0.0,8.0,1085.0
2026-04-03,220796932,2,0.0,2.0,988.78
2026-04-03,221217363,7,0.0,7.0,1206.0142857142857
2026-04-03,223302777,2,1.0,1.0,1239.0
2026-04-03,223615358,2,0.0,2.0,1622.0
2026-04-03,225505021,3,0.0,3.0,360.0
2026-04-03,247803775,26,3.0,23.0,1313.4414814814813
2026-04-03,247803776,27,0.0,27.0,1239.1207142857143
2026-04-03,248166626,196,6.0,190.0,2024.0087817258882
2026-04-03,248173261,73,9.0,64.0,2104.8216438356167
2026-04-03,248591628,36,2.0,34.0,1825.0
2026-04-03,248591629,7,0.0,7.0,1806.0185714285715
2026-04-03,248639013,118,8.0,110.0,1774.2377118644067
2026-04-03,248639014,60,1.0,59.0,1869.9888333333333
2026-04-03,251889892,3,0.0,3.0,1658.0
2026-04-03,251889894,23,1.0,22.0,1838.7826086956522
2026-04-03,253236688,3,0.0,3.0,1584.0
2026-04-03,253237666,1,0.0,1.0,1845.0
2026-04-03,258834339,1,0.0,1.0,1118.0
2026-04-03,262595711,1,0.0,1.0,1116.0
2026-04-03,278278778,4,0.0,4.0,1814.995
2026-04-03,286985384,4,0.0,4.0,1660.0
2026-04-03,286985385,4,0.0,4.0,1659.9925
2026-04-03,296818633,5,0.0,5.0,843.0
2026-04-03,300294506,9,2.0,7.0,1913.0
2026-04-03,300294507,5,0.0,5.0,1742.0
2026-04-03,315032004,1,0.0,1.0,1467.0
2026-04-03,331575070,10,0.0,10.0,1254.396
2026-04-03,331575074,16,0.0,16.0,1287.010625
2026-04-03,331575075,16,2.0,14.0,1268.310625
2026-04-03,337308569,9,1.0,8.0,1745.3333333333333
2026-04-03,366760796,10,0.0,10.0,1205.4
2026-04-03,366760798,3,0.0,3.0,1203.02
2026-04-03,366813884,2,1.0,1.0,1235.0
2026-04-03,366813885,1,0.0,1.0,1245.0
2026-04-03,366822992,1,0.0,1.0,1147.0
2026-04-03,377241928,1,0.0,1.0,1062.0
2026-04-03,377242345,1,0.0,1.0,1134.0
2026-04-03,384494968,2,0.0,2.0,1250.0
2026-04-03,384494969,1,0.0,1.0,1260.0
2026-04-03,444461581,59,2.0,57.0,1851.98
2026-04-03,451093486,4,1.0,3.0,1271.0
2026-04-03,462870185,16,1.0,15.0,1870.625
2026-04-03,462870186,32,3.0,29.0,2033.6521875
2026-04-03,462878720,1,0.0,1.0,1365.0
2026-04-03,467007550,48,4.0,44.0,1840.8316326530612
2026-04-03,468506772,14,1.0,13.0,1861.9964285714286
2026-04-03,468506773,2,1.0,1.0,2196.0
2026-04-03,471342171,27,0.0,27.0,3782.08
2026-04-03,474397318,97,6.0,91.0,1870.7889583333335
2026-04-03,474629420,42,2.0,40.0,1805.3564285714285
2026-04-03,475748707,57,1.0,56.0,2023.280701754386
2026-04-03,475759397,29,2.0,27.0,1907.3037931034482
2026-04-03,504801009,6,0.0,6.0,799.9916666666667
2026-04-03,516856408,31,0.0,31.0,2395.1612903225805
2026-04-03,528912186,1,0.0,1.0,832.0
2026-04-03,541096165,3,2.0,1.0,2478.0
2026-04-03,541096166,1,0.0,1.0,2700.0
2026-04-03,541096167,21,0.0,21.0,1679.9980952380952
2026-04-03,549254419,1,0.0,1.0,1578.0
2026-04-03,585840779,1,0.0,1.0,931.0
2026-04-03,681642682,2,0.0,2.0,1750.0
2026-04-03,715890126,3,0.0,3.0,1400.0
2026-04-03,715890127,1,0.0,1.0,1440.0
2026-04-03,715890128,3,0.0,3.0,1560.0
2026-04-03,724729234,1,0.0,1.0,1640.0
2026-04-03,732543825,1,0.0,1.0,1650.0
2026-04-03,732543829,7,0.0,7.0,1750.0
2026-04-03,756653629,1,1.0,0.0,2250.0
2026-04-03,759970497,1,0.0,1.0,1300.0
2026-04-03,760169674,4,0.0,4.0,1300.0
2026-04-03,760323301,23,1.0,22.0,1750.003043478261
2026-04-03,760323302,4,0.0,4.0,2548.0
2026-04-03,760323304,19,0.0,19.0,2250.0
2026-04-03,760323305,12,2.0,10.0,2400.016666666667
2026-04-03,760323306,2,1.0,1.0,2550.0
2026-04-03,760323307,29,4.0,25.0,1885.0
2026-04-03,775902154,12,2.0,10.0,1100.0091666666667
2026-04-03,775902155,1,0.0,1.0,1000.0
2026-04-03,775902156,3,0.0,3.0,1000.0
2026-04-03,775902157,2,0.0,2.0,1000.0
2026-04-03,775902160,4,0.0,4.0,1000.0
2026-04-03,783403723,16,0.0,16.0,2250.0
2026-04-03,783403724,20,0.0,20.0,2300.0035
2026-04-03,783403725,6,1.0,5.0,2350.0
2026-04-03,788921071,39,5.0,34.0,1992.857142857143
2026-04-03,788921072,13,3.0,10.0,1950.0
2026-04-03,788921073,35,2.0,33.0,2231.4285714285716
2026-04-03,788940601,5,0.0,5.0,3540.0620000000004
2026-04-03,788940602,19,0.0,19.0,3700.0068421052633
2026-04-03,788940603,11,2.0,9.0,3659.081818181818
2026-04-03,788940604,12,1.0,11.0,3462.5
2026-04-03,788946367,25,2.0,23.0,2119.268076923077
2026-04-03,789090595,13,0.0,13.0,1800.0084615384617
2026-04-03,789090596,21,2.0,19.0,1780.9600000000003
2026-04-03,789090597,29,3.0,26.0,1850.0
2026-04-03,789090598,16,1.0,15.0,1837.5
2026-04-03,790500903,53,4.0,49.0,1883.9775471698113
2026-04-03,790500904,19,1.0,18.0,1771.0678947368422
2026-04-03,790500905,16,2.0,14.0,2062.5
2026-04-03,790943351,6,0.0,6.0,1360.0
2026-04-03,796326738,1,0.0,1.0,800.0
2026-04-03,796420740,2,0.0,2.0,680.0
2026-04-03,796583761,1,0.0,1.0,2100.0
2026-04-03,796583762,1,0.0,1.0,2350.0
2026-04-03,800256397,8,0.0,8.0,3800.0
2026-04-03,800256398,3,0.0,3.0,3800.0
2026-04-03,800270333,8,0.0,8.0,3775.0
2026-04-03,800270334,11,1.0,10.0,4000.0
2026-04-03,800280518,7,1.0,6.0,2414.285714285714
2026-04-03,800280519,11,0.0,11.0,2627.2727272727275
2026-04-03,847993700,1,0.0,1.0,1250.0
2026-04-03,847993701,10,0.0,10.0,1260.0
2026-04-03,847993702,4,0.0,4.0,1112.5125
2026-04-03,850497739,1,0.0,1.0,1325.0
2026-04-03,874138991,3,0.0,3.0,1216.6666666666667
2026-04-03,874138996,4,0.0,4.0,1170.0
2026-04-03,874196280,9,0.0,9.0,1257.778888888889
2026-04-03,874196281,13,1.0,12.0,1341.5453846153846
2026-04-03,874196283,16,0.0,16.0,1360.0
2026-04-03,876141603,13,1.0,12.0,1670.7692307692307
2026-04-03,876141604,6,1.0,5.0,1600.0
2026-04-03,876141605,10,0.0,10.0,1429.0800000000002
2026-04-03,876141606,9,0.0,9.0,1599.9866666666667
2026-04-03,892657953,5,3.0,2.0,3679.982
2026-04-04,218467926,2,0.0,2.0,1015.0
2026-04-04,220783118,2,0.0,2.0,1828.0
2026-04-04,220783128,5,0.0,5.0,1520.0
2026-04-04,220796910,4,0.0,4.0,1055.0
2026-04-04,220796916,18,2.0,16.0,1184.0
2026-04-04,220796924,10,0.0,10.0,1084.9940000000001
2026-04-04,221216935,1,0.0,1.0,1697.0
2026-04-04,221217363,8,0.0,8.0,1206.005
2026-04-04,223302777,1,0.0,1.0,1239.0
2026-04-04,223615358,1,0.0,1.0,1622.0
2026-04-04,225505021,3,0.0,3.0,360.0
2026-04-04,247803775,40,2.0,38.0,1363.97675
2026-04-04,247803776,20,0.0,20.0,1285.056
2026-04-04,248166626,159,3.0,156.0,2053.58855345912
2026-04-04,248173261,55,2.0,53.0,2111.1996363636363
2026-04-04,248591628,28,1.0,27.0,1825.0
2026-04-04,248591629,2,0.0,2.0,1806.0
2026-04-04,248639013,92,2.0,90.0,1770.0040217391304
2026-04-04,248639014,44,2.0,42.0,1869.9990909090911
2026-04-04,251889892,1,0.0,1.0,1658.0
2026-04-04,251889894,12,0.0,12.0,1717.8176923076924
2026-04-04,253236688,2,0.0,2.0,1584.0
2026-04-04,262596137,1,0.0,1.0,879.0
2026-04-04,278278778,1,0.0,1.0,1815.0
2026-04-04,278837827,3,0.0,3.0,918.0566666666667
2026-04-04,286985384,1,0.0,1.0,1659.69
2026-04-04,286985385,2,0.0,2.0,1660.0
2026-04-04,296818633,6,0.0,6.0,843.0
2026-04-04,300294506,10,0.0,10.0,1739.090909090909
2026-04-04,300294507,1,1.0,0.0,1742.0
2026-04-04,331575070,14,0.0,14.0,1274.0
2026-04-04,331575073,2,0.0,2.0,1247.0
2026-04-04,331575074,13,0.0,13.0,1279.3846153846155
2026-04-04,331575075,12,1.0,11.0,1266.5583333333334
2026-04-04,337308569,6,0.0,6.0,1751.0
2026-04-04,366760796,1,0.0,1.0,1230.0
2026-04-04,366760798,1,1.0,0.0,1243.0
2026-04-04,366813884,2,0.0,2.0,1235.0
2026-04-04,366813885,2,0.0,2.0,1160.0
2026-04-04,366813893,1,0.0,1.0,1120.0
2026-04-04,366822996,1,0.0,1.0,1086.0
2026-04-04,377241928,2,0.0,2.0,1062.0
2026-04-04,377242549,1,0.0,1.0,1503.0
2026-04-04,384494968,4,0.0,4.0,1250.0
2026-04-04,384494969,2,0.0,2.0,1259.975
2026-04-04,444461581,44,1.0,43.0,1852.5206818181819
2026-04-04,451093486,2,0.0,2.0,1270.97
2026-04-04,462870185,11,1.0,10.0,1866.6863636363635
2026-04-04,462870186,30,2.0,28.0,2098.4476666666665
2026-04-04,462878720,3,0.0,3.0,1364.9666666666667
2026-04-04,467007550,36,3.0,33.0,1852.139189189189
2026-04-04,468506772,17,2.0,15.0,1862.01
2026-04-04,468506773,5,0.0,5.0,2196.0
2026-04-04,471342171,32,2.0,30.0,3782.0015625
2026-04-04,474397318,73,4.0,69.0,1846.710810810811
2026-04-04,474629420,32,4.0,28.0,1731.8181818181818
2026-04-04,475748707,43,4.0,39.0,1978.5227272727273
2026-04-04,475759397,20,3.0,17.0,1936.4005000000002
2026-04-04,488493915,3,0.0,3.0,3702.0
2026-04-04,504801009,4,0.0,4.0,800.2825
2026-04-04,516856408,18,1.0,17.0,2420.0044444444447
2026-04-04,541096165,4,0.0,4.0,2478.0
2026-04-04,541096166,1,0.0,1.0,2700.0
2026-04-04,541096167,17,0.0,17.0,1680.0
2026-04-04,649988707,3,0.0,3.0,1800.0
2026-04-04,681642682,2,0.0,2.0,1750.0
2026-04-04,715890127,1,0.0,1.0,1440.0
2026-04-04,715890128,1,0.0,1.0,1560.0
2026-04-04,715890129,1,0.0,1.0,1560.0
2026-04-04,724729234,2,0.0,2.0,1640.0
2026-04-04,732543827,1,0.0,1.0,1700.0
2026-04-04,732543829,2,0.0,2.0,1750.0
2026-04-04,756653629,1,0.0,1.0,2250.0
2026-04-04,760169673,1,0.0,1.0,1550.0
2026-04-04,760169674,3,0.0,3.0,1300.0
2026-04-04,760169675,2,0.0,2.0,1550.0
2026-04-04,760169676,3,0.0,3.0,1650.1266666666668
2026-04-04,760323301,12,1.0,11.0,1750.0058333333334
2026-04-04,760323302,4,0.0,4.0,2548.0
2026-04-04,760323304,20,2.0,18.0,2250.005
2026-04-04,760323305,6,2.0,4.0,2400.0
2026-04-04,760323306,8,0.0,8.0,2550.00875
2026-04-04,760323307,20,5.0,15.0,1950.0
2026-04-04,775902154,11,1.0,10.0,1100.0072727272727
2026-04-04,775902155,3,0.0,3.0,1000.0
2026-04-04,775902156,1,0.0,1.0,1000.0
2026-04-04,775902160,2,0.0,2.0,1000.0
2026-04-04,783403723,11,1.0,10.0,1125.0
2026-04-04,783403724,12,2.0,10.0,2300.0
2026-04-04,783403725,5,0.0,5.0,2350.0
2026-04-04,788921071,36,4.0,32.0,2117.5675675675675
2026-04-04,788921072,20,2.0,18.0,1950.0
2026-04-04,788921073,32,5.0,27.0,2228.151875
2026-04-04,788940601,13,0.0,13.0,3550.007692307692
2026-04-04,788940602,14,0.0,14.0,3685.720714285714
2026-04-04,788940603,12,1.0,11.0,3650.0
2026-04-04,788940604,10,0.0,10.0,3469.9900000000002
2026-04-04,788946367,18,3.0,15.0,2194.4444444444443
2026-04-04,789090595,21,2.0,19.0,1799.992857142857
2026-04-04,789090596,18,2.0,16.0,1800.0
2026-04-04,789090597,17,4.0,13.0,1850.0476470588237
2026-04-04,789090598,22,1.0,21.0,1845.4545454545455
2026-04-04,790500903,34,1.0,33.0,1875.0011764705882
2026-04-04,790500904,21,1.0,20.0,1723.8071428571427
2026-04-04,790500905,16,1.0,15.0,2109.380625
2026-04-04,790943351,2,0.0,2.0,1360.0
2026-04-04,790943352,1,0.0,1.0,1800.0
2026-04-04,796420740,4,0.0,4.0,680.0925
2026-04-04,796420741,1,0.0,1.0,920.0
2026-04-04,796583761,2,0.0,2.0,2100.0
2026-04-04,796583763,1,0.0,1.0,2100.0
2026-04-04,800256397,6,0.0,6.0,3800.0
2026-04-04,800256398,6,0.0,6.0,3800.0
2026-04-04,800270334,10,1.0,9.0,4000.1410000000005
2026-04-04,800280518,8,0.0,8.0,2412.6075
2026-04-04,800280519,4,1.0,3.0,2080.0
2026-04-04,806630258,1,0.0,1.0,1160.0
2026-04-04,847993701,9,2.0,7.0,1261.1055555555556
2026-04-04,847993702,3,0.0,3.0,1100.0
2026-04-04,850497739,1,0.0,1.0,1325.0
2026-04-04,874138991,2,0.0,2.0,1200.0
2026-04-04,874196280,10,0.0,10.0,1256.0
2026-04-04,874196281,11,0.0,11.0,1396.3636363636363
2026-04-04,874196283,25,0.0,25.0,1382.4212
2026-04-04,876141603,14,1.0,13.0,1442.51875
2026-04-04,876141604,11,0.0,11.0,1600.0
2026-04-04,876141605,1,0.0,1.0,1560.0
2026-04-04,876141606,11,0.0,11.0,1600.0
2026-04-04,892657953,7,0.0,7.0,3671.4285714285716
2026-04-05,218467926,2,0.0,2.0,1015.0
2026-04-05,220783128,2,0.0,2.0,1520.0
2026-04-05,220796910,2,0.0,2.0,1055.0
2026-04-05,220796916,19,4.0,15.0,1124.8425
2026-04-05,220796924,8,1.0,7.0,1085.0
2026-04-05,221216505,1,0.0,1.0,1703.0
2026-04-05,221217363,4,0.0,4.0,1206.0
2026-04-05,225505021,2,0.0,2.0,360.495
2026-04-05,247803775,42,0.0,42.0,1363.9004761904762
2026-04-05,247803776,33,0.0,33.0,1285.0272727272727
2026-04-05,248166626,144,6.0,138.0,2058.614097222222
2026-04-05,248173261,61,4.0,57.0,2111.5854098360655
2026-04-05,248591628,32,8.0,24.0,1825.0
2026-04-05,248591629,9,0.0,9.0,1806.0044444444445
2026-04-05,248639013,87,1.0,86.0,1743.6367045454544
2026-04-05,248639014,52,1.0,51.0,1870.0
2026-04-05,251889894,12,2.0,10.0,1857.5
2026-04-05,253236688,2,0.0,2.0,1584.0
2026-04-05,253237666,1,0.0,1.0,1845.0
2026-04-05,258834337,1,0.0,1.0,956.0
2026-04-05,258850894,1,0.0,1.0,666.0
2026-04-05,278278778,1,0.0,1.0,1815.0
2026-04-05,286985384,3,0.0,3.0,1660.0
2026-04-05,286985385,1,0.0,1.0,1660.3
2026-04-05,296818633,9,0.0,9.0,843.0
2026-04-05,300294506,6,0.0,6.0,1913.0
2026-04-05,300294507,5,0.0,5.0,1742.0
2026-04-05,331575070,16,1.0,15.0,1274.0
2026-04-05,331575073,2,0.0,2.0,1297.0
2026-04-05,331575074,18,0.0,18.0,1287.0
2026-04-05,331575075,11,2.0,9.0,1265.7236363636364
2026-04-05,337308569,1,0.0,1.0,1751.0
2026-04-05,366760796,4,0.0,4.0,1199.25
2026-04-05,366813884,2,0.0,2.0,1235.0
2026-04-05,366813885,1,0.0,1.0,1245.0
2026-04-05,366813897,1,0.0,1.0,1085.0
2026-04-05,384494968,5,0.0,5.0,1250.0
2026-04-05,384494969,1,0.0,1.0,1260.0
2026-04-05,444461581,38,2.0,36.0,1851.9547368421051
2026-04-05,451093486,7,0.0,7.0,1271.0
2026-04-05,451743616,1,0.0,1.0,972.0
2026-04-05,462870185,9,1.0,8.0,1795.7777777777778
2026-04-05,462870186,39,1.0,38.0,2116.4358974358975
2026-04-05,462878720,1,0.0,1.0,1365.0
2026-04-05,467007550,52,2.0,50.0,1867.9245283018868
2026-04-05,468506772,12,2.0,10.0,1862.0
2026-04-05,468506773,4,0.0,4.0,2196.0
2026-04-05,471342171,23,5.0,18.0,3782.0145454545454
2026-04-05,474397318,94,1.0,93.0,1872.0087234042553
2026-04-05,474629420,15,1.0,14.0,1773.0
2026-04-05,475748707,43,4.0,39.0,2027.009534883721
2026-04-05,475759397,30,0.0,30.0,1936.401
2026-04-05,488493915,1,1.0,0.0,3702.0
2026-04-05,504801009,2,0.0,2.0,800.025
2026-04-05,516856408,14,1.0,13.0,2390.14
2026-04-05,541096165,5,2.0,3.0,2478.0
2026-04-05,541096167,22,0.0,22.0,1606.9565217391305
2026-04-05,549254419,2,0.0,2.0,1578.0
2026-04-05,649988707,1,0.0,1.0,1800.0
2026-04-05,681642682,1,0.0,1.0,1750.0
2026-04-05,715890126,4,0.0,4.0,1400.0
2026-04-05,715890127,1,0.0,1.0,1440.0
2026-04-05,715890129,1,0.0,1.0,1560.0
2026-04-05,732543825,1,0.0,1.0,1650.0
2026-04-05,732543827,2,0.0,2.0,1700.0
2026-04-05,732543829,6,0.0,6.0,1750.0
2026-04-05,759970497,1,0.0,1.0,1300.0
2026-04-05,760169672,1,0.0,1.0,1500.0
2026-04-05,760169673,1,0.0,1.0,1550.0
2026-04-05,760169674,8,0.0,8.0,1300.0075
2026-04-05,760169675,1,0.0,1.0,1550.0
2026-04-05,760323301,23,0.0,23.0,1750.0034782608695
2026-04-05,760323302,5,0.0,5.0,2548.0
2026-04-05,760323303,3,0.0,3.0,2400.0
2026-04-05,760323304,20,1.0,19.0,2250.0065
2026-04-05,760323305,6,1.0,5.0,2400.0
2026-04-05,760323306,2,1.0,1.0,2550.0
2026-04-05,760323307,26,2.0,24.0,1950.0053846153846
2026-04-05,775902154,14,0.0,14.0,1100.0
2026-04-05,775902155,1,0.0,1.0,1000.0
2026-04-05,775902156,1,0.0,1.0,1000.0
2026-04-05,775902157,1,0.0,1.0,1000.0
2026-04-05,775902158,1,0.0,1.0,1000.0
2026-04-05,775902160,1,0.0,1.0,1000.75
2026-04-05,783403723,9,0.0,9.0,2250.0
2026-04-05,783403724,11,0.0,11.0,2108.3333333333335
2026-04-05,783403725,10,3.0,7.0,2349.98
2026-04-05,788921071,39,3.0,36.0,2111.2715
2026-04-05,788921072,15,2.0,13.0,1950.0086666666668
2026-04-05,788921073,19,2.0,17.0,2228.92
2026-04-05,788940601,8,2.0,6.0,3550.0125
2026-04-05,788940602,13,1.0,12.0,3700.0
2026-04-05,788940603,8,4.0,4.0,3700.0
2026-04-05,788940604,10,1.0,9.0,3500.0
2026-04-05,788946367,11,0.0,11.0,2272.7272727272725
2026-04-05,789090595,15,2.0,13.0,1800.0
2026-04-05,789090596,24,2.0,22.0,1800.0
2026-04-05,789090597,32,0.0,32.0,1850.0040625
2026-04-05,789090598,17,2.0,15.0,1850.0
2026-04-05,790500903,36,0.0,36.0,1816.2162162162163
2026-04-05,790500904,24,2.0,22.0,1697.9166666666667
2026-04-05,790500905,20,3.0,17.0,2117.4945
2026-04-05,790943351,3,0.0,3.0,1360.01
2026-04-05,790943352,1,0.0,1.0,1800.0
2026-04-05,796420739,1,0.0,1.0,800.0
2026-04-05,796420740,4,0.0,4.0,700.1625
2026-04-05,796583761,1,0.0,1.0,2100.0
2026-04-05,796583762,1,0.0,1.0,2350.0
2026-04-05,796583763,1,0.0,1.0,2100.0
2026-04-05,800256397,3,0.0,3.0,3800.0
2026-04-05,800256398,6,0.0,6.0,3799.985
2026-04-05,800270333,5,0.0,5.0,3800.5080000000003
2026-04-05,800270334,18,0.0,18.0,4000.0
2026-04-05,800280518,1,1.0,0.0,2300.0
2026-04-05,800280519,7,1.0,6.0,2249.9975
2026-04-05,806630258,2,0.0,2.0,1160.0
2026-04-05,847993700,2,0.0,2.0,833.3333333333334
2026-04-05,847993701,6,0.0,6.0,1071.4285714285713
2026-04-05,847993702,1,0.0,1.0,1100.0
2026-04-05,850497739,2,0.0,2.0,1350.0
2026-04-05,874138991,2,0.0,2.0,1350.0
2026-04-05,874138995,2,0.0,2.0,1320.0
2026-04-05,874138996,1,0.0,1.0,1200.0
2026-04-05,874196280,6,0.0,6.0,1406.6666666666667
2026-04-05,874196281,14,1.0,13.0,1397.142857142857
2026-04-05,874196283,18,1.0,17.0,1406.6666666666667
2026-04-05,876141603,10,0.0,10.0,1704.0
2026-04-05,876141604,11,1.0,10.0,1600.0
2026-04-05,876141605,5,1.0,4.0,1560.0
2026-04-05,876141606,13,1.0,12.0,1600.0
2026-04-05,892643724,3,0.0,3.0,1600.0
2026-04-05,892657953,8,4.0,4.0,3625.02
2026-04-06,218467926,1,0.0,1.0,1015.0
2026-04-06,219033581,1,0.0,1.0,1686.0
2026-04-06,220783118,1,0.0,1.0,1828.0
2026-04-06,220783128,2,0.0,2.0,1520.0
2026-04-06,220783129,1,0.0,1.0,1732.0
2026-04-06,220796910,2,0.0,2.0,1055.0
2026-04-06,220796916,13,0.0,13.0,1184.0
2026-04-06,220796924,10,0.0,10.0,986.3636363636364
2026-04-06,220796932,1,0.0,1.0,989.0
2026-04-06,221217363,4,0.0,4.0,1206.0
2026-04-06,223302777,2,0.0,2.0,1239.0
2026-04-06,247803775,34,1.0,33.0,1363.945588235294
2026-04-06,247803776,26,3.0,23.0,1285.0223076923078
2026-04-06,248166626,131,5.0,126.0,2058.4992366412216
2026-04-06,248173261,60,4.0,56.0,2065.9939344262298
2026-04-06,248591628,27,5.0,22.0,1824.9996296296295
2026-04-06,248591629,5,1.0,4.0,1806.0
2026-04-06,248639013,83,3.0,80.0,1764.354578313253
2026-04-06,248639014,46,2.0,44.0,1870.001956521739
2026-04-06,251889892,3,0.0,3.0,1658.0
2026-04-06,251889894,11,0.0,11.0,1712.3333333333333
2026-04-06,253237666,1,0.0,1.0,1845.0
2026-04-06,286985385,3,0.0,3.0,1660.0
2026-04-06,296818633,5,0.0,5.0,843.0
2026-04-06,300294506,5,0.0,5.0,1913.0
2026-04-06,300294507,3,0.0,3.0,1742.0
2026-04-06,331575070,21,1.0,20.0,1216.0872727272726
2026-04-06,331575073,1,0.0,1.0,1297.0
2026-04-06,331575074,11,1.0,10.0,1287.0
2026-04-06,331575075,16,0.0,16.0,1274.0
2026-04-06,337308569,6,0.0,6.0,1500.857142857143
2026-04-06,366760796,4,0.0,4.0,1199.25
2026-04-06,366760798,1,0.0,1.0,1243.0
2026-04-06,366813884,5,0.0,5.0,1197.8
2026-04-06,366813885,3,0.0,3.0,1245.0
2026-04-06,370413854,1,0.0,1.0,1424.0
2026-04-06,377241928,1,0.0,1.0,1062.0
2026-04-06,384494968,4,0.0,4.0,1250.0
2026-04-06,384494969,2,0.0,2.0,1260.0
2026-04-06,444461581,36,4.0,32.0,1801.9186486486487
2026-04-06,451093486,3,0.0,3.0,1271.0
2026-04-06,462870185,16,0.0,16.0,1787.375
2026-04-06,462870186,28,0.0,28.0,2113.4657142857145
2026-04-06,467007550,40,7.0,33.0,1911.27225
2026-04-06,468506772,10,0.0,10.0,1862.0
2026-04-06,468506773,1,0.0,1.0,2196.0
2026-04-06,471342171,21,1.0,20.0,3782.000476190476
2026-04-06,474397318,88,4.0,84.0,1872.0004545454547
2026-04-06,474629420,38,1.0,37.0,1771.5931578947366
2026-04-06,475748707,65,6.0,59.0,2027.0073846153848
2026-04-06,475759397,19,1.0,18.0,1838.547
2026-04-06,488493915,2,0.0,2.0,3702.2650000000003
2026-04-06,504801009,1,0.0,1.0,800.0
2026-04-06,516856408,15,1.0,14.0,2415.6
2026-04-06,541096165,5,1.0,4.0,2478.0
2026-04-06,541096167,15,0.0,15.0,1680.036
2026-04-06,549254419,3,0.0,3.0,1577.9966666666667
2026-04-06,681642682,1,0.0,1.0,1750.0
2026-04-06,715890127,1,0.0,1.0,1440.0
2026-04-06,732543827,1,0.0,1.0,1700.0
2026-04-06,732543829,4,0.0,4.0,1750.0
2026-04-06,756653629,2,0.0,2.0,2250.0
2026-04-06,759970497,1,0.0,1.0,1300.0
2026-04-06,760169674,2,0.0,2.0,1300.0
2026-04-06,760323301,23,2.0,21.0,1750.0021739130436
2026-04-06,760323302,1,1.0,0.0,2548.0
2026-04-06,760323303,1,1.0,0.0,2400.0
2026-04-06,760323304,15,1.0,14.0,2250.0
2026-04-06,760323305,10,0.0,10.0,2400.0
2026-04-06,760323306,5,1.0,4.0,2550.0
2026-04-06,760323307,21,0.0,21.0,1861.3636363636363
2026-04-06,775902154,10,1.0,9.0,1100.0
2026-04-06,775902156,3,0.0,3.0,1000.0
2026-04-06,775902157,2,0.0,2.0,1000.0
2026-04-06,775902160,4,0.0,4.0,1000.0
2026-04-06,783403723,12,1.0,11.0,2250.0075
2026-04-06,783403724,14,1.0,13.0,2300.0
2026-04-06,783403725,10,0.0,10.0,2349.9900000000002
2026-04-06,788921071,38,5.0,33.0,2159.217894736842
2026-04-06,788921072,14,1.0,13.0,1950.0
2026-04-06,788921073,27,4.0,23.0,2160.733928571429
2026-04-06,788940601,5,1.0,4.0,3550.0
2026-04-06,788940602,15,1.0,14.0,3468.75
2026-04-06,788940603,9,0.0,9.0,3666.6666666666665
2026-04-06,788940604,5,1.0,4.0,3500.0
2026-04-06,788946367,9,4.0,5.0,2070.0
2026-04-06,789090595,10,1.0,9.0,1799.991
2026-04-06,789090596,20,2.0,18.0,1800.0459999999998
2026-04-06,789090597,32,1.0,31.0,1850.0028125
2026-04-06,789090598,12,0.0,12.0,1841.6666666666667
2026-04-06,790500903,38,4.0,34.0,1863.157894736842
2026-04-06,790500904,22,0.0,22.0,1684.090909090909
2026-04-06,790500905,21,1.0,20.0,2200.015238095238
2026-04-06,790943351,5,0.0,5.0,1133.3333333333333
2026-04-06,796420740,1,0.0,1.0,680.0
2026-04-06,796420741,2,0.0,2.0,920.0
2026-04-06,796583761,2,0.0,2.0,2100.0
2026-04-06,796583763,1,0.0,1.0,2100.0
2026-04-06,800256397,3,0.0,3.0,3800.0
2026-04-06,800256398,3,0.0,3.0,3800.0
2026-04-06,800270333,5,0.0,5.0,3800.0
2026-04-06,800270334,16,1.0,15.0,4000.0
2026-04-06,800280518,7,0.0,7.0,2342.8571428571427
2026-04-06,800280519,9,0.0,9.0,2544.4444444444443
2026-04-06,847993700,2,0.0,2.0,1250.0
2026-04-06,847993701,3,1.0,2.0,950.0
2026-04-06,847993702,3,0.0,3.0,1100.0
2026-04-06,850497739,1,0.0,1.0,1325.0
2026-04-06,874138991,1,0.0,1.0,1200.0
2026-04-06,874138995,4,0.0,4.0,1320.0
2026-04-06,874196280,7,0.0,7.0,1405.7142857142858
2026-04-06,874196281,16,2.0,14.0,1430.0
2026-04-06,874196283,17,0.0,17.0,1256.842105263158
2026-04-06,876141603,8,0.0,8.0,1705.0
2026-04-06,876141604,9,0.0,9.0,1600.0
2026-04-06,876141605,1,0.0,1.0,1561.04
2026-04-06,876141606,5,0.0,5.0,1599.9119999999998
2026-04-06,876153167,2,0.0,2.0,1160.125
2026-04-06,892643724,1,0.0,1.0,1600.0
2026-04-06,892657953,4,0.0,4.0,3650.0
2026-04-07,219033581,1,0.0,1.0,1686.0
2026-04-07,220783128,4,0.0,4.0,1520.0
2026-04-07,220783129,1,0.0,1.0,1732.0
2026-04-07,220796910,5,0.0,5.0,879.1666666666666
2026-04-07,220796916,25,1.0,24.0,1184.0084
2026-04-07,220796924,10,0.0,10.0,986.3636363636364
2026-04-07,220796932,1,1.0,0.0,989.0
2026-04-07,221217363,6,0.0,6.0,1206.0
2026-04-07,223302777,3,0.0,3.0,1239.0
2026-04-07,247803775,29,1.0,28.0,1364.0227586206897
2026-04-07,247803776,32,1.0,31.0,1285.045625
2026-04-07,248166626,136,5.0,131.0,2030.0809420289854
2026-04-07,248173261,75,7.0,68.0,2072.436052631579
2026-04-07,248591628,20,6.0,14.0,1738.0857142857144
2026-04-07,248591629,7,1.0,6.0,1806.0
2026-04-07,248639013,98,1.0,97.0,1709.0923232323235
2026-04-07,248639014,45,2.0,43.0,1870.0
2026-04-07,251889892,3,0.0,3.0,1105.3333333333333
2026-04-07,251889894,9,2.0,7.0,1677.0
2026-04-07,253236688,1,0.0,1.0,1584.0
2026-04-07,253237666,1,0.0,1.0,1845.0
2026-04-07,278278778,1,0.0,1.0,1815.0
2026-04-07,278837827,1,0.0,1.0,918.28
2026-04-07,286985384,2,0.0,2.0,1660.0
2026-04-07,286985385,3,0.0,3.0,1660.0
2026-04-07,296818633,7,0.0,7.0,843.0
2026-04-07,300294506,7,1.0,6.0,1913.0
2026-04-07,300294507,4,0.0,4.0,1742.0
2026-04-07,331575070,17,3.0,14.0,1273.9982352941176
2026-04-07,331575073,4,0.0,4.0,1297.0
2026-04-07,331575074,19,0.0,19.0,1287.021052631579
2026-04-07,331575075,16,0.0,16.0,1274.054375
2026-04-07,337308569,3,0.0,3.0,1751.0
2026-04-07,366760796,6,0.0,6.0,1230.0
2026-04-07,366813884,1,0.0,1.0,1235.0
2026-04-07,366813885,1,0.0,1.0,1245.0
2026-04-07,370413854,1,0.0,1.0,1424.0
2026-04-07,384494968,5,0.0,5.0,1249.908
2026-04-07,384494969,1,0.0,1.0,1260.0
2026-04-07,444461581,35,4.0,31.0,1799.0900000000001
2026-04-07,451093486,3,0.0,3.0,1271.0
2026-04-07,462870185,21,1.0,20.0,1782.3714285714286
2026-04-07,462870186,29,2.0,27.0,2015.8673333333331
2026-04-07,462878720,1,0.0,1.0,1365.0
2026-04-07,467007550,33,3.0,30.0,1901.6645454545455
2026-04-07,468506772,13,0.0,13.0,1861.9876923076922
2026-04-07,468506773,1,0.0,1.0,2196.0
2026-04-07,471342171,15,1.0,14.0,3782.0
2026-04-07,474397318,72,4.0,68.0,1820.7189041095892
2026-04-07,474629420,42,3.0,39.0,1770.0
2026-04-07,475748707,37,1.0,36.0,2027.0156756756758
2026-04-07,475759397,19,0.0,19.0,1755.904761904762
2026-04-07,488493915,5,1.0,4.0,3702.0
2026-04-07,516856408,19,1.0,18.0,2250.9473684210525
2026-04-07,541096165,3,0.0,3.0,1652.0
2026-04-07,541096167,12,2.0,10.0,1399.9908333333333
2026-04-07,549254419,1,0.0,1.0,1578.0
2026-04-07,649988707,1,0.0,1.0,1800.0
2026-04-07,681642682,1,0.0,1.0,875.0
2026-04-07,715890127,1,0.0,1.0,1440.0
2026-04-07,732543825,2,0.0,2.0,1650.0
2026-04-07,732543829,8,0.0,8.0,1555.608888888889
2026-04-07,760169674,4,0.0,4.0,1300.0
2026-04-07,760169675,2,0.0,2.0,1550.0
2026-04-07,760323301,19,2.0,17.0,1662.5259999999998
2026-04-07,760323302,1,1.0,0.0,2548.0
2026-04-07,760323303,1,1.0,0.0,2400.0
2026-04-07,760323304,15,0.0,15.0,2250.0
2026-04-07,760323305,4,1.0,3.0,2400.0
2026-04-07,760323306,4,0.0,4.0,2550.0
2026-04-07,760323307,15,0.0,15.0,1950.0
2026-04-07,775902154,7,1.0,6.0,1100.357142857143
2026-04-07,775902156,3,2.0,1.0,1000.0
2026-04-07,775902157,1,1.0,0.0,1000.0
2026-04-07,775902158,1,0.0,1.0,1000.0
2026-04-07,775902160,2,0.0,2.0,1000.0
2026-04-07,783403723,5,2.0,3.0,2250.0260000000003
2026-04-07,783403724,11,0.0,11.0,2300.0
2026-04-07,783403725,5,0.0,5.0,2350.0080000000003
2026-04-07,788921071,38,0.0,38.0,2144.7368421052633
2026-04-07,788921072,11,1.0,10.0,1950.0
2026-04-07,788921073,28,4.0,24.0,2165.5237931034485
2026-04-07,788940601,6,1.0,5.0,3550.0
2026-04-07,788940602,20,0.0,20.0,3700.0004999999996
2026-04-07,788940603,5,3.0,2.0,3670.0
2026-04-07,788940604,7,2.0,5.0,3499.9857142857145
2026-04-07,788946367,15,0.0,15.0,2260.0033333333336
2026-04-07,789090595,9,1.0,8.0,1620.0030000000002
2026-04-07,789090596,25,3.0,22.0,1800.004
2026-04-07,789090597,23,2.0,21.0,1850.0
2026-04-07,789090598,10,3.0,7.0,1850.0
2026-04-07,790500903,47,8.0,39.0,1856.3829787234042
2026-04-07,790500904,17,3.0,14.0,1569.4444444444443
2026-04-07,790500905,16,2.0,14.0,2175.0
2026-04-07,790943351,5,0.0,5.0,1360.0
2026-04-07,796326738,1,0.0,1.0,800.0
2026-04-07,796420739,2,0.0,2.0,800.0
2026-04-07,796420740,4,0.0,4.0,680.0
2026-04-07,796583761,2,0.0,2.0,2100.0
2026-04-07,800256397,4,0.0,4.0,3800.0
2026-04-07,800270333,1,0.0,1.0,3800.0
2026-04-07,800270334,18,2.0,16.0,3789.4736842105262
2026-04-07,800280518,11,0.0,11.0,2327.2727272727275
2026-04-07,800280519,13,2.0,11.0,2523.076923076923
2026-04-07,847993700,1,0.0,1.0,1150.0
2026-04-07,847993701,4,0.0,4.0,1250.0
2026-04-07,847993702,4,0.0,4.0,1106.25
2026-04-07,874138996,1,0.0,1.0,1000.0
2026-04-07,874196280,4,2.0,2.0,1440.0
2026-04-07,874196281,20,0.0,20.0,1424.0
2026-04-07,874196283,11,0.0,11.0,1300.0
2026-04-07,876141603,8,0.0,8.0,1715.0
2026-04-07,876141604,9,0.0,9.0,1600.0
2026-04-07,876141605,7,0.0,7.0,1582.8400000000001
2026-04-07,876141606,13,0.0,13.0,1600.0
2026-04-07,892643724,2,0.0,2.0,1600.0
2026-04-07,892657953,6,0.0,6.0,3616.6566666666663
2026-04-08,219033581,1,0.0,1.0,1686.0
2026-04-08,220673471,1,0.0,1.0,2173.0
2026-04-08,220783128,2,0.0,2.0,1520.0
2026-04-08,220783129,1,0.0,1.0,1732.0
2026-04-08,220796910,3,0.0,3.0,1054.95
2026-04-08,220796916,26,2.0,24.0,1184.0153846153846
2026-04-08,220796924,5,1.0,4.0,775.0
2026-04-08,221217363,3,0.0,3.0,1206.0
2026-04-08,223302777,3,0.0,3.0,1239.0
2026-04-08,223615358,2,0.0,2.0,1622.0
2026-04-08,247803775,34,4.0,30.0,1324.9745714285714
2026-04-08,247803776,31,1.0,30.0,1285.04
2026-04-08,248166626,126,9.0,117.0,2021.9925
2026-04-08,248173261,61,6.0,55.0,2057.9054838709676
2026-04-08,248591628,22,1.0,21.0,1825.0
2026-04-08,248591629,8,0.0,8.0,1806.0
2026-04-08,248639013,91,1.0,90.0,1743.478695652174
2026-04-08,248639014,31,4.0,27.0,1811.5625
2026-04-08,251889892,1,0.0,1.0,1658.0
2026-04-08,251889894,9,1.0,8.0,1863.3333333333333
2026-04-08,253237666,1,0.0,1.0,1845.0
2026-04-08,258836990,1,0.0,1.0,1052.0
2026-04-08,258850894,2,0.0,2.0,666.0
2026-04-08,278278778,2,0.0,2.0,1815.0
2026-04-08,286985384,2,0.0,2.0,1660.0
2026-04-08,286985385,5,0.0,5.0,1659.984
2026-04-08,296818633,7,0.0,7.0,843.0
2026-04-08,300294506,4,1.0,3.0,1913.0
2026-04-08,300294507,3,0.0,3.0,1742.0
2026-04-08,331575070,17,0.0,17.0,1273.9982352941176
2026-04-08,331575073,3,0.0,3.0,1297.0
2026-04-08,331575074,21,0.0,21.0,1286.9433333333334
2026-04-08,331575075,6,0.0,6.0,1274.0
2026-04-08,337308569,3,1.0,2.0,1313.25
2026-04-08,366760796,3,0.0,3.0,1230.0
2026-04-08,366760798,1,0.0,1.0,1243.0
2026-04-08,366813884,3,0.0,3.0,1235.0
2026-04-08,366813885,1,0.0,1.0,1245.0
2026-04-08,377242345,1,0.0,1.0,1134.0
2026-04-08,377242549,1,0.0,1.0,1503.0
2026-04-08,384494968,3,1.0,2.0,1250.0
2026-04-08,398499015,2,0.0,2.0,1160.0
2026-04-08,444461581,31,1.0,30.0,1851.8867741935483
2026-04-08,451093486,1,0.0,1.0,1271.0
2026-04-08,462870185,16,1.0,15.0,1757.125
2026-04-08,462870186,31,5.0,26.0,2125.89
2026-04-08,462878720,1,0.0,1.0,1365.0
2026-04-08,467007550,32,4.0,28.0,1904.375
2026-04-08,468506772,8,1.0,7.0,1861.97625
2026-04-08,468506773,2,0.0,2.0,2196.0
2026-04-08,471342171,23,1.0,22.0,3782.0021739130434
2026-04-08,474397318,77,4.0,73.0,1872.0093506493506
2026-04-08,474629420,25,2.0,23.0,1758.6088
2026-04-08,475748707,49,0.0,49.0,2027.003469387755
2026-04-08,475759397,21,1.0,20.0,1957.0
2026-04-08,516856408,16,1.0,15.0,2236.2400000000002
2026-04-08,516856409,1,0.0,1.0,1846.0
2026-04-08,541096165,2,0.0,2.0,2478.0
2026-04-08,541096167,13,0.0,13.0,1679.9923076923078
2026-04-08,681642682,1,0.0,1.0,1750.0
2026-04-08,715890127,1,1.0,0.0,1440.0
2026-04-08,732543827,1,0.0,1.0,1700.0
2026-04-08,732543829,6,0.0,6.0,1750.0
2026-04-08,756653629,4,0.0,4.0,2250.0
2026-04-08,760169672,1,0.0,1.0,1500.0
2026-04-08,760169674,5,0.0,5.0,1300.0
2026-04-08,760169675,1,0.0,1.0,1550.0
2026-04-08,760323301,19,1.0,18.0,1662.5014999999999
2026-04-08,760323302,3,0.0,3.0,2547.9733333333334
2026-04-08,760323304,23,0.0,23.0,2250.041304347826
2026-04-08,760323305,7,0.0,7.0,2399.9957142857143
2026-04-08,760323306,4,1.0,3.0,2550.0
2026-04-08,760323307,18,1.0,17.0,1949.9844444444445
2026-04-08,775902154,5,0.0,5.0,1100.0
2026-04-08,775902156,2,0.0,2.0,1000.0
2026-04-08,775902157,2,0.0,2.0,1000.0
2026-04-08,775902158,1,1.0,0.0,1000.0
2026-04-08,775902160,1,0.0,1.0,1000.0
2026-04-08,783403723,12,1.0,11.0,2250.0
2026-04-08,783403724,14,0.0,14.0,2300.0
2026-04-08,783403725,7,0.0,7.0,2350.0
2026-04-08,788921071,36,5.0,31.0,2143.053888888889
2026-04-08,788921072,11,0.0,11.0,1950.0
2026-04-08,788921073,20,5.0,15.0,2142.8571428571427
2026-04-08,788940601,7,2.0,5.0,3550.0185714285717
2026-04-08,788940602,12,0.0,12.0,3700.0
2026-04-08,788940603,10,1.0,9.0,3700.0
2026-04-08,788940604,5,2.0,3.0,3500.0
2026-04-08,788946367,18,3.0,15.0,2250.0461111111113
2026-04-08,789090595,7,0.0,7.0,1800.0
2026-04-08,789090596,13,3.0,10.0,1799.9892307692307
2026-04-08,789090597,21,0.0,21.0,1850.0
2026-04-08,789090598,9,5.0,4.0,1838.888888888889
2026-04-08,790500903,42,4.0,38.0,1817.4388372093022
2026-04-08,790500904,17,2.0,15.0,1658.825294117647
2026-04-08,790500905,12,2.0,10.0,2145.8333333333335
2026-04-08,790943351,2,0.0,2.0,1360.0
2026-04-08,790943352,1,0.0,1.0,1800.0
2026-04-08,796420740,6,0.0,6.0,673.3333333333334
2026-04-08,796420741,1,0.0,1.0,920.0
2026-04-08,796583761,2,0.0,2.0,2100.0
2026-04-08,796583762,1,0.0,1.0,2350.0
2026-04-08,796583763,1,0.0,1.0,2100.0
2026-04-08,800256397,1,0.0,1.0,3800.0
2026-04-08,800256398,4,0.0,4.0,3800.0
2026-04-08,800270333,6,0.0,6.0,3799.9816666666666
2026-04-08,800270334,16,2.0,14.0,4000.0
2026-04-08,800280518,5,0.0,5.0,2360.0
2026-04-08,800280519,7,0.0,7.0,2514.282857142857
2026-04-08,806630258,7,0.0,7.0,1015.0
2026-04-08,847993700,1,0.0,1.0,1150.0
2026-04-08,847993701,3,0.0,3.0,1250.0
2026-04-08,847993702,1,0.0,1.0,1050.0
2026-04-08,850497739,2,0.0,2.0,1350.0
2026-04-08,874138996,1,0.0,1.0,1000.0
2026-04-08,874196280,6,0.0,6.0,1440.0
2026-04-08,874196281,17,3.0,14.0,1440.0323529411764
2026-04-08,874196283,11,1.0,10.0,1421.8181818181818
2026-04-08,876141603,13,0.0,13.0,1741.5384615384614
2026-04-08,876141604,8,2.0,6.0,1600.0
2026-04-08,876141605,5,0.0,5.0,1560.0
2026-04-08,876141606,5,2.0,3.0,1600.0
2026-04-08,892643724,4,0.0,4.0,1600.0
2026-04-08,892657953,2,0.0,2.0,3600.0
2026-04-09,218467926,2,0.0,2.0,1015.0
2026-04-09,220783128,3,0.0,3.0,1520.0
2026-04-09,220796916,21,0.0,21.0,1184.0142857142857
2026-04-09,220796924,2,0.0,2.0,1085.0
2026-04-09,221216505,1,0.0,1.0,1703.0
2026-04-09,221216935,1,0.0,1.0,1697.0
2026-04-09,221217363,5,0.0,5.0,1205.982
2026-04-09,223615358,1,0.0,1.0,1622.0
2026-04-09,225505021,1,0.0,1.0,360.0
2026-04-09,247803775,35,3.0,32.0,1363.9708571428573
2026-04-09,247803776,26,0.0,26.0,1285.0130769230768
2026-04-09,248166626,139,5.0,134.0,2035.515539568345
2026-04-09,248173261,79,2.0,77.0,2075.807974683544
2026-04-09,248591628,18,0.0,18.0,1825.0
2026-04-09,248591629,4,0.0,4.0,1806.0
2026-04-09,248639013,89,3.0,86.0,1743.1109999999999
2026-04-09,248639014,48,1.0,47.0,1795.2007999999998
2026-04-09,251889892,2,0.0,2.0,1658.0
2026-04-09,251889894,4,1.0,3.0,1868.0
2026-04-09,253237666,1,0.0,1.0,1845.0
2026-04-09,278278778,1,0.0,1.0,1815.0
2026-04-09,286985385,4,0.0,4.0,1660.0
2026-04-09,296818633,5,0.0,5.0,843.0
2026-04-09,300294506,2,0.0,2.0,1913.0
2026-04-09,300294507,4,2.0,2.0,1742.0
2026-04-09,331575070,9,0.0,9.0,1274.0
2026-04-09,331575073,1,0.0,1.0,1297.0
2026-04-09,331575074,24,2.0,22.0,1235.52
2026-04-09,331575075,12,0.0,12.0,1176.0
2026-04-09,337308569,4,0.0,4.0,1751.0275
2026-04-09,366760796,2,0.0,2.0,1230.0
2026-04-09,366760798,2,0.0,2.0,1243.0
2026-04-09,366813885,3,0.0,3.0,1188.4233333333334
2026-04-09,366813893,1,0.0,1.0,1120.0
2026-04-09,377242549,1,0.0,1.0,1503.0
2026-04-09,384494968,4,0.0,4.0,1250.0
2026-04-09,384494969,1,0.0,1.0,1260.0
2026-04-09,398499015,1,0.0,1.0,1160.0
2026-04-09,444461581,34,2.0,32.0,1799.0714285714287
2026-04-09,451093486,7,1.0,6.0,1271.0
2026-04-09,462870185,13,0.0,13.0,1751.2776923076924
2026-04-09,462870186,17,3.0,14.0,1953.5555555555557
2026-04-09,462878720,1,0.0,1.0,1365.0
2026-04-09,467007550,23,1.0,22.0,1925.0
2026-04-09,468506772,10,0.0,10.0,1862.042
2026-04-09,468506773,5,1.0,4.0,2196.0
2026-04-09,471342171,18,3.0,15.0,3782.0005555555554
2026-04-09,474397318,55,6.0,49.0,1838.5760714285714
2026-04-09,474629420,20,2.0,18.0,1759.5
2026-04-09,475748707,61,3.0,58.0,1994.3148387096776
2026-04-09,475759397,18,2.0,16.0,1951.2777777777778
2026-04-09,488493915,2,0.0,2.0,3701.955
2026-04-09,504801009,1,0.0,1.0,800.0
2026-04-09,516856408,12,0.0,12.0,2359.5
2026-04-09,541096165,2,0.0,2.0,2478.0
2026-04-09,541096167,17,0.0,17.0,1679.994705882353
2026-04-09,681642682,1,0.0,1.0,1750.0
2026-04-09,715890126,1,0.0,1.0,1400.0
2026-04-09,715890127,1,0.0,1.0,1440.0
2026-04-09,724729234,1,0.0,1.0,820.0
2026-04-09,732543825,3,0.0,3.0,1650.0
2026-04-09,732543827,1,0.0,1.0,1700.0
2026-04-09,732543829,3,0.0,3.0,1750.0
2026-04-09,756653629,3,0.0,3.0,2250.0
2026-04-09,759970497,2,0.0,2.0,1300.0
2026-04-09,760169672,2,0.0,2.0,1500.0
2026-04-09,760169674,5,0.0,5.0,1300.008
2026-04-09,760169676,1,0.0,1.0,1650.0
2026-04-09,760323301,18,1.0,17.0,1749.9994444444446
2026-04-09,760323302,2,0.0,2.0,2548.0
2026-04-09,760323303,4,0.0,4.0,2400.0
2026-04-09,760323304,22,2.0,20.0,2250.004090909091
2026-04-09,760323305,1,2.0,-1.0,2399.97
2026-04-09,760323306,3,1.0,2.0,2550.0
2026-04-09,760323307,20,4.0,16.0,1950.0
2026-04-09,775902154,6,1.0,5.0,1100.0
2026-04-09,775902155,1,0.0,1.0,1000.0
2026-04-09,775902156,2,1.0,1.0,1000.0
2026-04-09,783403723,9,0.0,9.0,2250.0
2026-04-09,783403724,12,1.0,11.0,2299.994166666667
2026-04-09,783403725,6,1.0,5.0,2350.101666666667
2026-04-09,788921071,38,3.0,35.0,2126.315789473684
2026-04-09,788921072,14,1.0,13.0,1950.0057142857145
2026-04-09,788921073,18,2.0,16.0,2247.222222222222
2026-04-09,788940601,4,0.0,4.0,3550.0
2026-04-09,788940602,10,2.0,8.0,3700.024
2026-04-09,788940603,5,1.0,4.0,3640.0
2026-04-09,788940604,8,0.0,8.0,3499.92
2026-04-09,788946367,15,2.0,13.0,2270.0
2026-04-09,789090595,8,0.0,8.0,1800.0225
2026-04-09,789090596,11,0.0,11.0,1800.007272727273
2026-04-09,789090597,20,4.0,16.0,1850.002
2026-04-09,789090598,10,1.0,9.0,1850.0
2026-04-09,790500903,44,2.0,42.0,1852.2745454545454
2026-04-09,790500904,15,2.0,13.0,1653.3333333333333
2026-04-09,790500905,10,1.0,9.0,2200.0
2026-04-09,790943351,2,0.0,2.0,1360.0
2026-04-09,790943352,1,0.0,1.0,1800.0
2026-04-09,796326738,2,0.0,2.0,800.0
2026-04-09,796420739,1,0.0,1.0,720.0
2026-04-09,796420740,3,0.0,3.0,666.6666666666666
2026-04-09,796583762,2,0.0,2.0,2225.0
2026-04-09,796583763,1,0.0,1.0,2100.0
2026-04-09,800256397,2,0.0,2.0,3800.0
2026-04-09,800256398,3,0.0,3.0,3766.6666666666665
2026-04-09,800270333,5,0.0,5.0,3800.0
2026-04-09,800270334,22,1.0,21.0,4000.0327272727272
2026-04-09,800280518,6,0.0,6.0,2350.015
2026-04-09,800280519,4,0.0,4.0,2500.0
2026-04-09,806630258,5,0.0,5.0,1160.0
2026-04-09,847993700,2,0.0,2.0,1150.0
2026-04-09,847993701,5,0.0,5.0,1250.0
2026-04-09,847993702,4,0.0,4.0,1062.5
2026-04-09,850497739,1,0.0,1.0,1325.0
2026-04-09,874138991,1,0.0,1.0,1200.0
2026-04-09,874138995,2,0.0,2.0,1320.0
2026-04-09,874196280,3,1.0,2.0,1400.0
2026-04-09,874196281,21,1.0,20.0,1432.374761904762
2026-04-09,874196283,9,0.0,9.0,1399.88
2026-04-09,876141603,7,1.0,6.0,1748.552857142857
2026-04-09,876141604,6,1.0,5.0,1600.0
2026-04-09,876141605,2,0.0,2.0,1560.0
2026-04-09,876141606,9,0.0,9.0,1600.0
2026-04-09,876153167,1,0.0,1.0,1160.0
2026-04-09,892583974,1,0.0,1.0,719.93
2026-04-09,892643724,2,0.0,2.0,1600.0
2026-04-09,892657953,3,0.0,3.0,3600.0
2026-04-10,218467926,1,0.0,1.0,1015.0
2026-04-10,220783118,1,0.0,1.0,1828.0
2026-04-10,220783128,1,0.0,1.0,1520.0
2026-04-10,220796910,8,0.0,8.0,1055.0
2026-04-10,220796916,21,1.0,20.0,1183.997619047619
2026-04-10,220796924,5,0.0,5.0,1085.0
2026-04-10,220796932,1,0.0,1.0,988.6
2026-04-10,221216505,1,0.0,1.0,1703.0
2026-04-10,221217363,5,0.0,5.0,1205.998
2026-04-10,223302777,1,0.0,1.0,1239.0
2026-04-10,223615358,4,0.0,4.0,1622.0
2026-04-10,225505021,1,0.0,1.0,360.0
2026-04-10,247803775,27,2.0,25.0,1363.9696296296297
2026-04-10,247803776,41,2.0,39.0,1285.0531707317073
2026-04-10,248166626,169,3.0,166.0,2009.0212352941176
2026-04-10,248173261,66,4.0,62.0,2070.0918181818183
2026-04-10,248591628,23,2.0,21.0,1748.9487499999998
2026-04-10,248591629,12,0.0,12.0,1806.0
2026-04-10,248639013,97,4.0,93.0,1763.3057731958763
2026-04-10,248639014,54,0.0,54.0,1870.0
2026-04-10,251889892,2,0.0,2.0,1658.0
2026-04-10,251889894,14,1.0,13.0,1858.9664285714284
2026-04-10,253237666,2,0.0,2.0,1845.0
2026-04-10,258834337,1,0.0,1.0,956.0
2026-04-10,278278778,6,0.0,6.0,1815.3033333333333
2026-04-10,278837827,1,0.0,1.0,918.0
2026-04-10,286985385,1,0.0,1.0,1660.0
2026-04-10,296818633,8,0.0,8.0,842.9975
2026-04-10,300294506,7,0.0,7.0,1912.912857142857
2026-04-10,300294507,1,0.0,1.0,1742.0
2026-04-10,331575070,17,1.0,16.0,1274.0
2026-04-10,331575073,1,1.0,0.0,1297.0
2026-04-10,331575074,23,0.0,23.0,1233.375
2026-04-10,331575075,23,1.0,22.0,1274.0630434782609
2026-04-10,337308569,4,1.0,3.0,1751.0
2026-04-10,366760796,3,0.0,3.0,1230.0266666666666
2026-04-10,366813884,1,0.0,1.0,1235.0
2026-04-10,366813885,3,0.0,3.0,1245.0
2026-04-10,366822996,1,0.0,1.0,1049.0
2026-04-10,370413854,1,0.0,1.0,1424.0
2026-04-10,384494968,9,0.0,9.0,1250.0
2026-04-10,384494969,2,0.0,2.0,1260.0
2026-04-10,398499015,1,0.0,1.0,1160.0
2026-04-10,444461581,39,2.0,37.0,1851.9315384615386
2026-04-10,462870185,17,1.0,16.0,1734.8235294117646
2026-04-10,462870186,32,1.0,31.0,2068.6853125
2026-04-10,462878720,2,0.0,2.0,1365.0
2026-04-10,467007550,33,1.0,32.0,1914.999090909091
2026-04-10,468506772,9,0.0,9.0,1861.9633333333331
2026-04-10,468506773,2,0.0,2.0,2196.0
2026-04-10,471342171,19,4.0,15.0,3782.1173684210526
2026-04-10,474397318,73,3.0,70.0,1868.4595890410958
2026-04-10,474629420,29,4.0,25.0,1767.4175862068967
2026-04-10,475748707,50,2.0,48.0,2027.0098
2026-04-10,475759397,22,1.0,21.0,1947.6472727272726
2026-04-10,488493915,3,0.0,3.0,3702.0
2026-04-10,516856408,20,1.0,19.0,2286.9
2026-04-10,541096165,2,0.0,2.0,2478.0
2026-04-10,541096167,12,0.0,12.0,1679.9916666666668
2026-04-10,549254419,1,0.0,1.0,1578.0
2026-04-10,681642682,3,0.0,3.0,1750.0
2026-04-10,715890126,1,0.0,1.0,1400.0
2026-04-10,715890127,1,0.0,1.0,1440.0
2026-04-10,715890128,2,0.0,2.0,1559.975
2026-04-10,715890129,1,0.0,1.0,1560.0
2026-04-10,732543825,1,0.0,1.0,1650.0
2026-04-10,732543827,4,0.0,4.0,1700.0
2026-04-10,732543829,3,0.0,3.0,1750.0
2026-04-10,759970497,1,0.0,1.0,1300.0
2026-04-10,760169672,3,0.0,3.0,1500.0
2026-04-10,760169674,7,0.0,7.0,1300.0
2026-04-10,760169675,2,0.0,2.0,1550.0
2026-04-10,760323301,22,1.0,21.0,1750.0022727272728
2026-04-10,760323302,4,0.0,4.0,2548.0
2026-04-10,760323303,4,0.0,4.0,2400.0
2026-04-10,760323304,19,2.0,17.0,2228.9521052631576
2026-04-10,760323305,4,1.0,3.0,2400.0
2026-04-10,760323306,3,0.0,3.0,2550.0
2026-04-10,760323307,23,1.0,22.0,1950.0073913043477
2026-04-10,775902154,6,0.0,6.0,1100.01
2026-04-10,775902155,1,0.0,1.0,1000.0
2026-04-10,775902156,2,0.0,2.0,1000.0
2026-04-10,775902160,1,0.0,1.0,1000.0
2026-04-10,783403723,11,1.0,10.0,2250.0172727272725
2026-04-10,783403724,16,1.0,15.0,2299.99875
2026-04-10,783403725,5,1.0,4.0,2350.0
2026-04-10,788921071,33,7.0,26.0,2113.6363636363635
2026-04-10,788921072,16,4.0,12.0,1950.011875
2026-04-10,788921073,31,2.0,29.0,2206.455806451613
2026-04-10,788940601,6,1.0,5.0,3550.0
2026-04-10,788940602,12,0.0,12.0,3700.1266666666666
2026-04-10,788940603,5,2.0,3.0,3700.0
2026-04-10,788940604,6,3.0,3.0,3499.9883333333332
2026-04-10,788946367,20,2.0,18.0,2262.5025
2026-04-10,789090595,15,1.0,14.0,1800.0
2026-04-10,789090596,17,2.0,15.0,1799.9988235294118
2026-04-10,789090597,19,1.0,18.0,1850.0
2026-04-10,789090598,14,0.0,14.0,1850.047857142857
2026-04-10,790500903,69,2.0,67.0,1826.4455714285714
2026-04-10,790500904,14,0.0,14.0,1653.5714285714287
2026-04-10,790500905,15,1.0,14.0,2190.0
2026-04-10,790943351,3,0.0,3.0,1306.6666666666667
2026-04-10,790943352,1,0.0,1.0,1800.0
2026-04-10,796326738,3,0.0,3.0,800.0
2026-04-10,796420739,6,0.0,6.0,733.3283333333334
2026-04-10,796583761,2,0.0,2.0,2100.0
2026-04-10,796583762,1,1.0,0.0,2100.0
2026-04-10,800256397,4,0.0,4.0,3800.0
2026-04-10,800256398,4,1.0,3.0,3800.0
2026-04-10,800270333,4,0.0,4.0,3800.0
2026-04-10,800270334,24,2.0,22.0,3839.9936
2026-04-10,800280518,6,0.0,6.0,2416.6666666666665
2026-04-10,800280519,5,0.0,5.0,2520.0
2026-04-10,806630258,3,0.0,3.0,1160.0
2026-04-10,847993700,2,0.0,2.0,1212.5
2026-04-10,847993701,4,0.0,4.0,1250.0
2026-04-10,847993702,3,1.0,2.0,1066.6666666666667
2026-04-10,850497739,2,0.0,2.0,1325.0
2026-04-10,874138991,1,0.0,1.0,1200.0
2026-04-10,874138995,1,0.0,1.0,1120.0
2026-04-10,874196280,2,0.0,2.0,1340.0
2026-04-10,874196281,11,0.0,11.0,1440.0
2026-04-10,874196283,5,1.0,4.0,1416.0
2026-04-10,876141603,4,0.0,4.0,1760.0
2026-04-10,876141604,6,0.0,6.0,1600.0
2026-04-10,876141605,5,0.0,5.0,1559.942
2026-04-10,876141606,12,0.0,12.0,1600.0133333333333
2026-04-10,876153167,1,0.0,1.0,1160.25
2026-04-10,892643724,1,0.0,1.0,1480.0
2026-04-10,892657953,4,1.0,3.0,3675.0
2026-04-11,220783128,1,0.0,1.0,1520.0
2026-04-11,220796910,3,0.0,3.0,1055.0133333333333
2026-04-11,220796916,18,1.0,17.0,1183.9977777777776
2026-04-11,220796924,4,0.0,4.0,1085.0
2026-04-11,221217363,3,0.0,3.0,1206.0
2026-04-11,223302777,1,0.0,1.0,1239.0
2026-04-11,223615358,2,0.0,2.0,1622.0
2026-04-11,247803775,29,0.0,29.0,1363.9806896551725
2026-04-11,247803776,15,1.0,14.0,1285.0133333333333
2026-04-11,248166626,145,5.0,140.0,2007.5455862068964
2026-04-11,248173261,51,5.0,46.0,1997.9375
2026-04-11,248591628,34,2.0,32.0,1825.0317647058823
2026-04-11,248591629,2,1.0,1.0,1806.0
2026-04-11,248639013,93,2.0,91.0,1762.5833333333333
2026-04-11,248639014,43,1.0,42.0,1869.9948837209301
2026-04-11,251889894,10,0.0,10.0,1863.8
2026-04-11,253236688,1,0.0,1.0,1584.0
2026-04-11,286985384,1,0.0,1.0,1660.0
2026-04-11,286985385,1,0.0,1.0,1660.0
2026-04-11,296818633,4,0.0,4.0,843.0
2026-04-11,300294506,10,0.0,10.0,1912.9509999999998
2026-04-11,300294507,3,0.0,3.0,1742.0
2026-04-11,331575070,14,0.0,14.0,1189.0646666666667
2026-04-11,331575073,4,0.0,4.0,1297.0
2026-04-11,331575074,22,1.0,21.0,1286.995
2026-04-11,331575075,17,3.0,14.0,1273.9958823529412
2026-04-11,337308569,5,1.0,4.0,1750.994
2026-04-11,366813884,3,0.0,3.0,1235.0
2026-04-11,366813885,3,0.0,3.0,1245.0
2026-04-11,370413854,1,0.0,1.0,1424.0
2026-04-11,384494968,14,0.0,14.0,1166.6666666666667
2026-04-11,444461581,33,1.0,32.0,1852.0
2026-04-11,451093486,4,0.0,4.0,1271.0
2026-04-11,462870185,15,2.0,13.0,1739.1899999999998
2026-04-11,462870186,31,0.0,31.0,2065.0
2026-04-11,462878720,1,0.0,1.0,1365.0
2026-04-11,467007550,43,4.0,39.0,1876.25
2026-04-11,468506772,9,0.0,9.0,1861.9744444444445
2026-04-11,468506773,3,0.0,3.0,2196.0
2026-04-11,471342171,24,1.0,23.0,3782.0783333333334
2026-04-11,474397318,85,7.0,78.0,1860.6840000000002
2026-04-11,474629420,27,2.0,25.0,1748.338888888889
2026-04-11,475748707,60,3.0,57.0,2027.0
2026-04-11,475759397,12,1.0,11.0,1948.4233333333334
2026-04-11,488493915,2,0.0,2.0,3702.0
2026-04-11,516856408,16,2.0,14.0,2252.273125
2026-04-11,541096165,2,0.0,2.0,2389.5
2026-04-11,541096167,8,0.0,8.0,1680.0
2026-04-11,585840783,1,0.0,1.0,800.0
2026-04-11,649988707,2,0.0,2.0,1800.0
2026-04-11,681642682,2,0.0,2.0,1750.0
2026-04-11,715890126,1,0.0,1.0,1400.0
2026-04-11,715890127,2,0.0,2.0,1440.0
2026-04-11,732543825,2,0.0,2.0,1650.0
2026-04-11,732543827,1,0.0,1.0,1700.0
2026-04-11,732543829,3,0.0,3.0,1750.0
2026-04-11,760169674,4,0.0,4.0,1300.0
2026-04-11,760169675,1,0.0,1.0,1550.0
2026-04-11,760323301,9,2.0,7.0,1749.9988888888888
2026-04-11,760323302,5,0.0,5.0,2548.0
2026-04-11,760323303,6,1.0,5.0,2300.0
2026-04-11,760323304,17,4.0,13.0,2208.823529411765
2026-04-11,760323305,1,1.0,0.0,2400.0
2026-04-11,760323306,1,0.0,1.0,2550.0
2026-04-11,760323307,21,0.0,21.0,1950.002857142857
2026-04-11,775902154,4,0.0,4.0,1100.0
2026-04-11,775902155,3,0.0,3.0,1000.0
2026-04-11,775902156,1,0.0,1.0,1000.0
2026-04-11,775902160,1,0.0,1.0,1000.01
2026-04-11,783403723,15,1.0,14.0,2250.0
2026-04-11,783403724,7,1.0,6.0,2300.0
2026-04-11,783403725,7,1.0,6.0,2350.0
2026-04-11,788921071,37,4.0,33.0,2093.2402702702702
2026-04-11,788921072,10,2.0,8.0,1950.093
2026-04-11,788921073,27,4.0,23.0,2198.1481481481483
2026-04-11,788940601,5,0.0,5.0,3550.0
2026-04-11,788940602,14,2.0,12.0,3453.33
2026-04-11,788940603,4,0.0,4.0,3700.0
2026-04-11,788940604,6,0.0,6.0,3500.0
2026-04-11,788946367,19,4.0,15.0,2165.7894736842104
2026-04-11,789090595,13,2.0,11.0,1800.0
2026-04-11,789090596,14,2.0,12.0,1680.0
2026-04-11,789090597,22,2.0,20.0,1850.0
2026-04-11,789090598,13,3.0,10.0,1849.9976923076924
2026-04-11,790500903,47,5.0,42.0,1813.5722916666666
2026-04-11,790500904,18,0.0,18.0,1652.7716666666665
2026-04-11,790500905,27,2.0,25.0,2125.9303703703704
2026-04-11,790943351,1,0.0,1.0,1360.0
2026-04-11,790943352,1,0.0,1.0,1800.0
2026-04-11,796326738,2,1.0,1.0,800.0
2026-04-11,796420739,3,0.0,3.0,540.0
2026-04-11,796420740,3,0.0,3.0,653.3333333333334
2026-04-11,796583761,3,0.0,3.0,2100.0
2026-04-11,796583763,2,0.0,2.0,2100.0
2026-04-11,800256397,3,0.0,3.0,3800.0
2026-04-11,800256398,3,0.0,3.0,3800.0
2026-04-11,800270333,9,0.0,9.0,3800.0
2026-04-11,800270334,11,0.0,11.0,4000.0
2026-04-11,800280518,5,1.0,4.0,2300.0
2026-04-11,800280519,6,0.0,6.0,2516.6666666666665
2026-04-11,847993700,2,0.0,2.0,1200.0
2026-04-11,847993701,5,0.0,5.0,1250.0
2026-04-11,847993702,2,0.0,2.0,1050.0
2026-04-11,850497739,3,0.0,3.0,1325.0
2026-04-11,874138991,1,0.0,1.0,1200.0
2026-04-11,874138995,1,0.0,1.0,1120.0
2026-04-11,874138996,1,0.0,1.0,1000.0
2026-04-11,874196280,4,0.0,4.0,1400.0
2026-04-11,874196281,9,0.0,9.0,1422.211111111111
2026-04-11,874196283,3,1.0,2.0,1440.0
2026-04-11,876141603,6,0.0,6.0,1700.0
2026-04-11,876141604,8,0.0,8.0,1600.0
2026-04-11,876141605,5,0.0,5.0,1560.0
2026-04-11,876141606,5,0.0,5.0,1600.0
2026-04-11,892583974,2,0.0,2.0,700.0
2026-04-11,892657953,3,0.0,3.0,3666.6666666666665
2026-04-12,220783128,3,0.0,3.0,1520.0
2026-04-12,220796910,1,0.0,1.0,1055.0
2026-04-12,220796916,14,0.0,14.0,1184.0
2026-04-12,220796924,5,0.0,5.0,1085.0
2026-04-12,221216505,1,0.0,1.0,1703.0
2026-04-12,221216935,1,0.0,1.0,1697.0
2026-04-12,221217363,2,0.0,2.0,1206.0
2026-04-12,225505021,1,0.0,1.0,359.55
2026-04-12,247803775,42,1.0,41.0,1363.9311904761905
2026-04-12,247803776,16,2.0,14.0,1209.4341176470589
2026-04-12,248166626,123,6.0,117.0,1951.8152
2026-04-12,248173261,56,0.0,56.0,1965.211754385965
2026-04-12,248591628,23,0.0,23.0,1825.0
2026-04-12,248591629,3,0.0,3.0,1806.0
2026-04-12,248639013,67,1.0,66.0,1759.9982089552238
2026-04-12,248639014,45,0.0,45.0,1870.0017777777778
2026-04-12,251889892,2,1.0,1.0,1658.0
2026-04-12,251889894,8,0.0,8.0,1868.0
2026-04-12,253237666,1,0.0,1.0,1845.0
2026-04-12,278278778,1,0.0,1.0,1815.0
2026-04-12,286985384,1,0.0,1.0,1660.0
2026-04-12,286985385,3,0.0,3.0,1660.0
2026-04-12,296818633,10,0.0,10.0,843.0
2026-04-12,300294506,8,1.0,7.0,1913.0
2026-04-12,300294507,5,0.0,5.0,1742.0
2026-04-12,331575070,13,0.0,13.0,1273.9946153846154
2026-04-12,331575073,2,0.0,2.0,1297.0
2026-04-12,331575074,15,0.0,15.0,1286.9913333333332
2026-04-12,331575075,14,0.0,14.0,1273.9950000000001
2026-04-12,337308569,1,0.0,1.0,1751.0
2026-04-12,366760796,2,0.0,2.0,1230.0
2026-04-12,366813885,1,0.0,1.0,1245.0
2026-04-12,370413854,1,0.0,1.0,1424.0
2026-04-12,377242345,1,0.0,1.0,1134.0
2026-04-12,384494968,3,0.0,3.0,1250.0
2026-04-12,384494969,2,0.0,2.0,1260.0
2026-04-12,444461581,32,0.0,32.0,1795.8481818181817
2026-04-12,462870185,15,1.0,14.0,1693.3666666666666
2026-04-12,462870186,23,3.0,20.0,1959.8317391304347
2026-04-12,467007550,21,0.0,21.0,1925.0
2026-04-12,468506772,13,0.0,13.0,1865.3076923076924
2026-04-12,468506773,3,0.0,3.0,2196.0
2026-04-12,471342171,10,0.0,10.0,3782.0005555555554
2026-04-12,474397318,79,1.0,78.0,1833.340125
2026-04-12,474629420,22,1.0,21.0,1714.0949999999998
2026-04-12,475748707,42,2.0,40.0,1979.8793023255814
2026-04-12,475759397,9,0.0,9.0,1934.1944444444443
2026-04-12,488493915,2,0.0,2.0,3702.0
2026-04-12,504801009,1,0.0,1.0,800.0
2026-04-12,516856408,14,1.0,13.0,2234.5621428571426
2026-04-12,528912186,2,0.0,2.0,832.0
2026-04-12,528912198,1,0.0,1.0,536.0
2026-04-12,541096165,3,0.0,3.0,2360.0333333333333
2026-04-12,541096167,20,0.0,20.0,1679.9810000000002
2026-04-12,649988707,1,0.0,1.0,1800.0
2026-04-12,681642682,2,0.0,2.0,1750.0
2026-04-12,732543825,1,0.0,1.0,1650.0
2026-04-12,732543829,6,1.0,5.0,1750.0
2026-04-12,756653629,2,0.0,2.0,2250.0
2026-04-12,760169672,1,0.0,1.0,1500.0
2026-04-12,760169674,3,0.0,3.0,975.235
2026-04-12,760169675,1,0.0,1.0,1550.0
2026-04-12,760169676,1,0.0,1.0,825.0
2026-04-12,760323301,17,1.0,16.0,1652.7777777777778
2026-04-12,760323302,4,0.0,4.0,2548.0
2026-04-12,760323303,1,0.0,1.0,2200.0
2026-04-12,760323304,24,1.0,23.0,2179.1654166666667
2026-04-12,760323305,4,0.0,4.0,2400.0
2026-04-12,760323306,2,0.0,2.0,2550.06
2026-04-12,760323307,12,1.0,11.0,1950.0
2026-04-12,775902154,3,0.0,3.0,1100.0533333333333
2026-04-12,775902156,1,0.0,1.0,999.96
2026-04-12,775902160,2,0.0,2.0,1000.0
2026-04-12,783403723,16,1.0,15.0,2250.0
2026-04-12,783403724,13,0.0,13.0,2250.0
2026-04-12,783403725,2,0.0,2.0,2350.0
2026-04-12,788921071,35,2.0,33.0,2082.8597142857143
2026-04-12,788921072,8,1.0,7.0,1950.0
2026-04-12,788921073,27,2.0,25.0,2053.575714285714
2026-04-12,788940601,2,1.0,1.0,3550.0
2026-04-12,788940602,13,0.0,13.0,3684.6153846153848
2026-04-12,788940603,4,0.0,4.0,3700.0
2026-04-12,788940604,6,0.0,6.0,3500.0
2026-04-12,788946367,21,1.0,20.0,2145.2380952380954
2026-04-12,789090595,11,0.0,11.0,1799.9918181818182
2026-04-12,789090596,19,1.0,18.0,1800.0
2026-04-12,789090597,16,0.0,16.0,1849.998125
2026-04-12,789090598,18,2.0,16.0,1849.9866666666667
2026-04-12,790500903,31,3.0,28.0,1853.2135483870968
2026-04-12,790500904,19,2.0,17.0,1660.5294736842106
2026-04-12,790500905,15,1.0,14.0,1980.0
2026-04-12,790943351,5,0.0,5.0,1296.024
2026-04-12,796326738,3,0.0,3.0,800.0
2026-04-12,796420739,4,0.0,4.0,719.9925000000001
2026-04-12,796420740,2,0.0,2.0,640.0
2026-04-12,796583761,1,0.0,1.0,2100.0
2026-04-12,800256397,2,0.0,2.0,3800.0
2026-04-12,800270333,10,0.0,10.0,3800.0
2026-04-12,800270334,15,0.0,15.0,3999.9946666666665
2026-04-12,800280518,9,0.0,9.0,2300.0
2026-04-12,800280519,11,2.0,9.0,2518.181818181818
2026-04-12,847993701,7,1.0,6.0,1249.9842857142855
2026-04-12,847993702,2,1.0,1.0,1050.01
2026-04-12,874138991,1,0.0,1.0,1200.0
2026-04-12,874138995,2,0.0,2.0,1220.0
2026-04-12,874138996,1,0.0,1.0,1000.0
2026-04-12,874196280,9,0.0,9.0,1368.888888888889
2026-04-12,874196281,15,0.0,15.0,1429.3333333333333
2026-04-12,874196283,8,0.0,8.0,1440.08125
2026-04-12,876141603,6,0.0,6.0,1740.0
2026-04-12,876141604,6,0.0,6.0,1600.0116666666665
2026-04-12,876141605,1,1.0,0.0,1560.0
2026-04-12,876141606,5,0.0,5.0,1600.0
2026-04-12,876153167,1,0.0,1.0,1080.0
2026-04-12,892583974,1,0.0,1.0,680.0
2026-04-12,892643724,2,0.0,2.0,1540.0
2026-04-12,892657953,7,1.0,6.0,3600.0
2026-04-13,218467926,2,0.0,2.0,1015.0
2026-04-13,220783118,1,0.0,1.0,1828.0
2026-04-13,220783128,1,0.0,1.0,1520.0
2026-04-13,220796910,4,0.0,4.0,1055.0
2026-04-13,220796916,34,1.0,33.0,1183.9941176470588
2026-04-13,220796924,11,0.0,11.0,1085.0
2026-04-13,220796932,1,0.0,1.0,989.0
2026-04-13,223302777,3,0.0,3.0,1239.0
2026-04-13,223615358,1,0.0,1.0,1622.0
2026-04-13,225505021,3,0.0,3.0,360.0
2026-04-13,247803775,26,3.0,23.0,1363.9665384615384
2026-04-13,247803776,34,1.0,33.0,1285.0079411764705
2026-04-13,248166626,140,5.0,135.0,1982.3355
2026-04-13,248173261,69,6.0,63.0,1945.4068571428572
2026-04-13,248591628,17,1.0,16.0,1825.0
2026-04-13,248591629,2,0.0,2.0,1806.0
2026-04-13,248639013,81,3.0,78.0,1738.5313414634147
2026-04-13,248639014,36,0.0,36.0,1870.0055555555555
2026-04-13,251889894,11,1.0,10.0,1864.1818181818182
2026-04-13,253236688,3,0.0,3.0,1584.0
2026-04-13,258834337,1,0.0,1.0,956.0
2026-04-13,258836990,1,0.0,1.0,1052.0
2026-04-13,278278778,1,0.0,1.0,1815.0
2026-04-13,286985384,1,0.0,1.0,1660.0
2026-04-13,296818633,6,0.0,6.0,843.0133333333333
2026-04-13,300294506,3,1.0,2.0,1913.0
2026-04-13,300294507,4,0.0,4.0,1742.0
2026-04-13,331575070,18,1.0,17.0,1274.0
2026-04-13,331575074,15,2.0,13.0,1206.5625
2026-04-13,331575075,8,1.0,7.0,1273.9825
2026-04-13,337308569,1,0.0,1.0,1751.0
2026-04-13,366760796,2,0.0,2.0,1229.955
2026-04-13,366760798,1,0.0,1.0,1244.5
2026-04-13,366813879,2,0.0,2.0,951.985
2026-04-13,366813884,2,0.0,2.0,1235.0
2026-04-13,377242549,2,0.0,2.0,1503.0
2026-04-13,384494968,5,0.0,5.0,1250.0
2026-04-13,384494969,2,0.0,2.0,1260.0
2026-04-13,444461581,31,1.0,30.0,1851.9374193548385
2026-04-13,451093486,5,0.0,5.0,1271.0
2026-04-13,462870185,25,0.0,25.0,1701.5072
2026-04-13,462870186,36,2.0,34.0,1992.888888888889
2026-04-13,462878720,1,0.0,1.0,1365.0
2026-04-13,467007550,44,3.0,41.0,1877.3351111111112
2026-04-13,468506772,8,0.0,8.0,1862.0
2026-04-13,468506773,3,0.0,3.0,2196.0
2026-04-13,471342171,19,1.0,18.0,3781.998421052632
2026-04-13,474397318,77,2.0,75.0,1850.3866233766232
2026-04-13,474629420,36,2.0,34.0,1712.5005555555554
2026-04-13,475748707,38,1.0,37.0,2027.0218421052632
2026-04-13,475759397,11,1.0,10.0,1957.0
2026-04-13,504801009,4,0.0,4.0,800.0
2026-04-13,516856408,23,0.0,23.0,2095.5
2026-04-13,541096165,2,2.0,0.0,2301.0
2026-04-13,541096167,11,1.0,10.0,1680.0
2026-04-13,549254419,1,0.0,1.0,1578.0
2026-04-13,585840783,1,0.0,1.0,800.0
2026-04-13,649988707,2,0.0,2.0,1800.0
2026-04-13,681642682,1,0.0,1.0,1750.0
2026-04-13,715890127,1,0.0,1.0,1440.0
2026-04-13,732543829,2,0.0,2.0,1750.0
2026-04-13,756653629,1,1.0,0.0,2250.0
2026-04-13,759970497,1,0.0,1.0,1300.0
2026-04-13,760169674,3,0.0,3.0,1300.02
2026-04-13,760323301,12,0.0,12.0,1749.993333333333
2026-04-13,760323302,2,1.0,1.0,2548.0
2026-04-13,760323303,1,0.0,1.0,2200.0
2026-04-13,760323304,15,0.0,15.0,2203.339333333333
2026-04-13,760323305,6,3.0,3.0,2400.0
2026-04-13,760323306,1,0.0,1.0,2550.0
2026-04-13,760323307,15,0.0,15.0,1950.0
2026-04-13,775902154,3,0.0,3.0,1100.0
2026-04-13,775902155,1,0.0,1.0,1000.0
2026-04-13,775902156,2,0.0,2.0,1000.0
2026-04-13,775902158,1,0.0,1.0,1000.0
2026-04-13,775902160,1,0.0,1.0,1001.01
2026-04-13,783403723,17,0.0,17.0,2250.0011764705882
2026-04-13,783403724,18,1.0,17.0,2172.211111111111
2026-04-13,783403725,4,0.0,4.0,2350.0
2026-04-13,788921071,34,2.0,32.0,2067.6479411764703
2026-04-13,788921072,12,1.0,11.0,1950.1000000000001
2026-04-13,788921073,24,5.0,19.0,2030.0035999999998
2026-04-13,788940601,3,0.0,3.0,3550.0
2026-04-13,788940602,8,2.0,6.0,3700.0
2026-04-13,788940603,4,0.0,4.0,3700.0
2026-04-13,788940604,4,1.0,3.0,3500.0
2026-04-13,788946367,21,1.0,20.0,2078.6109523809523
2026-04-13,789090595,15,0.0,15.0,1800.0
2026-04-13,789090596,13,1.0,12.0,1800.01
2026-04-13,789090597,23,1.0,22.0,1849.994347826087
2026-04-13,789090598,11,0.0,11.0,1849.9881818181818
2026-04-13,790500903,33,3.0,30.0,1853.0184848484848
2026-04-13,790500904,19,2.0,17.0,1655.2736842105264
2026-04-13,790500905,19,0.0,19.0,2005.2605263157893
2026-04-13,790943351,5,0.0,5.0,1296.0
2026-04-13,790943352,1,0.0,1.0,1800.0
2026-04-13,796326738,4,0.0,4.0,800.0
2026-04-13,796420739,3,0.0,3.0,720.0
2026-04-13,796420740,3,0.0,3.0,640.0
2026-04-13,796420741,1,0.0,1.0,920.0
2026-04-13,796583761,2,0.0,2.0,2099.995
2026-04-13,796583763,1,0.0,1.0,2100.0
2026-04-13,800256397,4,2.0,2.0,3800.0
2026-04-13,800270333,10,0.0,10.0,3799.9919999999997
2026-04-13,800270334,16,2.0,14.0,4000.0
2026-04-13,800280518,8,0.0,8.0,2312.5
2026-04-13,800280519,3,1.0,2.0,2500.0
2026-04-13,806630258,1,1.0,0.0,1160.0
2026-04-13,847993700,5,0.0,5.0,1150.0
2026-04-13,847993701,10,0.0,10.0,1250.0
2026-04-13,847993702,5,0.0,5.0,1050.0
2026-04-13,850497739,2,0.0,2.0,1125.0
2026-04-13,874138991,2,0.0,2.0,1200.0
2026-04-13,874138996,2,0.0,2.0,1000.0
2026-04-13,874196280,2,0.0,2.0,1360.0
2026-04-13,874196281,9,0.0,9.0,1440.0
2026-04-13,874196283,7,1.0,6.0,1440.08
2026-04-13,876141603,2,0.0,2.0,1700.0
2026-04-13,876141604,8,0.0,8.0,1422.2222222222222
2026-04-13,876141606,8,1.0,7.0,1600.0149999999999
2026-04-13,892583974,1,0.0,1.0,680.0
2026-04-13,892643723,1,0.0,1.0,1520.0
2026-04-13,892643724,2,0.0,2.0,986.6666666666666
2026-04-13,892657953,3,0.0,3.0,3600.0
2026-04-13,930762556,2,0.0,2.0,1280.0
2026-04-14,219033581,1,0.0,1.0,1686.0
2026-04-14,220783128,1,0.0,1.0,760.0
2026-04-14,220796910,4,0.0,4.0,1055.0
2026-04-14,220796916,14,0.0,14.0,1105.0666666666666
2026-04-14,220796924,4,0.0,4.0,868.0
2026-04-14,221216505,1,0.0,1.0,1703.0
2026-04-14,221217363,2,0.0,2.0,603.0
2026-04-14,223302777,3,0.0,3.0,1239.0
2026-04-14,223615358,3,0.0,3.0,1622.0
2026-04-14,247803775,25,6.0,19.0,1363.9648000000002
2026-04-14,247803776,20,0.0,20.0,1223.835238095238
2026-04-14,248166626,162,7.0,155.0,1947.2080487804878
2026-04-14,248173261,46,5.0,41.0,1897.5480851063828
2026-04-14,248591628,18,2.0,16.0,1729.0400000000002
2026-04-14,248591629,2,0.0,2.0,1806.0
2026-04-14,248639013,82,0.0,82.0,1675.1264634146341
2026-04-14,248639014,36,1.0,35.0,1870.0
2026-04-14,251889892,1,0.0,1.0,1658.0
2026-04-14,251889894,7,1.0,6.0,1868.0
2026-04-14,258834337,2,0.0,2.0,956.0
2026-04-14,258836990,1,0.0,1.0,1052.0
2026-04-14,262596137,1,0.0,1.0,879.0
2026-04-14,278278778,3,0.0,3.0,1210.04
2026-04-14,286985384,2,0.0,2.0,1660.0
2026-04-14,296818633,9,0.0,9.0,843.0
2026-04-14,300294506,5,0.0,5.0,1913.0
2026-04-14,300294507,2,1.0,1.0,1742.0
2026-04-14,331575070,7,1.0,6.0,1274.0
2026-04-14,331575073,2,0.0,2.0,1297.0
2026-04-14,331575074,20,0.0,20.0,1225.7161904761906
2026-04-14,331575075,10,0.0,10.0,1274.011
2026-04-14,337308569,4,0.0,4.0,1751.0
2026-04-14,337309667,1,0.0,1.0,1177.0
2026-04-14,366760796,3,0.0,3.0,1230.0
2026-04-14,366813885,1,0.0,1.0,1245.1
2026-04-14,377241928,1,0.0,1.0,1062.0
2026-04-14,377242345,1,0.0,1.0,1134.0
2026-04-14,384494968,4,1.0,3.0,1250.0
2026-04-14,384494969,1,0.0,1.0,1260.0
2026-04-14,444461581,28,0.0,28.0,1660.3962068965516
2026-04-14,451093486,2,0.0,2.0,1271.0
2026-04-14,462870185,24,1.0,23.0,1674.5
2026-04-14,462870186,35,2.0,33.0,1968.9142857142858
2026-04-14,467007550,28,1.0,27.0,1925.0
2026-04-14,468506772,10,0.0,10.0,1862.0
2026-04-14,468506773,4,0.0,4.0,2196.0
2026-04-14,471342171,16,3.0,13.0,3782.0
2026-04-14,474397318,74,2.0,72.0,1821.2468918918917
2026-04-14,474629420,30,4.0,26.0,1635.0036666666667
2026-04-14,475748707,51,0.0,51.0,2027.013725490196
2026-04-14,475759397,12,0.0,12.0,1957.005
2026-04-14,488493915,2,0.0,2.0,3702.0
2026-04-14,504801009,4,0.0,4.0,800.0
2026-04-14,516856408,24,1.0,23.0,2114.6423999999997
2026-04-14,541096165,3,0.0,3.0,2301.0
2026-04-14,541096167,16,1.0,15.0,1679.993125
2026-04-14,649988707,2,0.0,2.0,900.0
2026-04-14,681642682,1,0.0,1.0,1750.0
2026-04-14,715890126,2,0.0,2.0,1400.0
2026-04-14,732543825,1,0.0,1.0,1650.0
2026-04-14,732543827,1,0.0,1.0,1700.0
2026-04-14,732543829,7,0.0,7.0,1750.0314285714285
2026-04-14,756653629,1,0.0,1.0,2250.0
2026-04-14,759970497,1,0.0,1.0,1300.0
2026-04-14,760169674,4,0.0,4.0,1300.0
2026-04-14,760169676,1,0.0,1.0,1650.0
2026-04-14,760323301,14,0.0,14.0,1625.0400000000002
2026-04-14,760323302,1,0.0,1.0,2548.0
2026-04-14,760323303,3,0.0,3.0,2200.0
2026-04-14,760323304,24,1.0,23.0,2096.0004
2026-04-14,760323305,3,0.0,3.0,2400.0
2026-04-14,760323306,2,0.0,2.0,2550.0
2026-04-14,760323307,15,1.0,14.0,1950.0
2026-04-14,775902154,3,0.0,3.0,1100.0
2026-04-14,783403723,14,1.0,13.0,2250.0
2026-04-14,783403724,11,2.0,9.0,2136.3636363636365
2026-04-14,783403725,5,0.0,5.0,2350.0
2026-04-14,788921071,32,1.0,31.0,2073.439375
2026-04-14,788921072,8,1.0,7.0,1950.0
2026-04-14,788921073,24,3.0,21.0,2091.665
2026-04-14,788940601,6,1.0,5.0,3550.0
2026-04-14,788940602,10,1.0,9.0,3699.9970000000003
2026-04-14,788940603,2,2.0,0.0,2466.6666666666665
2026-04-14,788940604,3,0.0,3.0,3450.0
2026-04-14,788946367,19,7.0,12.0,2031.578947368421
2026-04-14,789090595,9,2.0,7.0,1800.0
2026-04-14,789090596,13,1.0,12.0,1800.0
2026-04-14,789090597,14,0.0,14.0,1849.9907142857141
2026-04-14,789090598,11,0.0,11.0,1849.989090909091
2026-04-14,790500903,44,1.0,43.0,1852.2725
2026-04-14,790500904,20,0.0,20.0,1650.0
2026-04-14,790500905,26,2.0,24.0,1974.999230769231
2026-04-14,790943352,1,0.0,1.0,1800.0
2026-04-14,796420739,6,0.0,6.0,719.9833333333332
2026-04-14,796420740,6,0.0,6.0,646.6666666666666
2026-04-14,796583763,1,0.0,1.0,2100.0
2026-04-14,800256397,1,0.0,1.0,3800.0
2026-04-14,800256398,2,0.0,2.0,3800.0
2026-04-14,800270333,9,0.0,9.0,3800.0
2026-04-14,800270334,24,1.0,23.0,3840.0
2026-04-14,800280518,3,0.0,3.0,2300.0266666666666
2026-04-14,800280519,3,1.0,2.0,2500.0
2026-04-14,806630258,1,0.0,1.0,1160.0
2026-04-14,847993700,4,0.0,4.0,1125.0
2026-04-14,847993701,7,0.0,7.0,1250.0
2026-04-14,847993702,1,0.0,1.0,1050.0
2026-04-14,874138991,4,0.0,4.0,1050.0
2026-04-14,874138995,3,0.0,3.0,1080.0
2026-04-14,874138996,2,0.0,2.0,960.0
2026-04-14,874196280,4,0.0,4.0,1320.0
2026-04-14,874196281,6,0.0,6.0,1413.3333333333333
2026-04-14,874196283,8,0.0,8.0,1425.0
2026-04-14,876141603,6,0.0,6.0,1739.9816666666666
2026-04-14,876141604,7,1.0,6.0,1599.9871428571428
2026-04-14,876141605,8,1.0,7.0,1560.0
2026-04-14,876141606,5,0.0,5.0,1600.0
2026-04-14,876153167,1,0.0,1.0,1080.0
2026-04-14,892583974,1,0.0,1.0,680.0
2026-04-14,892583975,1,0.0,1.0,680.0
2026-04-14,892643723,1,0.0,1.0,1520.0
2026-04-14,892643724,1,0.0,1.0,1480.0
2026-04-14,892657953,5,2.0,3.0,3599.9919999999997
2026-04-15,218467926,3,0.0,3.0,1015.0
2026-04-15,220783129,1,0.0,1.0,1732.0
2026-04-15,220796916,18,1.0,17.0,1184.0
2026-04-15,220796924,5,0.0,5.0,1084.9940000000001
2026-04-15,221216505,1,0.0,1.0,1703.0
2026-04-15,221217363,2,0.0,2.0,804.0
2026-04-15,223615358,2,0.0,2.0,1622.0
2026-04-15,247803775,37,0.0,37.0,1328.0771052631578
2026-04-15,247803776,32,1.0,31.0,1285.0
2026-04-15,248166626,197,5.0,192.0,1937.53305
2026-04-15,248173261,66,2.0,64.0,1884.4305970149255
2026-04-15,248591628,21,1.0,20.0,1824.9947619047618
2026-04-15,248591629,8,0.0,8.0,1806.0
2026-04-15,248639013,98,2.0,96.0,1725.1978
2026-04-15,248639014,50,1.0,49.0,1870.0016
2026-04-15,251889894,9,0.0,9.0,1868.0
2026-04-15,258836990,2,0.0,2.0,1052.0
2026-04-15,258850894,1,0.0,1.0,666.0
2026-04-15,278278778,3,0.0,3.0,1815.0
2026-04-15,278837544,1,0.0,1.0,1012.0
2026-04-15,286985384,3,0.0,3.0,1660.0
2026-04-15,286985385,3,0.0,3.0,1660.0
2026-04-15,296818633,7,0.0,7.0,842.9657142857143
2026-04-15,300294506,7,0.0,7.0,1913.0
2026-04-15,300294507,2,1.0,1.0,1742.0
2026-04-15,331575070,13,1.0,12.0,1274.0
2026-04-15,331575073,1,0.0,1.0,1297.0
2026-04-15,331575074,13,0.0,13.0,1287.0
2026-04-15,331575075,10,2.0,8.0,1274.002
2026-04-15,337308569,3,0.0,3.0,1751.0
2026-04-15,366760796,2,0.0,2.0,1230.0
2026-04-15,366813884,2,1.0,1.0,1235.0
2026-04-15,370413854,1,0.0,1.0,1424.0
2026-04-15,384494968,8,0.0,8.0,1250.0
2026-04-15,398499015,1,0.0,1.0,1159.94
2026-04-15,444461581,28,1.0,27.0,1851.9635714285716
2026-04-15,451093486,2,1.0,1.0,1271.0
2026-04-15,462870185,12,1.0,11.0,1661.0
2026-04-15,462870186,32,4.0,28.0,1930.40625
2026-04-15,462878720,1,0.0,1.0,1365.0
2026-04-15,467007550,29,1.0,28.0,1917.4141379310345
2026-04-15,468506772,19,0.0,19.0,1862.0
2026-04-15,468506773,2,0.0,2.0,2196.0
2026-04-15,471342171,15,0.0,15.0,3782.0
2026-04-15,474397318,95,5.0,90.0,1805.577731958763
2026-04-15,474629420,34,3.0,31.0,1702.0641176470588
2026-04-15,475748707,51,3.0,48.0,2027.0223529411765
2026-04-15,475759397,17,0.0,17.0,1957.0
2026-04-15,516856408,28,1.0,27.0,2123.3813793103445
2026-04-15,516856409,1,0.0,1.0,1846.37
2026-04-15,541096165,6,0.0,6.0,2301.0
2026-04-15,541096167,14,0.0,14.0,1680.02
2026-04-15,649988707,2,0.0,2.0,1800.0
2026-04-15,681642682,6,0.0,6.0,1499.9885714285715
2026-04-15,715890127,1,0.0,1.0,1440.0
2026-04-15,715890128,1,0.0,1.0,1560.0
2026-04-15,732543825,2,0.0,2.0,1650.0
2026-04-15,732543829,7,0.0,7.0,1750.0
2026-04-15,756653629,1,0.0,1.0,2250.0
2026-04-15,759970497,1,0.0,1.0,1300.0
2026-04-15,760169674,1,0.0,1.0,1299.39
2026-04-15,760169675,1,0.0,1.0,1550.0
2026-04-15,760169676,1,0.0,1.0,1650.0
2026-04-15,760323301,25,0.0,25.0,1749.9904000000001
2026-04-15,760323302,2,1.0,1.0,1698.6666666666667
2026-04-15,760323303,3,1.0,2.0,2200.0
2026-04-15,760323304,26,1.0,25.0,2176.9234615384617
2026-04-15,760323305,6,2.0,4.0,2399.963333333333
2026-04-15,760323306,2,1.0,1.0,2550.0
2026-04-15,760323307,29,0.0,29.0,1950.0048275862068
2026-04-15,775902154,5,0.0,5.0,1100.154
2026-04-15,775902155,1,0.0,1.0,1000.0
2026-04-15,775902156,2,0.0,2.0,1000.0
2026-04-15,775902160,1,0.0,1.0,1000.0
2026-04-15,783403723,15,0.0,15.0,2249.998
2026-04-15,783403724,16,0.0,16.0,2153.1175
2026-04-15,783403725,8,0.0,8.0,2350.0
2026-04-15,788921071,45,3.0,42.0,2022.8304347826086
2026-04-15,788921072,14,3.0,11.0,1950.0071428571428
2026-04-15,788921073,38,5.0,33.0,2033.3384615384614
2026-04-15,788940601,2,0.0,2.0,3550.0
2026-04-15,788940602,10,4.0,6.0,3700.0089999999996
2026-04-15,788940603,8,0.0,8.0,3700.0
2026-04-15,788940604,5,0.0,5.0,3500.0
2026-04-15,788946367,23,8.0,15.0,2000.0
2026-04-15,789090595,18,2.0,16.0,1705.264736842105
2026-04-15,789090596,17,0.0,17.0,1800.0
2026-04-15,789090597,25,3.0,22.0,1778.8461538461538
2026-04-15,789090598,11,0.0,11.0,1850.0
2026-04-15,790500903,53,3.0,50.0,1850.948679245283
2026-04-15,790500904,16,0.0,16.0,1653.3333333333335
2026-04-15,790500905,33,2.0,31.0,1954.5454545454545
2026-04-15,790943351,5,1.0,4.0,1312.008
2026-04-15,796326738,5,0.0,5.0,800.0
2026-04-15,796420739,1,0.0,1.0,720.0
2026-04-15,796420740,3,0.0,3.0,653.3333333333334
2026-04-15,796420741,1,0.0,1.0,920.08
2026-04-15,796583762,1,0.0,1.0,2100.0
2026-04-15,796583763,1,0.0,1.0,2100.0
2026-04-15,800256397,2,0.0,2.0,3800.0
2026-04-15,800256398,4,0.0,4.0,3800.0
2026-04-15,800270333,11,1.0,10.0,3799.997272727273
2026-04-15,800270334,21,1.0,20.0,3818.181818181818
2026-04-15,800280518,6,1.0,5.0,2316.6666666666665
2026-04-15,800280519,8,0.0,8.0,2512.5
2026-04-15,806630258,1,0.0,1.0,1160.0
2026-04-15,847993700,4,0.0,4.0,1137.5
2026-04-15,847993701,16,1.0,15.0,1250.0
2026-04-15,847993702,4,1.0,3.0,1050.0
2026-04-15,850497739,1,0.0,1.0,1125.0
2026-04-15,874138991,13,0.0,13.0,957.1428571428571
2026-04-15,874138995,1,0.0,1.0,1000.0
2026-04-15,874196280,2,0.0,2.0,906.64
2026-04-15,874196281,8,0.0,8.0,1420.0
2026-04-15,874196283,5,0.0,5.0,1440.0
2026-04-15,876141603,5,2.0,3.0,1752.0
2026-04-15,876141604,6,0.0,6.0,1600.0
2026-04-15,876141605,1,0.0,1.0,1560.0
2026-04-15,876141606,7,0.0,7.0,1599.9685714285715
2026-04-15,892583974,1,0.0,1.0,680.0
2026-04-15,892583975,2,0.0,2.0,680.0
2026-04-15,892643724,3,1.0,2.0,1480.0
2026-04-15,892657953,3,0.0,3.0,3600.0
2026-04-16,220673471,2,0.0,2.0,2173.0
2026-04-16,220783118,1,0.0,1.0,1828.0
2026-04-16,220783128,1,0.0,1.0,1520.0
2026-04-16,220796910,1,0.0,1.0,1055.0
2026-04-16,220796916,15,1.0,14.0,1183.9986666666666
2026-04-16,220796924,2,0.0,2.0,1085.0
2026-04-16,221217363,1,0.0,1.0,1206.0
2026-04-16,223302777,1,0.0,1.0,1239.0
2026-04-16,223615358,1,0.0,1.0,1622.0
2026-04-16,247803775,34,4.0,30.0,1363.984705882353
2026-04-16,247803776,20,2.0,18.0,1285.047
2026-04-16,248166626,181,0.0,181.0,1939.6286338797813
2026-04-16,248173261,66,1.0,65.0,1826.8588059701492
2026-04-16,248591628,17,3.0,14.0,1825.0023529411765
2026-04-16,248591629,2,0.0,2.0,1204.0
2026-04-16,248639013,76,3.0,73.0,1737.6638961038961
2026-04-16,248639014,46,2.0,44.0,1870.0167391304349
2026-04-16,251889894,14,1.0,13.0,1868.0
2026-04-16,258850894,1,0.0,1.0,666.0
2026-04-16,262595711,1,0.0,1.0,1116.0
2026-04-16,278278778,2,0.0,2.0,1815.0
2026-04-16,279005801,1,0.0,1.0,1705.0
2026-04-16,286985384,2,0.0,2.0,1660.0
2026-04-16,286985385,4,0.0,4.0,1660.0
2026-04-16,296818633,4,0.0,4.0,843.0
2026-04-16,300294506,2,1.0,1.0,1913.0
2026-04-16,300294507,2,1.0,1.0,1742.0
2026-04-16,331575070,14,0.0,14.0,1274.0
2026-04-16,331575073,3,0.0,3.0,1297.0
2026-04-16,331575074,18,2.0,16.0,1287.0072222222223
2026-04-16,331575075,19,2.0,17.0,1274.0
2026-04-16,337308569,1,1.0,0.0,1751.0
2026-04-16,366760798,1,0.0,1.0,1243.0
2026-04-16,366813879,1,0.0,1.0,952.0
2026-04-16,366813885,1,0.0,1.0,1245.0
2026-04-16,370413854,3,0.0,3.0,1424.0433333333333
2026-04-16,377242549,1,0.0,1.0,1503.0
2026-04-16,384494968,9,0.0,9.0,1249.9944444444445
2026-04-16,384494969,1,0.0,1.0,1260.1
2026-04-16,444461581,41,2.0,39.0,1851.9848780487805
2026-04-16,462870185,28,1.0,27.0,1672.5525
2026-04-16,462870186,42,1.0,41.0,1909.064761904762
2026-04-16,467007550,22,3.0,19.0,1841.3052173913043
2026-04-16,468506772,8,0.0,8.0,1862.0
2026-04-16,468506773,4,0.0,4.0,2196.1525
2026-04-16,471342171,12,0.0,12.0,3781.994166666667
2026-04-16,474397318,84,4.0,80.0,1817.3651764705883
2026-04-16,474629420,25,2.0,23.0,1679.4044000000001
2026-04-16,475748707,43,3.0,40.0,2027.0099999999998
2026-04-16,475759397,11,2.0,9.0,1957.0
2026-04-16,488493915,1,0.0,1.0,3702.0
2026-04-16,516856408,33,1.0,32.0,2190.000909090909
2026-04-16,528912198,1,0.0,1.0,536.0
2026-04-16,541096165,4,0.0,4.0,2389.5
2026-04-16,541096167,10,1.0,9.0,1679.9869999999999
2026-04-16,585840783,1,0.0,1.0,800.0
2026-04-16,681642682,1,0.0,1.0,1750.0
2026-04-16,715890126,1,0.0,1.0,1400.0
2026-04-16,732543827,4,0.0,4.0,1700.0
2026-04-16,732543829,4,0.0,4.0,1749.99
2026-04-16,759970497,1,0.0,1.0,1300.0
2026-04-16,760169673,1,0.0,1.0,1550.0
2026-04-16,760169674,3,0.0,3.0,1299.96
2026-04-16,760169675,1,0.0,1.0,1550.01
2026-04-16,760323301,24,0.0,24.0,1680.0
2026-04-16,760323302,7,0.0,7.0,2492.0
2026-04-16,760323303,4,0.0,4.0,2187.5
2026-04-16,760323304,21,3.0,18.0,2150.0038095238097
2026-04-16,760323305,5,2.0,3.0,2400.0
2026-04-16,760323306,2,0.0,2.0,2550.0
2026-04-16,760323307,22,1.0,21.0,1950.0
2026-04-16,775902154,8,0.0,8.0,1100.0575
2026-04-16,775902155,4,1.0,3.0,1000.0
2026-04-16,775902156,2,1.0,1.0,1000.0
2026-04-16,783403723,8,2.0,6.0,2250.0
2026-04-16,783403724,11,1.0,10.0,1941.6583333333335
2026-04-16,783403725,15,2.0,13.0,2349.9933333333333
2026-04-16,788921071,36,3.0,33.0,2040.278611111111
2026-04-16,788921072,14,0.0,14.0,1950.0
2026-04-16,788921073,24,3.0,21.0,2064.585833333333
2026-04-16,788940601,3,0.0,3.0,3550.0
2026-04-16,788940602,6,1.0,5.0,3700.0033333333336
2026-04-16,788940603,5,0.0,5.0,3700.0
2026-04-16,788940604,8,1.0,7.0,3500.0
2026-04-16,788946367,18,3.0,15.0,2000.0
2026-04-16,789090595,12,1.0,11.0,1661.5384615384614
2026-04-16,789090596,9,1.0,8.0,1800.0
2026-04-16,789090597,22,1.0,21.0,1849.994090909091
2026-04-16,789090598,14,1.0,13.0,1850.0
2026-04-16,790500903,55,6.0,49.0,1820.5267857142858
2026-04-16,790500904,21,3.0,18.0,1645.2419047619048
2026-04-16,790500905,50,3.0,47.0,1880.3903921568628
2026-04-16,790943351,2,0.0,2.0,1280.0
2026-04-16,790943352,1,0.0,1.0,1800.0
2026-04-16,796420739,8,0.0,8.0,740.0
2026-04-16,796420740,1,0.0,1.0,639.97
2026-04-16,796420741,1,0.0,1.0,920.0
2026-04-16,796583762,3,0.0,3.0,2100.0
2026-04-16,796583763,1,0.0,1.0,2100.0
2026-04-16,800256397,3,0.0,3.0,3800.0
2026-04-16,800256398,1,1.0,0.0,3800.0
2026-04-16,800270333,11,2.0,9.0,3800.0
2026-04-16,800270334,20,2.0,18.0,4000.0
2026-04-16,800280518,4,1.0,3.0,2300.0
2026-04-16,800280519,9,0.0,9.0,2500.003333333333
2026-04-16,806630258,1,0.0,1.0,1160.0
2026-04-16,847993700,2,0.0,2.0,1100.0
2026-04-16,847993701,12,0.0,12.0,1153.8353846153846
2026-04-16,847993702,3,1.0,2.0,1049.9833333333333
2026-04-16,850497739,1,0.0,1.0,1125.0
2026-04-16,874138991,4,0.0,4.0,1050.0
2026-04-16,874138995,4,0.0,4.0,1000.0
2026-04-16,874138996,3,0.0,3.0,973.3333333333334
2026-04-16,874196280,6,0.0,6.0,1306.6666666666667
2026-04-16,874196281,5,1.0,4.0,1440.0
2026-04-16,874196282,1,0.0,1.0,1440.0
2026-04-16,874196283,9,0.0,9.0,1440.0
2026-04-16,876141603,5,0.0,5.0,1760.0
2026-04-16,876141604,4,1.0,3.0,1600.0225
2026-04-16,876141605,5,0.0,5.0,1560.0
2026-04-16,876141606,6,0.0,6.0,1600.0
2026-04-16,892583975,2,0.0,2.0,680.0
2026-04-16,892643723,1,0.0,1.0,1520.0
2026-04-16,892643724,5,0.0,5.0,1480.0
2026-04-16,892657953,4,2.0,2.0,3600.0
2026-04-16,930762556,1,0.0,1.0,880.0
2026-04-17,218467926,1,0.0,1.0,1015.0
2026-04-17,220783118,1,0.0,1.0,1828.0
2026-04-17,220796910,2,0.0,2.0,1055.0
2026-04-17,220796916,13,1.0,12.0,1184.0
2026-04-17,220796924,1,0.0,1.0,1085.0
2026-04-17,221217363,2,0.0,2.0,1205.9450000000002
2026-04-17,223302777,3,0.0,3.0,1239.0
2026-04-17,223615358,2,1.0,1.0,1622.0
2026-04-17,225505021,1,0.0,1.0,360.0
2026-04-17,247803775,23,1.0,22.0,1363.9734782608696
2026-04-17,247803776,24,1.0,23.0,1285.0262500000001
2026-04-17,248166626,188,4.0,184.0,1953.6584126984128
2026-04-17,248173261,85,7.0,78.0,1855.5588235294117
2026-04-17,248591628,9,4.0,5.0,1825.0
2026-04-17,248591629,3,0.0,3.0,1806.0
2026-04-17,248639013,87,1.0,86.0,1760.0013793103449
2026-04-17,248639014,36,2.0,34.0,1819.4635135135134
2026-04-17,251889894,5,1.0,4.0,1868.0
2026-04-17,253237666,1,0.0,1.0,1845.0
2026-04-17,278278778,2,0.0,2.0,1815.0
2026-04-17,286985384,4,0.0,4.0,1660.0
2026-04-17,286985385,1,0.0,1.0,1660.0
2026-04-17,296818633,9,0.0,9.0,842.968888888889
2026-04-17,300294506,10,1.0,9.0,1913.0
2026-04-17,300294507,4,0.0,4.0,1742.0
2026-04-17,331575070,14,0.0,14.0,1274.0
2026-04-17,331575073,1,0.0,1.0,1297.0
2026-04-17,331575074,25,1.0,24.0,1237.5
2026-04-17,331575075,8,0.0,8.0,1274.0
2026-04-17,337308569,5,0.0,5.0,1751.0
2026-04-17,366760796,5,0.0,5.0,1230.0
2026-04-17,366813884,1,0.0,1.0,1235.0
2026-04-17,377242549,1,0.0,1.0,1503.0
2026-04-17,384494968,6,0.0,6.0,1250.0
2026-04-17,384494969,2,0.0,2.0,1260.0
2026-04-17,444461581,39,1.0,38.0,1851.9871794871794
2026-04-17,451093486,2,0.0,2.0,1271.0
2026-04-17,462870185,27,4.0,23.0,1591.2692857142858
2026-04-17,462870186,34,6.0,28.0,1924.4411764705883
2026-04-17,467007550,23,0.0,23.0,1925.0
2026-04-17,468506772,4,0.0,4.0,1861.9875
2026-04-17,468506773,3,0.0,3.0,2196.0
2026-04-17,471342171,11,1.0,10.0,3782.0654545454545
2026-04-17,474397318,78,4.0,74.0,1840.2228205128206
2026-04-17,474629420,40,3.0,37.0,1674.06475
2026-04-17,475748707,45,7.0,38.0,1983.0
2026-04-17,475759397,7,0.0,7.0,1957.0
2026-04-17,488493915,3,0.0,3.0,3702.0
2026-04-17,516856408,16,1.0,15.0,2049.8841176470587
2026-04-17,541096165,6,0.0,6.0,2330.5
2026-04-17,541096167,19,1.0,18.0,1679.9994736842107
2026-04-17,649988707,1,0.0,1.0,1800.0
2026-04-17,715890126,1,0.0,1.0,1400.0
2026-04-17,715890127,2,0.0,2.0,1440.0
2026-04-17,732543825,1,0.0,1.0,1650.0
2026-04-17,732543827,1,0.0,1.0,1700.0
2026-04-17,732543829,3,0.0,3.0,1750.13
2026-04-17,756653629,1,0.0,1.0,2250.0
2026-04-17,760169674,1,0.0,1.0,1300.0
2026-04-17,760169675,2,0.0,2.0,1550.0
2026-04-17,760323301,22,1.0,21.0,1749.992727272727
2026-04-17,760323302,7,2.0,5.0,2338.0085714285715
2026-04-17,760323303,8,0.0,8.0,2118.74625
2026-04-17,760323304,28,2.0,26.0,2157.1460714285713
2026-04-17,760323305,10,0.0,10.0,2400.0
2026-04-17,760323306,2,0.0,2.0,2550.0
2026-04-17,760323307,19,4.0,15.0,1852.5
2026-04-17,775902154,3,0.0,3.0,1100.0
2026-04-17,775902156,1,0.0,1.0,1000.0
2026-04-17,775902157,1,0.0,1.0,1000.0
2026-04-17,775902160,1,0.0,1.0,1000.0
2026-04-17,783403723,22,0.0,22.0,2250.0
2026-04-17,783403724,20,0.0,20.0,2074.9975
2026-04-17,783403725,13,1.0,12.0,2338.4615384615386
2026-04-17,788921071,37,2.0,35.0,1963.1586842105262
2026-04-17,788921072,17,1.0,16.0,1950.0
2026-04-17,788921073,25,3.0,22.0,2066.0024
2026-04-17,788940601,3,0.0,3.0,3550.0
2026-04-17,788940602,9,1.0,8.0,3700.0
2026-04-17,788940603,2,0.0,2.0,3700.0
2026-04-17,788940604,4,2.0,2.0,3499.94
2026-04-17,788946367,27,1.0,26.0,2051.8518518518517
2026-04-17,789090595,14,0.0,14.0,1800.0014285714285
2026-04-17,789090596,14,0.0,14.0,1800.0021428571429
2026-04-17,789090597,24,3.0,21.0,1775.9916
2026-04-17,789090598,13,1.0,12.0,1850.0
2026-04-17,790500903,49,2.0,47.0,1869.385306122449
2026-04-17,790500904,15,2.0,13.0,1534.3587499999999
2026-04-17,790500905,31,2.0,29.0,1919.3554838709676
2026-04-17,790943351,1,0.0,1.0,1280.0
2026-04-17,796326738,7,0.0,7.0,799.9885714285714
2026-04-17,796420739,7,0.0,7.0,720.0
2026-04-17,796420740,2,0.0,2.0,640.0
2026-04-17,796583761,2,0.0,2.0,2100.0
2026-04-17,796583762,5,0.0,5.0,2100.0
2026-04-17,796583763,1,0.0,1.0,2100.0
2026-04-17,800256397,2,0.0,2.0,3800.0
2026-04-17,800256398,2,0.0,2.0,3800.0
2026-04-17,800270333,18,1.0,17.0,3600.001052631579
2026-04-17,800270334,34,3.0,31.0,4000.0588235294117
2026-04-17,800280518,3,0.0,3.0,2300.0
2026-04-17,800280519,6,0.0,6.0,2500.0
2026-04-17,806630258,2,0.0,2.0,1160.0
2026-04-17,847993700,6,0.0,6.0,1045.8266666666666
2026-04-17,847993701,8,0.0,8.0,1250.0
2026-04-17,847993702,2,0.0,2.0,1050.0
2026-04-17,850497739,1,0.0,1.0,1125.0
2026-04-17,874138991,7,0.0,7.0,1000.0
2026-04-17,874138995,1,0.0,1.0,1000.0
2026-04-17,874196280,3,0.0,3.0,1253.3333333333333
2026-04-17,874196281,13,0.0,13.0,1337.1707142857142
2026-04-17,874196283,6,0.0,6.0,1440.0
2026-04-17,876141603,9,1.0,8.0,1733.3322222222223
2026-04-17,876141604,7,0.0,7.0,1600.0
2026-04-17,876141605,2,0.0,2.0,1560.0
2026-04-17,876141606,3,0.0,3.0,1600.0
2026-04-17,876153167,2,0.0,2.0,1080.0
2026-04-17,892583975,1,0.0,1.0,680.0
2026-04-17,892643724,2,1.0,1.0,1480.0
2026-04-17,892657953,3,1.0,2.0,3600.0
2026-04-17,930762556,1,0.0,1.0,880.0
2026-04-18,220796910,2,0.0,2.0,1055.0
2026-04-18,220796916,21,0.0,21.0,1081.0452173913043
2026-04-18,220796924,4,0.0,4.0,1085.0
2026-04-18,221216505,1,0.0,1.0,1703.0
2026-04-18,221217363,3,0.0,3.0,1206.0
2026-04-18,247803775,22,1.0,21.0,1363.9622727272726
2026-04-18,247803776,19,0.0,19.0,1285.0305263157895
2026-04-18,248166626,117,2.0,115.0,1929.1695833333333
2026-04-18,248173261,58,7.0,51.0,1830.3884745762712
2026-04-18,248591628,10,0.0,10.0,1825.002
2026-04-18,248591629,1,1.0,0.0,1806.0
2026-04-18,248639013,71,2.0,69.0,1760.5822535211266
2026-04-18,248639014,36,3.0,33.0,1869.9983333333334
2026-04-18,251889892,1,0.0,1.0,1658.0
2026-04-18,251889894,9,0.0,9.0,1868.0
2026-04-18,278278778,1,0.0,1.0,1815.0
2026-04-18,286985384,1,0.0,1.0,1660.0
2026-04-18,286985385,2,0.0,2.0,1660.0
2026-04-18,296818633,3,0.0,3.0,843.0
2026-04-18,300294506,4,0.0,4.0,1913.0
2026-04-18,300294507,3,0.0,3.0,1742.0
2026-04-18,331575070,18,0.0,18.0,1206.9473684210527
2026-04-18,331575073,3,0.0,3.0,1297.0
2026-04-18,331575074,28,0.0,28.0,1242.626551724138
2026-04-18,331575075,10,1.0,9.0,1274.0
2026-04-18,337308569,3,1.0,2.0,1750.993333333333
2026-04-18,366760798,2,0.0,2.0,1243.0
2026-04-18,366813885,1,0.0,1.0,1245.0
2026-04-18,377241928,1,0.0,1.0,1062.0
2026-04-18,377242345,1,0.0,1.0,1134.0
2026-04-18,384494968,11,0.0,11.0,1250.0
2026-04-18,444461581,23,4.0,19.0,1774.8100000000002
2026-04-18,462870185,20,1.0,19.0,1638.4
2026-04-18,462870186,27,0.0,27.0,1957.924074074074
2026-04-18,462878720,1,0.0,1.0,1365.0
2026-04-18,467007550,28,2.0,26.0,1858.6496551724138
2026-04-18,468506772,7,0.0,7.0,1862.0
2026-04-18,468506773,4,0.0,4.0,2025.0
2026-04-18,471342171,13,2.0,11.0,3781.993846153846
2026-04-18,474397318,70,2.0,68.0,1812.8095774647886
2026-04-18,474629420,33,2.0,31.0,1621.3235294117646
2026-04-18,475748707,39,2.0,37.0,2027.0110256410255
2026-04-18,475759397,12,3.0,9.0,1957.0091666666667
2026-04-18,488493915,5,0.0,5.0,3701.9800000000005
2026-04-18,504801009,1,0.0,1.0,800.0
2026-04-18,516856408,14,0.0,14.0,2178.0
2026-04-18,541096165,4,1.0,3.0,2301.0
2026-04-18,541096167,13,1.0,12.0,1680.0184615384615
2026-04-18,649988707,2,0.0,2.0,1800.0
2026-04-18,681642682,2,0.0,2.0,1750.0
2026-04-18,732543825,1,0.0,1.0,1650.0
2026-04-18,732543829,5,0.0,5.0,1750.0
2026-04-18,759970497,1,0.0,1.0,1300.16
2026-04-18,760169672,1,0.0,1.0,1500.0
2026-04-18,760169674,4,0.0,4.0,1300.0
2026-04-18,760323301,18,1.0,17.0,1749.9972222222223
2026-04-18,760323302,14,1.0,13.0,2345.0
2026-04-18,760323303,11,1.0,10.0,2068.181818181818
2026-04-18,760323304,23,2.0,21.0,2154.3495652173915
2026-04-18,760323305,8,0.0,8.0,2400.0
2026-04-18,760323306,2,0.0,2.0,2550.0
2026-04-18,760323307,21,0.0,21.0,1950.0252380952381
2026-04-18,775902154,4,0.0,4.0,1100.0
2026-04-18,775902155,2,0.0,2.0,1000.0
2026-04-18,783403723,19,0.0,19.0,2250.035263157895
2026-04-18,783403724,8,1.0,7.0,2075.0
2026-04-18,783403725,19,0.0,19.0,2286.842105263158
2026-04-18,788921071,41,5.0,36.0,2003.6804878048779
2026-04-18,788921072,7,2.0,5.0,1950.0057142857145
2026-04-18,788921073,21,2.0,19.0,2066.6666666666665
2026-04-18,788940601,3,1.0,2.0,3550.0
2026-04-18,788940602,8,1.0,7.0,3700.0
2026-04-18,788940603,3,0.0,3.0,3700.0
2026-04-18,788940604,5,0.0,5.0,3500.0379999999996
2026-04-18,788946367,18,1.0,17.0,1999.996666666667
2026-04-18,789090595,11,1.0,10.0,1650.0
2026-04-18,789090596,16,1.0,15.0,1800.0
2026-04-18,789090597,23,1.0,22.0,1849.9908695652175
2026-04-18,789090598,17,1.0,16.0,1747.2155555555555
2026-04-18,790500903,40,1.0,39.0,1839.0224390243902
2026-04-18,790500904,23,1.0,22.0,1621.7391304347825
2026-04-18,790500905,30,1.0,29.0,1930.0529999999999
2026-04-18,790943351,5,0.0,5.0,1280.0
2026-04-18,796326738,2,0.0,2.0,800.0
2026-04-18,796420739,7,0.0,7.0,731.4285714285714
2026-04-18,796420740,3,0.0,3.0,640.0
2026-04-18,796420741,1,0.0,1.0,640.0
2026-04-18,796583761,1,0.0,1.0,2100.0
2026-04-18,796583762,1,1.0,0.0,2100.0
2026-04-18,796583763,1,0.0,1.0,2100.0
2026-04-18,800256397,3,0.0,3.0,3800.0
2026-04-18,800256398,1,0.0,1.0,3800.32
2026-04-18,800270333,19,0.0,19.0,3800.0168421052635
2026-04-18,800270334,30,1.0,29.0,4000.047
2026-04-18,800280518,4,0.0,4.0,2250.0
2026-04-18,800280519,5,1.0,4.0,2499.9880000000003
2026-04-18,806630258,1,0.0,1.0,1160.0
2026-04-18,847993700,1,0.0,1.0,975.0
2026-04-18,847993701,15,0.0,15.0,1249.9966666666667
2026-04-18,847993702,3,0.0,3.0,1050.0
2026-04-18,850497739,3,0.0,3.0,1125.0
2026-04-18,874138991,3,0.0,3.0,1000.0
2026-04-18,874138995,7,0.0,7.0,915.01625
2026-04-18,874138996,3,0.0,3.0,960.0
2026-04-18,874196280,5,0.0,5.0,1248.028
2026-04-18,874196281,10,0.0,10.0,1440.0
2026-04-18,874196282,1,0.0,1.0,1440.0
2026-04-18,874196283,5,0.0,5.0,1440.2540000000001
2026-04-18,876141603,10,0.0,10.0,1712.012
2026-04-18,876141604,7,0.0,7.0,1600.0
2026-04-18,876141605,5,0.0,5.0,1560.0
2026-04-18,876141606,12,0.0,12.0,1600.0
2026-04-18,876153167,1,0.0,1.0,1080.0
2026-04-18,892583975,1,0.0,1.0,680.0
2026-04-18,892643724,3,0.0,3.0,1520.0
2026-04-18,892657953,4,1.0,3.0,3600.0
2026-04-18,929323174,1,0.0,1.0,1700.0
2026-04-19,219037028,1,0.0,1.0,1886.0
2026-04-19,220783118,1,0.0,1.0,1828.0
2026-04-19,220783128,2,0.0,2.0,1520.0
2026-04-19,220796910,1,0.0,1.0,1055.0
2026-04-19,220796916,14,0.0,14.0,1105.0693333333334
2026-04-19,220796924,4,0.0,4.0,1085.0
2026-04-19,221217363,2,0.0,2.0,1206.0
2026-04-19,223302777,2,0.0,2.0,1239.0
2026-04-19,223615358,1,0.0,1.0,1622.0
2026-04-19,247803775,35,0.0,35.0,1364.0034285714287
2026-04-19,247803776,30,0.0,30.0,1285.0306666666665
2026-04-19,248166626,124,3.0,121.0,1955.541382113821
2026-04-19,248173261,68,3.0,65.0,1844.199411764706
2026-04-19,248591628,11,0.0,11.0,1825.0
2026-04-19,248591629,2,0.0,2.0,1806.0
2026-04-19,248639013,78,2.0,76.0,1760.0015384615383
2026-04-19,248639014,40,1.0,39.0,1824.3848780487804
2026-04-19,251889894,6,0.0,6.0,1868.0
2026-04-19,258836990,1,0.0,1.0,1052.0
2026-04-19,278278778,1,0.0,1.0,1815.0
2026-04-19,286985385,2,0.0,2.0,1660.0
2026-04-19,296818633,9,0.0,9.0,843.0
2026-04-19,300294506,1,0.0,1.0,1913.0
2026-04-19,300294507,6,0.0,6.0,1742.0
2026-04-19,331575070,12,1.0,11.0,1274.0
2026-04-19,331575073,4,0.0,4.0,1297.0
2026-04-19,331575074,21,0.0,21.0,1287.0
2026-04-19,331575075,10,0.0,10.0,1273.972
2026-04-19,337308569,4,1.0,3.0,1751.0
2026-04-19,366760796,1,0.0,1.0,1230.0
2026-04-19,377241928,1,0.0,1.0,1062.0
2026-04-19,377242549,2,0.0,2.0,1503.0
2026-04-19,384494968,7,0.0,7.0,1250.0
2026-04-19,444461581,27,0.0,27.0,1852.0
2026-04-19,462870185,25,2.0,23.0,1638.0188
2026-04-19,462870186,34,3.0,31.0,1997.3238235294116
2026-04-19,462878720,2,0.0,2.0,1365.0
2026-04-19,467007550,34,4.0,30.0,1924.9994117647059
2026-04-19,468506772,8,0.0,8.0,1862.0
2026-04-19,468506773,5,0.0,5.0,2059.138
2026-04-19,471342171,8,0.0,8.0,3782.0
2026-04-19,474397318,78,1.0,77.0,1837.852307692308
2026-04-19,474629420,37,0.0,37.0,1677.161081081081
2026-04-19,475748707,43,3.0,40.0,2027.0239534883722
2026-04-19,475759397,10,1.0,9.0,1956.994
2026-04-19,504801009,2,0.0,2.0,799.96
2026-04-19,516856408,22,1.0,21.0,2178.0
2026-04-19,541096165,3,1.0,2.0,2360.0
2026-04-19,541096167,17,2.0,15.0,1680.0084375000001
2026-04-19,681642682,1,0.0,1.0,1750.0
2026-04-19,715890126,1,0.0,1.0,1400.0
2026-04-19,715890128,1,0.0,1.0,1560.0
2026-04-19,724729234,1,0.0,1.0,1640.0
2026-04-19,732543827,1,0.0,1.0,1700.0
2026-04-19,732543829,3,0.0,3.0,1750.0
2026-04-19,756653629,1,0.0,1.0,2250.0
2026-04-19,760169673,1,0.0,1.0,1550.0
2026-04-19,760169674,2,0.0,2.0,1300.0
2026-04-19,760169675,1,0.0,1.0,1549.98
2026-04-19,760323301,18,0.0,18.0,1750.0094444444444
2026-04-19,760323302,6,0.0,6.0,2352.0
2026-04-19,760323303,14,0.0,14.0,2021.43
2026-04-19,760323304,21,1.0,20.0,2154.764285714286
2026-04-19,760323305,11,0.0,11.0,2400.0
2026-04-19,760323306,1,0.0,1.0,2550.0
2026-04-19,760323307,17,0.0,17.0,1949.99875
2026-04-19,775902154,5,0.0,5.0,1100.0
2026-04-19,775902160,1,0.0,1.0,1000.0
2026-04-19,783403723,15,1.0,14.0,2250.0
2026-04-19,783403724,15,1.0,14.0,2053.3333333333335
2026-04-19,783403725,22,2.0,20.0,2023.9130434782608
2026-04-19,788921071,27,3.0,24.0,1974.0692592592593
2026-04-19,788921072,13,0.0,13.0,1950.0
2026-04-19,788921073,32,5.0,27.0,2056.25
2026-04-19,788940601,2,0.0,2.0,3550.0
2026-04-19,788940602,8,2.0,6.0,3700.0014285714287
2026-04-19,788940603,4,0.0,4.0,3700.0
2026-04-19,788940604,6,2.0,4.0,3500.0
2026-04-19,788946367,15,2.0,13.0,2020.0
2026-04-19,789090595,14,1.0,13.0,1799.9957142857143
2026-04-19,789090596,15,0.0,15.0,1588.2405882352941
2026-04-19,789090597,10,1.0,9.0,1850.0
2026-04-19,789090598,12,2.0,10.0,1849.9916666666668
2026-04-19,790500903,39,4.0,35.0,1917.948717948718
2026-04-19,790500904,25,2.0,23.0,1611.9992000000002
2026-04-19,790500905,45,6.0,39.0,1901.704659090909
2026-04-19,790943351,4,0.0,4.0,1280.0
2026-04-19,790943352,1,0.0,1.0,1800.0
2026-04-19,796326738,1,0.0,1.0,784.0
2026-04-19,796420739,8,0.0,8.0,720.0
2026-04-19,796420740,4,0.0,4.0,512.0
2026-04-19,796420741,5,0.0,5.0,640.008
2026-04-19,796583762,1,0.0,1.0,2100.0
2026-04-19,796583763,1,0.0,1.0,2100.0
2026-04-19,800256398,2,0.0,2.0,3800.0
2026-04-19,800270333,16,0.0,16.0,3837.5
2026-04-19,800270334,27,3.0,24.0,4000.004074074074
2026-04-19,800280518,3,0.0,3.0,2266.6666666666665
2026-04-19,800280519,6,0.0,6.0,2500.005
2026-04-19,847993700,2,0.0,2.0,1037.5
2026-04-19,847993701,12,0.0,12.0,1249.99
2026-04-19,850497739,2,0.0,2.0,1125.0
2026-04-19,874138991,4,0.0,4.0,1000.0
2026-04-19,874138995,2,0.0,2.0,999.935
2026-04-19,874138996,3,0.0,3.0,960.0
2026-04-19,874196280,2,0.0,2.0,1200.0
2026-04-19,874196281,6,0.0,6.0,1440.0933333333332
2026-04-19,874196282,3,0.0,3.0,1440.0
2026-04-19,874196283,5,0.0,5.0,1440.0
2026-04-19,876141603,7,0.0,7.0,1691.445714285714
2026-04-19,876141604,5,0.0,5.0,1600.0
2026-04-19,876141605,5,0.0,5.0,1560.0
2026-04-19,876141606,7,0.0,7.0,1600.0
2026-04-19,892583975,2,0.0,2.0,679.995
2026-04-19,892643724,2,0.0,2.0,1480.0
2026-04-19,892657953,2,1.0,1.0,3600.0
2026-04-19,929323174,2,0.0,2.0,1650.0
2026-04-19,930762556,3,0.0,3.0,1040.0
2026-04-20,218467926,2,0.0,2.0,1015.0
2026-04-20,220673471,1,0.0,1.0,2173.0
2026-04-20,220783128,3,0.0,3.0,1520.0
2026-04-20,220783129,1,0.0,1.0,1732.0
2026-04-20,220796910,2,0.0,2.0,1055.0
2026-04-20,220796916,15,0.0,15.0,1184.0
2026-04-20,220796924,2,0.0,2.0,1085.0
2026-04-20,221217363,1,0.0,1.0,1205.96
2026-04-20,223302777,2,0.0,2.0,1239.0
2026-04-20,223615358,1,0.0,1.0,1622.0
2026-04-20,247803775,13,2.0,11.0,1363.9753846153847
2026-04-20,247803776,23,2.0,21.0,1285.0086956521739
2026-04-20,248166626,129,5.0,124.0,1971.7829457364342
2026-04-20,248173261,62,8.0,54.0,1841.9624193548386
2026-04-20,248591628,15,3.0,12.0,1825.0040000000001
2026-04-20,248591629,6,0.0,6.0,1806.0
2026-04-20,248639013,102,3.0,99.0,1760.005
2026-04-20,248639014,35,2.0,33.0,1870.0
2026-04-20,251889892,1,0.0,1.0,1658.0
2026-04-20,251889894,7,0.0,7.0,1868.0
2026-04-20,278278778,2,0.0,2.0,1815.0
2026-04-20,296818633,7,0.0,7.0,842.9757142857143
2026-04-20,300294506,4,0.0,4.0,1913.0
2026-04-20,300294507,3,0.0,3.0,1742.0
2026-04-20,331575070,7,1.0,6.0,1274.0
2026-04-20,331575073,2,0.0,2.0,1297.0
2026-04-20,331575074,19,0.0,19.0,1287.002105263158
2026-04-20,331575075,14,0.0,14.0,1273.99
2026-04-20,337308569,5,0.0,5.0,1751.0
2026-04-20,366760796,2,0.0,2.0,1230.0
2026-04-20,370413854,2,0.0,2.0,1424.0
2026-04-20,377242549,2,0.0,2.0,1503.0
2026-04-20,384494968,7,0.0,7.0,1250.0014285714285
2026-04-20,444461581,28,1.0,27.0,1851.9682142857143
2026-04-20,462870185,25,1.0,24.0,1626.5616
2026-04-20,462870186,37,1.0,36.0,2015.5675675675675
2026-04-20,467007550,25,5.0,20.0,1925.0
2026-04-20,468506772,9,1.0,8.0,1862.0
2026-04-20,468506773,4,0.0,4.0,2082.09
2026-04-20,471342171,17,1.0,16.0,3782.0
2026-04-20,474397318,63,0.0,63.0,1837.3444444444444
2026-04-20,474629420,16,3.0,13.0,1681.8899999999999
2026-04-20,475748707,40,0.0,40.0,2027.0
2026-04-20,475759397,11,0.0,11.0,1957.0
2026-04-20,516856408,22,0.0,22.0,2177.997272727273
2026-04-20,541096165,1,0.0,1.0,2301.0
2026-04-20,541096167,12,0.0,12.0,1680.0
2026-04-20,681642682,1,0.0,1.0,1750.0
2026-04-20,715890126,2,0.0,2.0,1400.0
2026-04-20,732543825,1,0.0,1.0,1650.0
2026-04-20,732543827,1,0.0,1.0,1700.0
2026-04-20,732543829,3,1.0,2.0,1750.0
2026-04-20,760169674,1,0.0,1.0,1300.0
2026-04-20,760169675,1,0.0,1.0,1550.0
2026-04-20,760323301,19,4.0,15.0,1750.0
2026-04-20,760323302,12,0.0,12.0,2278.5
2026-04-20,760323303,17,0.0,17.0,2020.5882352941176
2026-04-20,760323304,20,1.0,19.0,2155.0
2026-04-20,760323305,5,0.0,5.0,2400.0
2026-04-20,760323306,4,0.0,4.0,2550.0
2026-04-20,760323307,17,0.0,17.0,1949.9994117647057
2026-04-20,775902154,4,0.0,4.0,1100.0
2026-04-20,775902157,1,0.0,1.0,1000.0
2026-04-20,783403723,17,0.0,17.0,2124.9983333333334
2026-04-20,783403724,24,0.0,24.0,1936.0
2026-04-20,783403725,15,2.0,13.0,2120.001333333333
2026-04-20,788921071,32,5.0,27.0,1993.75
2026-04-20,788921072,14,0.0,14.0,1950.0
2026-04-20,788921073,23,2.0,21.0,2050.001739130435
2026-04-20,788940601,3,0.0,3.0,3550.0
2026-04-20,788940602,7,3.0,4.0,3700.0
2026-04-20,788940603,2,0.0,2.0,3700.0
2026-04-20,788940604,5,1.0,4.0,3500.1620000000003
2026-04-20,788946367,22,3.0,19.0,2013.6363636363637
2026-04-20,789090595,11,1.0,10.0,1800.0
2026-04-20,789090596,9,0.0,9.0,1800.0
2026-04-20,789090597,19,1.0,18.0,1757.4935
2026-04-20,789090598,14,5.0,9.0,1850.0
2026-04-20,790500903,35,4.0,31.0,1915.2777777777778
2026-04-20,790500904,25,2.0,23.0,1604.0
2026-04-20,790500905,24,2.0,22.0,1925.0
2026-04-20,790943351,4,0.0,4.0,1280.0
2026-04-20,796326738,3,0.0,3.0,596.0
2026-04-20,796420739,5,0.0,5.0,720.0699999999999
2026-04-20,796420740,3,0.0,3.0,640.0
2026-04-20,796420741,5,0.0,5.0,696.0
2026-04-20,796583761,1,0.0,1.0,2100.0
2026-04-20,796583762,1,0.0,1.0,2100.0
2026-04-20,800256397,2,0.0,2.0,3800.0
2026-04-20,800270333,9,2.0,7.0,3883.3311111111116
2026-04-20,800270334,26,2.0,24.0,3851.85
2026-04-20,800280518,4,0.0,4.0,2250.0
2026-04-20,800280519,6,0.0,6.0,2500.0
2026-04-20,806630258,2,0.0,2.0,1160.0
2026-04-20,847993700,1,0.0,1.0,975.0
2026-04-20,847993701,11,1.0,10.0,1249.9972727272727
2026-04-20,847993702,2,0.0,2.0,1050.0
2026-04-20,850497739,2,0.0,2.0,1125.0
2026-04-20,874138991,5,0.0,5.0,1000.0
2026-04-20,874138995,3,1.0,2.0,1000.0
2026-04-20,874196280,2,1.0,1.0,1200.0
2026-04-20,874196281,10,0.0,10.0,1440.0
2026-04-20,874196282,6,0.0,6.0,1440.0
2026-04-20,874196283,9,1.0,8.0,1440.0411111111111
2026-04-20,876141603,12,0.0,12.0,1700.0
2026-04-20,876141604,6,2.0,4.0,1600.0
2026-04-20,876141605,10,0.0,10.0,1560.0
2026-04-20,876141606,5,1.0,4.0,1600.0
2026-04-20,892583975,1,0.0,1.0,680.0
2026-04-20,892643724,2,2.0,0.0,1480.0
2026-04-20,892657953,4,1.0,3.0,3600.0175
2026-04-20,930762556,2,0.0,2.0,880.0
2026-04-21,220673471,1,0.0,1.0,2173.0
2026-04-21,220783128,1,0.0,1.0,1520.0
2026-04-21,220796910,3,1.0,2.0,1055.0
2026-04-21,220796916,18,1.0,17.0,1183.9977777777776
2026-04-21,220796924,2,0.0,2.0,1085.0
2026-04-21,221216505,1,0.0,1.0,1703.0
2026-04-21,221217363,2,0.0,2.0,1206.0
2026-04-21,223615358,3,0.0,3.0,1081.3333333333333
2026-04-21,247803775,15,0.0,15.0,1364.0
2026-04-21,247803776,11,1.0,10.0,1285.0463636363636
2026-04-21,248166626,151,7.0,144.0,1920.4735064935064
2026-04-21,248173261,49,3.0,46.0,1854.7591836734694
2026-04-21,248591628,21,2.0,19.0,1825.002857142857
2026-04-21,248591629,2,0.0,2.0,1806.0
2026-04-21,248639013,76,7.0,69.0,1737.142987012987
2026-04-21,248639014,24,2.0,22.0,1869.9662500000002
2026-04-21,251889894,6,1.0,5.0,1868.0
2026-04-21,262596137,1,0.0,1.0,0.0
2026-04-21,278278778,4,0.0,4.0,1361.25
2026-04-21,286985384,2,0.0,2.0,1659.96
2026-04-21,286985385,2,0.0,2.0,1660.0
2026-04-21,296818633,12,0.0,12.0,843.0
2026-04-21,300294506,3,2.0,1.0,1913.0
2026-04-21,300294507,5,0.0,5.0,1742.0
2026-04-21,331575070,17,0.0,17.0,1124.1176470588234
2026-04-21,331575073,2,0.0,2.0,1297.0
2026-04-21,331575074,12,2.0,10.0,1287.0
2026-04-21,331575075,14,1.0,13.0,1104.1493333333335
2026-04-21,337308569,4,1.0,3.0,1751.0
2026-04-21,366760796,1,0.0,1.0,1230.0
2026-04-21,366813879,1,0.0,1.0,952.0
2026-04-21,366813885,1,0.0,1.0,1245.0
2026-04-21,370413854,1,0.0,1.0,1424.0
2026-04-21,384494968,8,1.0,7.0,1111.111111111111
2026-04-21,444461581,21,2.0,19.0,1763.7914285714287
2026-04-21,451093486,2,0.0,2.0,1271.0
2026-04-21,462870185,29,4.0,25.0,1625.6206896551723
2026-04-21,462870186,25,1.0,24.0,2123.998
2026-04-21,467007550,10,0.0,10.0,1924.9569999999999
2026-04-21,468506772,9,1.0,8.0,1675.8
2026-04-21,468506773,9,0.0,9.0,1968.0044444444445
2026-04-21,471342171,15,2.0,13.0,3782.064
2026-04-21,474397318,62,0.0,62.0,1778.2070967741936
2026-04-21,474629420,29,1.0,28.0,1671.214827586207
2026-04-21,475748707,53,6.0,47.0,2027.0203773584906
2026-04-21,475759397,19,1.0,18.0,1957.0094736842104
2026-04-21,488493915,4,0.0,4.0,3702.0
2026-04-21,504801009,3,0.0,3.0,799.9766666666666
2026-04-21,516856408,20,0.0,20.0,2074.285714285714
2026-04-21,541096165,3,0.0,3.0,2301.0
2026-04-21,541096167,16,0.0,16.0,1680.0
2026-04-21,549254419,1,0.0,1.0,1578.0
2026-04-21,681642682,1,0.0,1.0,1750.0
2026-04-21,715890126,1,0.0,1.0,1400.0
2026-04-21,715890128,1,0.0,1.0,1560.0
2026-04-21,724729234,1,0.0,1.0,1640.0
2026-04-21,732543827,2,0.0,2.0,850.0
2026-04-21,732543829,2,0.0,2.0,875.0
2026-04-21,756653629,2,0.0,2.0,2250.0
2026-04-21,760169673,1,0.0,1.0,1550.0
2026-04-21,760169674,2,0.0,2.0,1300.0
2026-04-21,760169675,2,0.0,2.0,775.0
2026-04-21,760169676,1,0.0,1.0,1650.0
2026-04-21,760323301,22,0.0,22.0,1750.0
2026-04-21,760323302,12,1.0,11.0,2074.3333333333335
2026-04-21,760323303,12,0.0,12.0,2000.0
2026-04-21,760323304,22,2.0,20.0,2159.093636363636
2026-04-21,760323305,14,3.0,11.0,2400.0
2026-04-21,760323306,4,0.0,4.0,2550.0
2026-04-21,760323307,16,1.0,15.0,1950.0
2026-04-21,775902154,5,0.0,5.0,1100.0
2026-04-21,775902156,1,0.0,1.0,1000.0
2026-04-21,775902158,1,0.0,1.0,1000.0
2026-04-21,775902160,1,0.0,1.0,1000.0
2026-04-21,783403723,17,2.0,15.0,2250.0394117647056
2026-04-21,783403724,12,0.0,12.0,2016.6666666666667
2026-04-21,783403725,31,0.0,31.0,2024.1935483870968
2026-04-21,788921071,32,0.0,32.0,1967.189375
2026-04-21,788921072,17,2.0,15.0,1950.0
2026-04-21,788921073,17,5.0,12.0,2050.0
2026-04-21,788940601,1,1.0,0.0,3550.0
2026-04-21,788940602,5,0.0,5.0,3083.3333333333335
2026-04-21,788940603,2,0.0,2.0,3700.0
2026-04-21,788940604,5,0.0,5.0,3500.0
2026-04-21,788946367,16,1.0,15.0,2000.0
2026-04-21,789090595,13,0.0,13.0,1800.0076923076922
2026-04-21,789090596,8,1.0,7.0,1800.0125
2026-04-21,789090597,16,0.0,16.0,1850.0
2026-04-21,789090598,8,3.0,5.0,1850.0
2026-04-21,790500903,25,4.0,21.0,2008.0004000000001
2026-04-21,790500904,18,2.0,16.0,1605.5505555555555
2026-04-21,790500905,36,2.0,34.0,1852.7475675675676
2026-04-21,790943351,8,0.0,8.0,1280.0
2026-04-21,790943352,2,0.0,2.0,1800.0
2026-04-21,796326738,2,0.0,2.0,784.0
2026-04-21,796420739,2,0.0,2.0,780.0
2026-04-21,796420740,3,0.0,3.0,640.0
2026-04-21,796420741,7,0.0,7.0,640.0
2026-04-21,796583762,4,0.0,4.0,2100.0
2026-04-21,796583763,1,0.0,1.0,2100.0
2026-04-21,800256397,1,0.0,1.0,3800.0
2026-04-21,800256398,3,0.0,3.0,3800.0
2026-04-21,800270333,8,2.0,6.0,3912.48375
2026-04-21,800270334,20,2.0,18.0,4000.0025
2026-04-21,800280518,6,0.0,6.0,2200.0
2026-04-21,800280519,5,0.0,5.0,2500.0
2026-04-21,806630258,1,0.0,1.0,1160.0
2026-04-21,847993700,6,0.0,6.0,975.0
2026-04-21,847993701,10,0.0,10.0,1136.3636363636363
2026-04-21,847993702,1,0.0,1.0,1050.0
2026-04-21,850497739,2,0.0,2.0,1124.9650000000001
2026-04-21,874138991,10,0.0,10.0,1020.0
2026-04-21,874138995,1,0.0,1.0,1000.0
2026-04-21,874196280,2,0.0,2.0,1240.0
2026-04-21,874196281,3,0.0,3.0,1440.0
2026-04-21,874196282,3,0.0,3.0,1440.0
2026-04-21,874196283,2,1.0,1.0,1440.0
2026-04-21,876141603,14,0.0,14.0,1573.3253333333334
2026-04-21,876141604,6,0.0,6.0,1600.0
2026-04-21,876141605,4,0.0,4.0,1560.0
2026-04-21,876141606,4,1.0,3.0,1600.0
2026-04-21,892583974,1,0.0,1.0,680.0
2026-04-21,892583975,2,0.0,2.0,679.97
2026-04-21,892643723,2,0.0,2.0,1520.0
2026-04-21,892643724,2,0.0,2.0,1480.0
2026-04-21,892657953,4,1.0,3.0,3600.0
2026-04-21,930762556,1,0.0,1.0,880.0
2026-04-22,218467926,1,0.0,1.0,1015.0
2026-04-22,220796910,1,0.0,1.0,1055.0
2026-04-22,220796916,20,0.0,20.0,1184.0
2026-04-22,220796924,4,0.0,4.0,1085.0
2026-04-22,221217363,1,0.0,1.0,1206.0
2026-04-22,223302777,4,0.0,4.0,1239.0
2026-04-22,247803775,25,1.0,24.0,1363.9796
2026-04-22,247803776,12,1.0,11.0,1285.0
2026-04-22,248166626,153,3.0,150.0,1959.5401307189543
2026-04-22,248173261,67,2.0,65.0,1870.1089552238807
2026-04-22,248591628,11,2.0,9.0,1825.0
2026-04-22,248591629,1,0.0,1.0,1806.0
2026-04-22,248639013,71,5.0,66.0,1760.0025352112675
2026-04-22,248639014,27,0.0,27.0,1869.9977777777779
2026-04-22,251889894,8,0.0,8.0,1868.0
2026-04-22,253236688,1,0.0,1.0,1584.0
2026-04-22,253237666,1,0.0,1.0,1845.0
2026-04-22,262596137,1,0.0,1.0,879.0
2026-04-22,278278778,1,0.0,1.0,1815.0
2026-04-22,286985384,2,0.0,2.0,1660.0
2026-04-22,286985385,1,0.0,1.0,1660.0
2026-04-22,296818633,10,1.0,9.0,842.983
2026-04-22,300294506,5,0.0,5.0,1594.1666666666667
2026-04-22,300294507,6,0.0,6.0,1742.0
2026-04-22,331575070,9,1.0,8.0,1273.9844444444445
2026-04-22,331575073,1,0.0,1.0,1297.0
2026-04-22,331575074,15,0.0,15.0,1206.565
2026-04-22,331575075,15,1.0,14.0,1124.1176470588234
2026-04-22,337308569,1,0.0,1.0,1751.0
2026-04-22,366760796,1,0.0,1.0,1230.0
2026-04-22,366760798,2,0.0,2.0,1243.0
2026-04-22,366813884,2,0.0,2.0,1235.0
2026-04-22,366813885,2,1.0,1.0,1245.0
2026-04-22,370413854,2,0.0,2.0,1424.0
2026-04-22,377242345,1,0.0,1.0,1134.0
2026-04-22,377242549,1,0.0,1.0,1503.0
2026-04-22,384494968,9,0.0,9.0,1250.0
2026-04-22,444461581,18,0.0,18.0,1851.9883333333335
2026-04-22,451093486,2,0.0,2.0,1271.0
2026-04-22,462870185,26,0.0,26.0,1646.716923076923
2026-04-22,462870186,19,4.0,15.0,2161.2631578947367
2026-04-22,467007550,16,0.0,16.0,1811.764705882353
2026-04-22,468506772,8,0.0,8.0,1862.0
2026-04-22,468506773,12,0.0,12.0,1987.0
2026-04-22,471342171,8,0.0,8.0,3782.0
2026-04-22,474397318,48,5.0,43.0,1835.0254166666666
2026-04-22,474629420,31,4.0,27.0,1667.9125806451614
2026-04-22,475748707,45,3.0,42.0,2027.0
2026-04-22,475759397,8,1.0,7.0,1957.0
2026-04-22,480012919,1,0.0,1.0,931.19
2026-04-22,488493915,6,1.0,5.0,3702.0
2026-04-22,504801009,1,1.0,0.0,800.0
2026-04-22,516856408,20,0.0,20.0,2074.2738095238096
2026-04-22,541096165,3,0.0,3.0,2301.0
2026-04-22,541096167,9,1.0,8.0,1679.9866666666667
2026-04-22,549254419,1,0.0,1.0,1578.0
2026-04-22,732543827,1,0.0,1.0,1700.0
2026-04-22,732543829,5,0.0,5.0,1750.0
2026-04-22,759970497,1,0.0,1.0,1300.0
2026-04-22,760169674,2,0.0,2.0,1300.0
2026-04-22,760169675,2,0.0,2.0,1550.0
2026-04-22,760323301,15,0.0,15.0,1750.0
2026-04-22,760323302,15,1.0,14.0,1994.5882352941176
2026-04-22,760323303,11,0.0,11.0,1850.0
2026-04-22,760323304,26,0.0,26.0,2150.0015384615385
2026-04-22,760323305,11,0.0,11.0,2400.0
2026-04-22,760323306,8,1.0,7.0,2531.25
2026-04-22,760323307,19,1.0,18.0,1950.0
2026-04-22,775902154,3,0.0,3.0,1100.0
2026-04-22,775902156,1,0.0,1.0,1000.0
2026-04-22,775902158,1,0.0,1.0,1000.0
2026-04-22,783403723,22,3.0,19.0,2250.075909090909
2026-04-22,783403724,15,3.0,12.0,2016.6666666666667
2026-04-22,783403725,23,0.0,23.0,2012.5008333333333
2026-04-22,788921071,38,0.0,38.0,1965.8192105263158
2026-04-22,788921072,11,0.0,11.0,1950.0
2026-04-22,788921073,23,5.0,18.0,2067.388695652174
2026-04-22,788940601,1,1.0,0.0,3550.0
2026-04-22,788940602,5,0.0,5.0,3700.0
2026-04-22,788940603,5,0.0,5.0,3700.0
2026-04-22,788940604,5,2.0,3.0,3500.0
2026-04-22,788946367,18,1.0,17.0,1894.737894736842
2026-04-22,789090595,12,3.0,9.0,1800.015
2026-04-22,789090596,6,0.0,6.0,1800.0
2026-04-22,789090597,16,2.0,14.0,1850.000625
2026-04-22,789090598,11,1.0,10.0,1850.0290909090909
2026-04-22,790500903,30,2.0,28.0,2006.6666666666667
2026-04-22,790500904,23,3.0,20.0,1600.0
2026-04-22,790500905,42,3.0,39.0,1900.0435714285716
2026-04-22,790943351,5,0.0,5.0,1280.0
2026-04-22,796420739,1,0.0,1.0,840.0
2026-04-22,796420740,6,0.0,6.0,639.9866666666667
2026-04-22,796420741,3,0.0,3.0,640.14
2026-04-22,796583762,4,0.0,4.0,2100.0
2026-04-22,796583763,1,0.0,1.0,2100.0
2026-04-22,800256397,1,0.0,1.0,3800.0
2026-04-22,800270333,9,1.0,8.0,3933.318888888889
2026-04-22,800270334,23,2.0,21.0,4000.0
2026-04-22,800280518,6,0.0,6.0,2199.98
2026-04-22,800280519,7,1.0,6.0,2500.0
2026-04-22,847993700,1,0.0,1.0,975.0
2026-04-22,847993701,9,0.0,9.0,1250.0
2026-04-22,847993702,1,0.0,1.0,1050.0
2026-04-22,850497739,1,0.0,1.0,1125.0
2026-04-22,874138991,2,0.0,2.0,1000.0
2026-04-22,874138996,1,0.0,1.0,960.0
2026-04-22,874196280,5,1.0,4.0,1000.0
2026-04-22,874196282,4,0.0,4.0,1440.0
2026-04-22,874196283,6,0.0,6.0,1441.1983333333335
2026-04-22,876141603,10,0.0,10.0,1688.0
2026-04-22,876141604,2,1.0,1.0,1600.0
2026-04-22,876141605,4,0.0,4.0,1536.0
2026-04-22,876141606,8,0.0,8.0,1600.0
2026-04-22,876153167,1,0.0,1.0,1080.0
2026-04-22,892583974,1,0.0,1.0,680.0
2026-04-22,892583975,3,0.0,3.0,680.0
2026-04-22,892643723,1,0.0,1.0,1520.0
2026-04-22,892643724,5,0.0,5.0,1480.0
2026-04-22,892657953,4,1.0,3.0,3600.0
2026-04-22,930762556,1,0.0,1.0,880.0
2026-04-23,218467926,1,0.0,1.0,1015.0
2026-04-23,220783128,1,0.0,1.0,1520.0
2026-04-23,220796916,13,1.0,12.0,1184.056923076923
2026-04-23,220796924,1,0.0,1.0,1085.0
2026-04-23,221217363,1,0.0,1.0,1206.0
2026-04-23,223302777,2,0.0,2.0,1239.0
2026-04-23,223615358,1,0.0,1.0,1622.0
2026-04-23,247803775,10,2.0,8.0,1239.9418181818182
2026-04-23,247803776,14,1.0,13.0,1285.0464285714286
2026-04-23,248166626,158,3.0,155.0,1942.9035220125784
2026-04-23,248173261,61,7.0,54.0,1885.8461290322582
2026-04-23,248591628,7,2.0,5.0,1825.0214285714285
2026-04-23,248591629,6,0.0,6.0,1806.0
2026-04-23,248639013,68,1.0,67.0,1760.008088235294
2026-04-23,248639014,26,1.0,25.0,1869.9888461538462
2026-04-23,251889894,5,0.0,5.0,1868.0
2026-04-23,253237666,1,0.0,1.0,1845.0
2026-04-23,262595711,1,0.0,1.0,1116.0
2026-04-23,278278778,2,0.0,2.0,1815.03
2026-04-23,278837544,1,0.0,1.0,1012.0
2026-04-23,286985384,1,0.0,1.0,1660.0
2026-04-23,286985385,1,0.0,1.0,1660.0
2026-04-23,296818633,16,0.0,16.0,842.993125
2026-04-23,300294506,7,0.0,7.0,1912.9342857142858
2026-04-23,300294507,3,0.0,3.0,1742.0
2026-04-23,315032004,1,0.0,1.0,1467.0
2026-04-23,331575070,9,1.0,8.0,1274.0
2026-04-23,331575073,2,1.0,1.0,1297.0
2026-04-23,331575074,6,1.0,5.0,1287.0
2026-04-23,331575075,8,1.0,7.0,1273.9524999999999
2026-04-23,337308569,2,0.0,2.0,1751.0
2026-04-23,366760796,1,1.0,0.0,1230.0
2026-04-23,366760798,1,0.0,1.0,1243.0
2026-04-23,366813879,1,0.0,1.0,952.0
2026-04-23,366813884,3,0.0,3.0,1235.0
2026-04-23,366813885,1,0.0,1.0,1245.0
2026-04-23,366822992,1,0.0,1.0,1108.0
2026-04-23,366822994,1,0.0,1.0,900.0
2026-04-23,384494968,13,0.0,13.0,1249.996923076923
2026-04-23,384494969,1,0.0,1.0,1176.0
2026-04-23,444461581,29,2.0,27.0,1852.0
2026-04-23,451093486,1,0.0,1.0,1271.0
2026-04-23,462870185,24,2.0,22.0,1647.3333333333333
2026-04-23,462870186,13,1.0,12.0,2205.6923076923076
2026-04-23,467007550,13,2.0,11.0,1787.5
2026-04-23,468506772,3,1.0,2.0,1862.0
2026-04-23,468506773,5,0.0,5.0,1968.0
2026-04-23,471342171,11,1.0,10.0,3781.9890909090905
2026-04-23,474397318,58,2.0,56.0,1835.0300000000002
2026-04-23,474629420,23,2.0,21.0,1668.9030434782608
2026-04-23,475748707,44,5.0,39.0,2027.0252272727273
2026-04-23,475759397,8,0.0,8.0,1957.0
2026-04-23,488493915,1,0.0,1.0,3702.0
2026-04-23,504801009,1,0.0,1.0,800.0
2026-04-23,516856408,14,0.0,14.0,2142.6428571428573
2026-04-23,541096165,7,0.0,7.0,2301.0
2026-04-23,541096167,9,0.0,9.0,1679.9866666666667
2026-04-23,649988707,2,0.0,2.0,1800.0
2026-04-23,681642682,3,0.0,3.0,1750.0
2026-04-23,715890126,2,0.0,2.0,1400.0
2026-04-23,715890127,1,0.0,1.0,1440.0
2026-04-23,732543825,2,0.0,2.0,1650.0
2026-04-23,732543829,3,0.0,3.0,1749.9733333333334
2026-04-23,756653629,3,0.0,3.0,2250.0
2026-04-23,760169674,1,0.0,1.0,1300.0
2026-04-23,760169675,1,0.0,1.0,1550.0
2026-04-23,760323301,19,0.0,19.0,1750.002105263158
2026-04-23,760323302,11,2.0,9.0,2262.9190909090908
2026-04-23,760323303,18,1.0,17.0,2000.0
2026-04-23,760323304,14,0.0,14.0,2150.0
2026-04-23,760323305,5,0.0,5.0,2400.0
2026-04-23,760323306,3,1.0,2.0,2550.0
2026-04-23,760323307,9,1.0,8.0,1950.0122222222224
2026-04-23,775902154,2,0.0,2.0,1100.0
2026-04-23,775902156,1,0.0,1.0,1000.0
2026-04-23,775902157,1,0.0,1.0,1000.0
2026-04-23,783403723,18,2.0,16.0,2250.0
2026-04-23,783403724,9,0.0,9.0,1790.0
2026-04-23,783403725,14,1.0,13.0,2014.2857142857142
2026-04-23,788921071,48,5.0,43.0,1949.9979166666665
2026-04-23,788921072,13,1.0,12.0,1934.6153846153845
2026-04-23,788921073,22,2.0,20.0,2059.0945454545454
2026-04-23,788940601,3,0.0,3.0,3550.0
2026-04-23,788940602,8,0.0,8.0,3700.0
2026-04-23,788940603,5,1.0,4.0,3700.0
2026-04-23,788940604,2,0.0,2.0,3500.0
2026-04-23,788946367,20,0.0,20.0,2000.0005
2026-04-23,789090595,11,0.0,11.0,1800.0
2026-04-23,789090596,7,0.0,7.0,1800.0071428571428
2026-04-23,789090597,18,3.0,15.0,1849.993888888889
2026-04-23,789090598,6,0.0,6.0,1850.0
2026-04-23,790500903,32,1.0,31.0,2046.87125
2026-04-23,790500904,19,1.0,18.0,1605.2536842105262
2026-04-23,790500905,34,0.0,34.0,1899.999117647059
2026-04-23,790943351,7,0.0,7.0,1280.0
2026-04-23,790943352,2,0.0,2.0,1800.0
2026-04-23,796326738,1,0.0,1.0,784.0
2026-04-23,796420739,5,0.0,5.0,815.988
2026-04-23,796420740,8,0.0,8.0,640.0
2026-04-23,796420741,1,0.0,1.0,640.0
2026-04-23,796583762,2,0.0,2.0,2100.0
2026-04-23,796583763,1,0.0,1.0,2100.0
2026-04-23,800256397,1,0.0,1.0,3800.0
2026-04-23,800256398,1,0.0,1.0,3800.0
2026-04-23,800270333,16,0.0,16.0,3912.491875
2026-04-23,800270334,18,0.0,18.0,3999.9994444444446
2026-04-23,800280518,6,0.0,6.0,2200.0
2026-04-23,800280519,6,0.0,6.0,2499.9933333333333
2026-04-23,847993700,3,1.0,2.0,1016.6666666666666
2026-04-23,847993701,10,0.0,10.0,1250.0
2026-04-23,850497739,1,0.0,1.0,1125.0
2026-04-23,874138991,3,0.0,3.0,1000.0
2026-04-23,874138995,1,0.0,1.0,1000.0
2026-04-23,874196280,6,0.0,6.0,1200.0
2026-04-23,874196281,6,0.0,6.0,1413.3333333333333
2026-04-23,874196282,4,3.0,1.0,1440.0
2026-04-23,874196283,4,0.0,4.0,1440.0
2026-04-23,876141603,10,1.0,9.0,1680.0
2026-04-23,876141604,7,1.0,6.0,1600.0085714285713
2026-04-23,876141605,5,1.0,4.0,1540.794
2026-04-23,876141606,4,1.0,3.0,1600.0
2026-04-23,892583974,1,0.0,1.0,680.0
2026-04-23,892583975,1,0.0,1.0,680.0
2026-04-23,892643724,6,0.0,6.0,1480.0
2026-04-23,892657953,2,1.0,1.0,3600.0
2026-04-23,929323174,1,0.0,1.0,1500.0
2026-04-24,220796916,12,0.0,12.0,1184.0
2026-04-24,220796924,4,0.0,4.0,1085.0
2026-04-24,223615358,5,0.0,5.0,1622.0
2026-04-24,247803775,13,0.0,13.0,1364.0
2026-04-24,247803776,16,2.0,14.0,1285.00875
2026-04-24,248166626,144,3.0,141.0,1956.7576388888888
2026-04-24,248173261,73,5.0,68.0,1920.7094520547946
2026-04-24,248591628,11,0.0,11.0,1825.0
2026-04-24,248591629,3,0.0,3.0,1806.0
2026-04-24,248639013,66,1.0,65.0,1733.7331343283581
2026-04-24,248639014,25,2.0,23.0,1869.9951999999998
2026-04-24,251889892,1,0.0,1.0,1658.0
2026-04-24,251889894,5,2.0,3.0,1868.0040000000001
2026-04-24,258850894,1,0.0,1.0,666.0
2026-04-24,262596137,1,0.0,1.0,879.0
2026-04-24,278278778,1,0.0,1.0,1815.0
2026-04-24,286985384,4,0.0,4.0,1660.0
2026-04-24,286985385,4,0.0,4.0,1660.0
2026-04-24,296818633,18,0.0,18.0,842.9938888888888
2026-04-24,300294506,6,1.0,5.0,1913.0
2026-04-24,300294507,3,1.0,2.0,1742.0
2026-04-24,331575070,11,1.0,10.0,1274.0072727272727
2026-04-24,331575073,2,0.0,2.0,1297.0
2026-04-24,331575074,17,1.0,16.0,1151.5263157894738
2026-04-24,331575075,7,5.0,2.0,1274.0
2026-04-24,337308569,4,1.0,3.0,1751.0
2026-04-24,366760796,2,0.0,2.0,1230.0
2026-04-24,366760798,1,0.0,1.0,1243.0
2026-04-24,366813879,1,0.0,1.0,952.0
2026-04-24,366813884,1,0.0,1.0,1235.0
2026-04-24,366813885,2,0.0,2.0,1245.0
2026-04-24,366813891,1,0.0,1.0,1170.0
2026-04-24,370413854,1,0.0,1.0,1424.0
2026-04-24,377241928,1,0.0,1.0,1062.0
2026-04-24,377242549,1,0.0,1.0,1503.0
2026-04-24,384494968,10,1.0,9.0,1250.0
2026-04-24,444461581,26,1.0,25.0,1851.9765384615384
2026-04-24,451093486,2,0.0,2.0,1271.0
2026-04-24,462870185,32,0.0,32.0,1645.625
2026-04-24,462870186,21,1.0,20.0,2239.1847619047617
2026-04-24,467007550,17,3.0,14.0,1925.0
2026-04-24,468506772,8,0.0,8.0,1862.0
2026-04-24,468506773,6,0.0,6.0,1968.0
2026-04-24,471342171,8,0.0,8.0,3782.0
2026-04-24,474397318,50,0.0,50.0,1835.749
2026-04-24,474629420,34,3.0,31.0,1620.000857142857
2026-04-24,475748707,61,2.0,59.0,2027.0119672131148
2026-04-24,475759397,9,1.0,8.0,1957.0
2026-04-24,488493915,4,0.0,4.0,3702.0025
2026-04-24,504801009,1,0.0,1.0,800.0
2026-04-24,516856408,30,1.0,29.0,2151.6
2026-04-24,528912182,1,0.0,1.0,876.0
2026-04-24,528912186,1,0.0,1.0,832.0
2026-04-24,541096165,2,0.0,2.0,2301.0
2026-04-24,541096167,20,0.0,20.0,1679.9945
2026-04-24,681642682,3,0.0,3.0,1750.0
2026-04-24,715890126,1,0.0,1.0,1400.0
2026-04-24,715890128,1,0.0,1.0,1560.0
2026-04-24,732543825,1,0.0,1.0,1650.0
2026-04-24,732543829,1,0.0,1.0,1750.0
2026-04-24,756653629,5,0.0,5.0,2250.0
2026-04-24,760169672,2,0.0,2.0,1500.0
2026-04-24,760169674,5,0.0,5.0,1300.0
2026-04-24,760169675,1,0.0,1.0,1550.0
2026-04-24,760169676,1,0.0,1.0,1649.9
2026-04-24,760323301,20,0.0,20.0,1750.0
2026-04-24,760323302,13,2.0,11.0,2269.076923076923
2026-04-24,760323303,21,2.0,19.0,2019.0485714285712
2026-04-24,760323304,21,3.0,18.0,2052.28
2026-04-24,760323305,14,0.0,14.0,2400.0
2026-04-24,760323306,13,0.0,13.0,2403.846153846154
2026-04-24,760323307,24,0.0,24.0,1950.0241666666668
2026-04-24,775902154,5,0.0,5.0,1100.0
2026-04-24,775902157,1,0.0,1.0,1000.0
2026-04-24,775902160,1,0.0,1.0,1000.0
2026-04-24,783403723,10,1.0,9.0,2250.0
2026-04-24,783403724,16,0.0,16.0,1906.25
2026-04-24,783403725,33,1.0,32.0,2000.0006060606063
2026-04-24,788921071,31,5.0,26.0,1871.875
2026-04-24,788921072,13,2.0,11.0,1911.5384615384614
2026-04-24,788921073,30,0.0,30.0,1983.867741935484
2026-04-24,788940601,1,1.0,0.0,3550.0
2026-04-24,788940602,7,1.0,6.0,3700.0
2026-04-24,788940603,7,0.0,7.0,3700.0
2026-04-24,788940604,3,0.0,3.0,3500.0
2026-04-24,788946367,21,2.0,19.0,1985.7309523809522
2026-04-24,789090595,8,1.0,7.0,1799.995
2026-04-24,789090596,11,1.0,10.0,1800.0045454545455
2026-04-24,789090597,22,3.0,19.0,1769.5678260869565
2026-04-24,789090598,10,0.0,10.0,1850.0
2026-04-24,790500903,47,0.0,47.0,2038.294255319149
2026-04-24,790500904,23,1.0,22.0,1606.5395652173916
2026-04-24,790500905,31,3.0,28.0,1909.6987096774194
2026-04-24,790943351,11,0.0,11.0,1280.0
2026-04-24,796326738,3,0.0,3.0,789.3333333333334
2026-04-24,796420739,3,0.0,3.0,760.0
2026-04-24,796420740,7,0.0,7.0,640.0
2026-04-24,796420741,3,0.0,3.0,640.0033333333333
2026-04-24,796583761,2,0.0,2.0,2100.0
2026-04-24,796583762,1,0.0,1.0,2100.0
2026-04-24,796583763,2,0.0,2.0,2100.0
2026-04-24,800256397,4,0.0,4.0,3800.0
2026-04-24,800256398,2,0.0,2.0,3800.0
2026-04-24,800270333,18,2.0,16.0,3941.6666666666665
2026-04-24,800270334,32,5.0,27.0,4000.0
2026-04-24,800280518,6,1.0,5.0,2216.6666666666665
2026-04-24,800280519,4,1.0,3.0,2500.0
2026-04-24,847993700,3,0.0,3.0,975.0
2026-04-24,847993701,12,0.0,12.0,1250.0483333333334
2026-04-24,847993702,3,0.0,3.0,1050.0366666666666
2026-04-24,850497739,3,0.0,3.0,1124.8933333333334
2026-04-24,874138991,4,0.0,4.0,1000.03
2026-04-24,874138995,2,0.0,2.0,1000.0
2026-04-24,874196280,3,0.0,3.0,1200.0
2026-04-24,874196281,9,0.0,9.0,1404.4444444444443
2026-04-24,874196282,3,0.0,3.0,1439.9833333333333
2026-04-24,874196283,7,0.0,7.0,1440.0
2026-04-24,876141603,15,0.0,15.0,1690.6666666666667
2026-04-24,876141604,11,0.0,11.0,1600.0
2026-04-24,876141605,5,0.0,5.0,1540.8
2026-04-24,876141606,6,0.0,6.0,1599.9833333333333
2026-04-24,892583974,1,0.0,1.0,680.0
2026-04-24,892643724,3,0.0,3.0,1109.99
2026-04-24,892657953,3,0.0,3.0,3600.0
2026-04-24,930762556,2,0.0,2.0,880.0
2026-04-25,218456964,1,0.0,1.0,902.0
2026-04-25,220783128,1,0.0,1.0,1520.0
2026-04-25,220796916,7,0.0,7.0,1184.0171428571427
2026-04-25,220796924,4,0.0,4.0,1085.0
2026-04-25,221216505,1,0.0,1.0,1703.0
2026-04-25,221217363,3,0.0,3.0,1206.0
2026-04-25,223302777,2,0.0,2.0,1239.0
2026-04-25,223615358,3,0.0,3.0,1621.99
2026-04-25,247803775,15,1.0,14.0,1363.9026666666666
2026-04-25,247803776,11,0.0,11.0,1285.0272727272727
2026-04-25,248166626,110,5.0,105.0,1919.1488392857143
2026-04-25,248173261,49,6.0,43.0,1939.8469387755101
2026-04-25,248591628,10,1.0,9.0,1825.0
2026-04-25,248591629,7,0.0,7.0,1806.0
2026-04-25,248639013,75,2.0,73.0,1760.004
2026-04-25,248639014,20,1.0,19.0,1870.0
2026-04-25,251889892,2,0.0,2.0,1658.0
2026-04-25,251889894,7,2.0,5.0,1868.0
2026-04-25,278278778,1,0.0,1.0,1815.0
2026-04-25,278837827,1,0.0,1.0,918.0
2026-04-25,286985385,2,0.0,2.0,1660.0
2026-04-25,296818633,10,0.0,10.0,843.0
2026-04-25,300294506,1,2.0,-1.0,1913.0
2026-04-25,331575070,6,1.0,5.0,1274.0
2026-04-25,331575074,19,1.0,18.0,1286.9947368421053
2026-04-25,331575075,6,0.0,6.0,1274.0
2026-04-25,337308569,2,0.0,2.0,1751.0
2026-04-25,366760796,2,0.0,2.0,1230.0
2026-04-25,366813884,3,0.0,3.0,1235.0
2026-04-25,370413854,2,0.0,2.0,1424.0
2026-04-25,377242549,1,0.0,1.0,1503.0
2026-04-25,384494968,10,0.0,10.0,1249.973
2026-04-25,384494969,3,0.0,3.0,1176.0
2026-04-25,412079857,1,0.0,1.0,546.0
2026-04-25,444461581,14,1.0,13.0,1852.0
2026-04-25,462870185,19,0.0,19.0,1654.5263157894738
2026-04-25,462870186,26,2.0,24.0,2200.4814814814813
2026-04-25,467007550,14,0.0,14.0,1924.9864285714286
2026-04-25,468506772,3,0.0,3.0,1862.0
2026-04-25,468506773,8,0.0,8.0,1996.35375
2026-04-25,471342171,6,0.0,6.0,3782.0
2026-04-25,474397318,58,1.0,57.0,1803.9183050847457
2026-04-25,474629420,21,1.0,20.0,1665.0157142857145
2026-04-25,475748707,36,0.0,36.0,2027.0197222222223
2026-04-25,475759397,11,0.0,11.0,1957.0
2026-04-25,488493915,3,0.0,3.0,3702.0
2026-04-25,504801009,3,0.0,3.0,800.0
2026-04-25,516856408,21,2.0,19.0,2126.1400000000003
2026-04-25,528912182,1,0.0,1.0,876.0
2026-04-25,528912186,1,0.0,1.0,832.0
2026-04-25,541096165,1,1.0,0.0,2301.0
2026-04-25,541096167,8,0.0,8.0,1679.99125
2026-04-25,681642682,1,0.0,1.0,1750.0
2026-04-25,715890127,1,0.0,1.0,720.0
2026-04-25,715890128,1,0.0,1.0,1560.0
2026-04-25,732543829,7,0.0,7.0,1531.25
2026-04-25,756653629,3,1.0,2.0,2250.0
2026-04-25,759970497,1,0.0,1.0,1300.0
2026-04-25,760169674,5,0.0,5.0,1083.3333333333333
2026-04-25,760169675,1,0.0,1.0,1550.0
2026-04-25,760323301,19,0.0,19.0,1583.33
2026-04-25,760323302,4,0.0,4.0,2254.0
2026-04-25,760323303,18,2.0,16.0,2000.003888888889
2026-04-25,760323304,16,1.0,15.0,1988.24
2026-04-25,760323305,7,1.0,6.0,2400.0
2026-04-25,760323306,7,0.0,7.0,2278.5714285714284
2026-04-25,760323307,21,0.0,21.0,1949.9904761904763
2026-04-25,775902154,2,0.0,2.0,1100.0
2026-04-25,775902158,1,0.0,1.0,1000.0
2026-04-25,783403723,13,1.0,12.0,2250.0084615384617
2026-04-25,783403724,21,2.0,19.0,1902.3714285714286
2026-04-25,783403725,18,0.0,18.0,2011.111111111111
2026-04-25,788921071,31,3.0,28.0,1912.8783870967743
2026-04-25,788921072,5,1.0,4.0,1870.0
2026-04-25,788921073,28,2.0,26.0,1979.3096551724138
2026-04-25,788940601,5,0.0,5.0,3550.0
2026-04-25,788940602,4,0.0,4.0,3700.0
2026-04-25,788940603,2,0.0,2.0,3700.0
2026-04-25,788940604,4,2.0,2.0,3500.0
2026-04-25,788946367,13,1.0,12.0,1942.3076923076924
2026-04-25,789090595,10,1.0,9.0,1800.0
2026-04-25,789090596,9,2.0,7.0,1799.9877777777776
2026-04-25,789090597,22,2.0,20.0,1769.5652173913043
2026-04-25,789090598,9,1.0,8.0,1850.0
2026-04-25,790500903,23,2.0,21.0,2026.1026086956522
2026-04-25,790500904,19,0.0,19.0,1602.6315789473683
2026-04-25,790500905,30,3.0,27.0,1900.0
2026-04-25,790943351,3,1.0,2.0,1280.0
2026-04-25,790943352,1,0.0,1.0,1800.0
2026-04-25,796326738,1,0.0,1.0,784.0
2026-04-25,796420739,2,0.0,2.0,840.0
2026-04-25,796420740,7,0.0,7.0,640.0071428571429
2026-04-25,796420741,3,0.0,3.0,640.0
2026-04-25,796583761,1,0.0,1.0,2100.0
2026-04-25,796583762,3,1.0,2.0,2100.0
2026-04-25,800256397,1,0.0,1.0,3800.0
2026-04-25,800270333,9,1.0,8.0,3933.3333333333335
2026-04-25,800270334,37,0.0,37.0,4000.0
2026-04-25,800280518,6,0.0,6.0,2199.985
2026-04-25,800280519,10,0.0,10.0,2500.0
2026-04-25,806630258,1,0.0,1.0,1160.0
2026-04-25,847993701,9,0.0,9.0,1250.0111111111112
2026-04-25,847993702,2,0.0,2.0,1050.0
2026-04-25,874138991,6,0.0,6.0,1000.0
2026-04-25,874138995,1,0.0,1.0,1000.0
2026-04-25,874138998,1,0.0,1.0,1520.0
2026-04-25,874196280,6,0.0,6.0,1022.8571428571429
2026-04-25,874196281,7,0.0,7.0,1428.5714285714287
2026-04-25,874196282,4,0.0,4.0,1440.0
2026-04-25,874196283,7,0.0,7.0,1434.2857142857142
2026-04-25,876141603,14,1.0,13.0,1680.0
2026-04-25,876141604,7,1.0,6.0,1600.0
2026-04-25,876141605,3,0.0,3.0,1146.0
2026-04-25,876141606,10,0.0,10.0,1599.988
2026-04-25,892583975,2,0.0,2.0,680.0
2026-04-25,892643724,2,0.0,2.0,986.6666666666666
2026-04-25,892657953,6,0.0,6.0,3600.0
2026-04-25,892671536,1,0.0,1.0,1400.0
2026-04-25,892671537,2,0.0,2.0,1435.0
2026-04-25,930762556,1,0.0,1.0,880.0
2026-04-26,218467926,2,0.0,2.0,1015.0
2026-04-26,220783128,1,0.0,1.0,1520.0
2026-04-26,220796910,4,0.0,4.0,1055.0
2026-04-26,220796916,11,0.0,11.0,1184.0
2026-04-26,220796924,1,0.0,1.0,1085.0
2026-04-26,221216935,1,0.0,1.0,1697.0
2026-04-26,221217363,2,0.0,2.0,1206.0
2026-04-26,223302777,2,0.0,2.0,1238.9099999999999
2026-04-26,223615358,4,0.0,4.0,1622.0
2026-04-26,247803775,11,1.0,10.0,1364.0
2026-04-26,247803776,18,0.0,18.0,1285.0072222222223
2026-04-26,248166626,129,3.0,126.0,1930.156076923077
2026-04-26,248173261,43,0.0,43.0,1871.0740909090907
2026-04-26,248591628,22,1.0,21.0,1825.0386363636362
2026-04-26,248591629,4,1.0,3.0,1806.0
2026-04-26,248639013,60,2.0,58.0,1759.9975000000002
2026-04-26,248639014,19,0.0,19.0,1870.0
2026-04-26,251889894,3,0.0,3.0,1868.0
2026-04-26,278278778,1,0.0,1.0,1815.0
2026-04-26,286985384,1,0.0,1.0,1660.0
2026-04-26,286985385,3,0.0,3.0,1660.0
2026-04-26,296818633,8,0.0,8.0,843.0
2026-04-26,300294506,7,0.0,7.0,1912.9385714285713
2026-04-26,315032004,1,1.0,0.0,1467.0
2026-04-26,331575070,9,0.0,9.0,1274.0
2026-04-26,331575073,3,0.0,3.0,1297.0
2026-04-26,331575074,15,3.0,12.0,1286.9946666666665
2026-04-26,331575075,11,1.0,10.0,1274.0
2026-04-26,337308569,2,0.0,2.0,1751.0
2026-04-26,366813879,1,0.0,1.0,952.0
2026-04-26,366813884,3,0.0,3.0,1235.0
2026-04-26,366813885,3,0.0,3.0,1245.0
2026-04-26,384494968,12,0.0,12.0,1250.0
2026-04-26,384494969,2,1.0,1.0,1175.95
2026-04-26,398499015,1,0.0,1.0,1160.0
2026-04-26,444461581,23,0.0,23.0,1774.7866666666666
2026-04-26,462870185,31,0.0,31.0,1656.9987096774194
2026-04-26,462870186,11,3.0,8.0,2263.4545454545455
2026-04-26,467007550,16,0.0,16.0,1811.7576470588235
2026-04-26,468506772,5,0.0,5.0,1862.0
2026-04-26,468506773,9,0.0,9.0,1968.0
2026-04-26,471342171,6,2.0,4.0,3782.0
2026-04-26,474397318,42,1.0,41.0,1835.0145238095238
2026-04-26,474629420,26,3.0,23.0,1665.018846153846
2026-04-26,475748707,41,2.0,39.0,2027.0448780487804
2026-04-26,475759397,14,0.0,14.0,1956.9928571428572
2026-04-26,488493915,7,1.0,6.0,3702.0
2026-04-26,504801009,1,0.0,1.0,800.0
2026-04-26,516856408,13,2.0,11.0,1972.9285714285713
2026-04-26,541096165,3,0.0,3.0,2301.0
2026-04-26,541096167,10,1.0,9.0,1680.0
2026-04-26,681642682,3,0.0,3.0,1750.0
2026-04-26,715890126,2,0.0,2.0,1400.0
2026-04-26,724729234,1,0.0,1.0,1640.0
2026-04-26,732543825,2,0.0,2.0,1650.0
2026-04-26,732543827,1,0.0,1.0,1700.0
2026-04-26,732543829,7,0.0,7.0,1749.9914285714287
2026-04-26,756653629,3,0.0,3.0,2250.0
2026-04-26,760169674,1,0.0,1.0,1300.0
2026-04-26,760323301,18,0.0,18.0,1749.9955555555555
2026-04-26,760323302,7,0.0,7.0,2254.0
2026-04-26,760323303,17,0.0,17.0,2008.8294117647058
2026-04-26,760323304,10,0.0,10.0,2090.0
2026-04-26,760323305,7,1.0,6.0,2400.0
2026-04-26,760323306,8,1.0,7.0,2250.0
2026-04-26,760323307,9,1.0,8.0,1595.4545454545455
2026-04-26,775902154,1,0.0,1.0,1100.0
2026-04-26,775902160,1,0.0,1.0,1000.0
2026-04-26,783403723,18,0.0,18.0,2250.0
2026-04-26,783403724,16,1.0,15.0,1758.8235294117646
2026-04-26,783403725,20,0.0,20.0,2027.5080000000003
2026-04-26,788921071,30,2.0,28.0,1891.6666666666667
2026-04-26,788921072,14,3.0,11.0,1864.2857142857142
2026-04-26,788921073,28,0.0,28.0,2049.9957142857143
2026-04-26,788940601,3,0.0,3.0,3550.0
2026-04-26,788940602,7,1.0,6.0,3699.9928571428572
2026-04-26,788940603,3,0.0,3.0,3700.0
2026-04-26,788940604,3,1.0,2.0,3500.0
2026-04-26,788946367,21,3.0,18.0,1921.4285714285713
2026-04-26,789090595,4,1.0,3.0,1800.0
2026-04-26,789090596,5,1.0,4.0,1800.0
2026-04-26,789090597,12,0.0,12.0,1850.0041666666666
2026-04-26,789090598,11,1.0,10.0,1850.0
2026-04-26,790500903,32,1.0,31.0,2071.8753125
2026-04-26,790500904,18,0.0,18.0,1599.9922222222222
2026-04-26,790500905,34,0.0,34.0,1900.0017647058824
2026-04-26,790943351,3,0.0,3.0,1280.0
2026-04-26,796326738,4,0.0,4.0,788.0
2026-04-26,796420739,2,0.0,2.0,840.0
2026-04-26,796420740,3,0.0,3.0,640.28
2026-04-26,796420741,5,0.0,5.0,624.0
2026-04-26,796583762,2,0.0,2.0,2100.0
2026-04-26,796583763,1,0.0,1.0,2100.0
2026-04-26,800256397,1,1.0,0.0,3802.2
2026-04-26,800256398,1,0.0,1.0,3800.0
2026-04-26,800270333,10,1.0,9.0,3950.0
2026-04-26,800270334,31,2.0,29.0,4000.069677419355
2026-04-26,800280518,5,0.0,5.0,2220.0
2026-04-26,800280519,4,0.0,4.0,2500.0
2026-04-26,847993700,1,0.0,1.0,975.0
2026-04-26,847993701,6,0.0,6.0,1250.1066666666668
2026-04-26,847993702,2,0.0,2.0,1050.0
2026-04-26,874138991,11,0.0,11.0,1000.0018181818182
2026-04-26,874138995,5,0.0,5.0,1000.0040000000001
2026-04-26,874138996,1,0.0,1.0,760.0
2026-04-26,874196280,3,0.0,3.0,1186.6666666666667
2026-04-26,874196281,12,0.0,12.0,1406.7675
2026-04-26,874196282,1,0.0,1.0,1440.0
2026-04-26,874196283,9,0.0,9.0,1413.4388888888889
2026-04-26,876141603,14,1.0,13.0,1685.707142857143
2026-04-26,876141604,4,0.0,4.0,1590.0
2026-04-26,876141605,7,0.0,7.0,1512.0
2026-04-26,876141606,2,1.0,1.0,1599.955
2026-04-26,892643724,10,0.0,10.0,1480.0
2026-04-26,892657953,1,1.0,0.0,3600.0
2026-04-26,892671536,1,0.0,1.0,1400.0
2026-04-26,892671537,2,0.0,2.0,956.6666666666666
2026-04-26,930762552,1,0.0,1.0,1200.0
2026-04-26,930762554,1,0.0,1.0,1200.0
2026-04-26,930762555,1,0.0,1.0,1200.0
2026-04-26,954881137,1,0.0,1.0,1740.0
